Order ID,Order Date,Customer ID,Salesperson,Product ID,Quantity,Discount %,Order Status
ORD10066,01-01-2026,CUS1020,Sneha Rao,P002,1,0.0,Cancelled
ORD10757,01-01-2026,CUS1018,Priya Nair,P001,4,0.05,Completed
ORD10837,01-01-2026,CUS1020,Kiran Kumar,P009,4,0.1,Completed
ORD11073,01-01-2026,CUS1010,Vikram Singh,P007,1,0.05,Completed
ORD12160,01-01-2026,CUS1002,Rahul Verma,P004,3,0.1,Completed
ORD12336,01-01-2026,CUS1019,Vikram Singh,P004,2,0.0,Completed
ORD12673,01-01-2026,CUS1007,Amit Sharma,P004,8,0.05,Completed
ORD12749,01-01-2026,CUS1002,Rahul Verma,P008,5,0.1,Completed
ORD13011,01-01-2026,CUS1018,Amit Sharma,P001,1,0.05,Completed
ORD13302,01-01-2026,CUS1018,Rahul Verma,P002,1,0.0,Completed
ORD13833,01-01-2026,CUS1011,Kiran Kumar,P007,4,0.15,Completed
ORD14340,01-01-2026,CUS1020,Vikram Singh,P006,3,0.05,Completed
ORD14408,01-01-2026,CUS1019,Vikram Singh,P009,1,0.1,Completed
ORD10822,02-01-2026,CUS1018,Anjali Mehta,P009,2,0.1,Completed
ORD12702,02-01-2026,CUS1001,Vikram Singh,P004,9,0.0,Completed
ORD12962,02-01-2026,CUS1019,Amit Sharma,P009,1,0.1,Completed
ORD12971,02-01-2026,CUS1004,Vikram Singh,P006,1,0.0,Completed
ORD13855,02-01-2026,CUS1011,Amit Sharma,P002,1,0.1,Completed
ORD14021,02-01-2026,CUS1001,Anjali Mehta,P003,4,0.0,Completed
ORD11175,03-01-2026,CUS1012,Vikram Singh,P007,1,0.1,Completed
ORD11520,03-01-2026,CUS1013,Vikram Singh,P002,10,0.1,Completed
ORD11787,03-01-2026,CUS1017,Sneha Rao,P003,3,0.0,Completed
ORD12284,03-01-2026,CUS1011,Amit Sharma,P009,6,0.1,Completed
ORD12373,03-01-2026,CUS1012,Anjali Mehta,P010,2,0.1,Completed
ORD13619,03-01-2026,CUS1006,Kiran Kumar,P001,2,0.0,Completed
ORD13657,03-01-2026,CUS1016,Anjali Mehta,P009,8,0.1,Completed
ORD14122,03-01-2026,CUS1015,Neha Joshi,P004,5,0.1,Completed
ORD10306,04-01-2026,CUS1019,Anjali Mehta,P001,1,0.0,Completed
ORD10376,04-01-2026,CUS1001,Neha Joshi,P007,4,0.1,Completed
ORD11283,04-01-2026,CUS1020,Vikram Singh,P006,2,0.0,Completed
ORD11415,04-01-2026,CUS1018,Kiran Kumar,P002,1,0.0,Completed
ORD12817,04-01-2026,CUS1014,Vikram Singh,P008,3,0.0,Completed
ORD13507,04-01-2026,CUS1005,Vikram Singh,P001,2,0.05,Completed
ORD13669,04-01-2026,CUS1004,Amit Sharma,P004,1,0.0,Completed
ORD13972,04-01-2026,CUS1004,Amit Sharma,P002,3,0.15,Completed
ORD14133,04-01-2026,CUS1016,Anjali Mehta,P007,1,0.0,Completed
ORD14470,04-01-2026,CUS1012,Kiran Kumar,P004,1,0.15,Completed
ORD14631,04-01-2026,CUS1002,Kiran Kumar,P004,1,0.2,Completed
ORD14643,04-01-2026,CUS1012,Priya Nair,P007,2,0.05,Completed
ORD10010,05-01-2026,CUS1018,Neha Joshi,P002,2,0.2,Completed
ORD10042,05-01-2026,CUS1009,Neha Joshi,P007,4,0.05,Completed
ORD10219,05-01-2026,CUS1007,Sneha Rao,P006,1,0.0,Completed
ORD10446,05-01-2026,CUS1009,Neha Joshi,P004,1,0.1,Completed
ORD10945,05-01-2026,CUS1018,Priya Nair,P006,1,0.05,Completed
ORD11065,05-01-2026,CUS1010,Amit Sharma,P004,1,0.1,Completed
ORD11456,05-01-2026,CUS1014,Amit Sharma,P004,7,0.05,Completed
ORD11474,05-01-2026,CUS1010,Vikram Singh,P006,4,0.05,Completed
ORD11527,05-01-2026,CUS1010,Sneha Rao,P002,8,0.05,Completed
ORD11922,05-01-2026,CUS1002,Anjali Mehta,P008,1,0.0,Completed
ORD11954,05-01-2026,CUS1020,Neha Joshi,P006,1,0.1,Completed
ORD12727,05-01-2026,CUS1019,Amit Sharma,P007,9,0.0,Completed
ORD13175,05-01-2026,CUS1008,Anjali Mehta,P006,3,0.1,Cancelled
ORD13268,05-01-2026,CUS1008,Kiran Kumar,P009,1,0.0,Completed
ORD13949,05-01-2026,CUS1001,Vikram Singh,P009,5,0.1,Completed
ORD14006,05-01-2026,CUS1016,Vikram Singh,P004,3,0.05,Completed
ORD14823,05-01-2026,CUS1017,Anjali Mehta,P008,9,0.15,Completed
ORD10509,06-01-2026,CUS1005,Kiran Kumar,P009,1,0.15,Completed
ORD10975,06-01-2026,CUS1019,Priya Nair,P007,4,0.1,Completed
ORD11112,06-01-2026,CUS1008,Vikram Singh,P007,1,0.1,Completed
ORD11445,06-01-2026,CUS1020,Priya Nair,P004,1,0.1,Completed
ORD11543,06-01-2026,CUS1011,Kiran Kumar,P005,1,0.15,Completed
ORD11551,06-01-2026,CUS1005,Sneha Rao,P009,1,0.0,Completed
ORD11901,06-01-2026,CUS1002,Sneha Rao,P006,1,0.0,Completed
ORD12753,06-01-2026,CUS1016,Priya Nair,P004,2,0.1,Completed
ORD13452,06-01-2026,CUS1002,Rahul Verma,P002,4,0.1,Returned
ORD13568,06-01-2026,CUS1001,Neha Joshi,P007,2,0.1,Returned
ORD13588,06-01-2026,CUS1019,Vikram Singh,P010,8,0.0,Completed
ORD13852,06-01-2026,CUS1006,Anjali Mehta,P009,7,0.1,Completed
ORD13991,06-01-2026,CUS1012,Kiran Kumar,P002,4,0.15,Completed
ORD14111,06-01-2026,CUS1001,Vikram Singh,P008,2,0.2,Completed
ORD14524,06-01-2026,CUS1017,Amit Sharma,P007,4,0.05,Completed
ORD14720,06-01-2026,CUS1019,Kiran Kumar,P009,3,0.0,Completed
ORD10081,07-01-2026,CUS1005,Neha Joshi,P002,1,0.05,Completed
ORD10467,07-01-2026,CUS1005,Anjali Mehta,P009,5,0.05,Completed
ORD10567,07-01-2026,CUS1013,Vikram Singh,P010,2,0.05,Completed
ORD10619,07-01-2026,CUS1005,Priya Nair,P009,6,0.05,Completed
ORD10783,07-01-2026,CUS1005,Vikram Singh,P008,2,0.1,Completed
ORD11651,07-01-2026,CUS1016,Vikram Singh,P008,4,0.05,Completed
ORD11789,07-01-2026,CUS1019,Priya Nair,P002,2,0.0,Completed
ORD13067,07-01-2026,CUS1001,Vikram Singh,P002,3,0.1,Completed
ORD13271,07-01-2026,CUS1005,Sneha Rao,P001,2,0.0,Completed
ORD13401,07-01-2026,CUS1010,Kiran Kumar,P003,2,0.05,Completed
ORD13491,07-01-2026,CUS1020,Kiran Kumar,P009,5,0.2,Completed
ORD13727,07-01-2026,CUS1017,Amit Sharma,P005,4,0.15,Completed
ORD14227,07-01-2026,CUS1011,Anjali Mehta,P009,2,0.2,Completed
ORD14705,07-01-2026,CUS1007,Sneha Rao,P001,1,0.15,Completed
ORD14706,07-01-2026,CUS1001,Rahul Verma,P007,4,0.1,Completed
ORD14714,07-01-2026,CUS1002,Anjali Mehta,P007,2,0.2,Completed
ORD10289,08-01-2026,CUS1012,Rahul Verma,P003,6,0.05,Completed
ORD11052,08-01-2026,CUS1012,Vikram Singh,P001,2,0.05,Completed
ORD12218,08-01-2026,CUS1016,Sneha Rao,P005,2,0.0,Completed
ORD13240,08-01-2026,CUS1016,Kiran Kumar,P001,1,0.0,Completed
ORD13335,08-01-2026,CUS1019,Sneha Rao,P009,7,0.1,Completed
ORD13399,08-01-2026,CUS1013,Vikram Singh,P007,3,0.1,Completed
ORD14159,08-01-2026,CUS1012,Priya Nair,P004,4,0.05,Completed
ORD10458,09-01-2026,CUS1013,Kiran Kumar,P007,4,0.15,Completed
ORD10947,09-01-2026,CUS1016,Anjali Mehta,P004,1,0.0,Cancelled
ORD11093,09-01-2026,CUS1015,Anjali Mehta,P008,4,0.0,Completed
ORD11667,09-01-2026,CUS1013,Vikram Singh,P009,6,0.05,Completed
ORD12050,09-01-2026,CUS1010,Vikram Singh,P002,1,0.0,Completed
ORD12264,09-01-2026,CUS1017,Anjali Mehta,P006,2,0.1,Completed
ORD12386,09-01-2026,CUS1007,Rahul Verma,P010,3,0.1,Completed
ORD12855,09-01-2026,CUS1017,Vikram Singh,P009,1,0.0,Completed
ORD13040,09-01-2026,CUS1019,Amit Sharma,P002,4,0.1,Completed
ORD13640,09-01-2026,CUS1012,Vikram Singh,P009,2,0.15,Completed
ORD13801,09-01-2026,CUS1005,Rahul Verma,P010,5,0.05,Completed
ORD13974,09-01-2026,CUS1020,Vikram Singh,P006,9,0.0,Completed
ORD14484,09-01-2026,CUS1005,Kiran Kumar,P009,2,0.2,Completed
ORD10970,10-01-2026,CUS1012,Amit Sharma,P003,1,0.05,Completed
ORD11298,10-01-2026,CUS1018,Vikram Singh,P007,2,0.0,Completed
ORD11361,10-01-2026,CUS1001,Vikram Singh,P002,2,0.15,Completed
ORD11996,10-01-2026,CUS1013,Kiran Kumar,P002,6,0.05,Completed
ORD12187,10-01-2026,CUS1019,Amit Sharma,P004,3,0.15,Completed
ORD12371,10-01-2026,CUS1014,Sneha Rao,P001,1,0.05,Completed
ORD12456,10-01-2026,CUS1007,Anjali Mehta,P002,4,0.0,Completed
ORD13071,10-01-2026,CUS1019,Neha Joshi,P008,4,0.0,Completed
ORD13867,10-01-2026,CUS1007,Vikram Singh,P002,2,0.0,Completed
ORD14264,10-01-2026,CUS1018,Rahul Verma,P006,3,0.0,Completed
ORD10396,11-01-2026,CUS1012,Amit Sharma,P003,6,0.1,Completed
ORD10754,11-01-2026,CUS1005,Anjali Mehta,P009,1,0.0,Completed
ORD11334,11-01-2026,CUS1002,Kiran Kumar,P001,3,0.0,Completed
ORD12443,11-01-2026,CUS1017,Vikram Singh,P001,1,0.05,Completed
ORD13206,11-01-2026,CUS1011,Anjali Mehta,P003,1,0.0,Completed
ORD13977,11-01-2026,CUS1009,Amit Sharma,P001,3,0.15,Completed
ORD10435,12-01-2026,CUS1016,Amit Sharma,P009,2,0.05,Completed
ORD11111,12-01-2026,CUS1005,Neha Joshi,P007,4,0.1,Completed
ORD11548,12-01-2026,CUS1011,Kiran Kumar,P008,2,0.1,Completed
ORD12279,12-01-2026,CUS1005,Anjali Mehta,P002,1,0.1,Completed
ORD12789,12-01-2026,CUS1007,Amit Sharma,P009,8,0.1,Returned
ORD12858,12-01-2026,CUS1015,Amit Sharma,P004,4,0.1,Completed
ORD13213,12-01-2026,CUS1015,Kiran Kumar,P007,3,0.0,Completed
ORD13351,12-01-2026,CUS1012,Vikram Singh,P010,1,0.15,Completed
ORD14029,12-01-2026,CUS1001,Kiran Kumar,P003,4,0.05,Completed
ORD14123,12-01-2026,CUS1014,Kiran Kumar,P009,1,0.0,Returned
ORD10051,13-01-2026,CUS1005,Vikram Singh,P007,5,0.1,Cancelled
ORD10100,13-01-2026,CUS1010,Anjali Mehta,P001,2,0.1,Completed
ORD10226,13-01-2026,CUS1001,Sneha Rao,P006,2,0.05,Completed
ORD10283,13-01-2026,CUS1007,Kiran Kumar,P004,2,0.15,Completed
ORD11716,13-01-2026,CUS1017,Anjali Mehta,P004,2,0.0,Completed
ORD11905,13-01-2026,CUS1016,Sneha Rao,P009,2,0.05,Completed
ORD12140,13-01-2026,CUS1014,Vikram Singh,P010,3,0.05,Completed
ORD13214,13-01-2026,CUS1019,Vikram Singh,P004,1,0.1,Completed
ORD13237,13-01-2026,CUS1002,Amit Sharma,P010,1,0.0,Completed
ORD10188,14-01-2026,CUS1011,Amit Sharma,P001,3,0.0,Completed
ORD11083,14-01-2026,CUS1004,Anjali Mehta,P002,3,0.0,Completed
ORD11464,14-01-2026,CUS1002,Priya Nair,P010,1,0.15,Completed
ORD11589,14-01-2026,CUS1015,Vikram Singh,P002,2,0.05,Completed
ORD12558,14-01-2026,CUS1002,Vikram Singh,P007,10,0.2,Completed
ORD12677,14-01-2026,CUS1012,Sneha Rao,P010,5,0.0,Completed
ORD13343,14-01-2026,CUS1001,Kiran Kumar,P009,1,0.05,Completed
ORD13406,14-01-2026,CUS1017,Anjali Mehta,P006,1,0.05,Completed
ORD13448,14-01-2026,CUS1014,Sneha Rao,P009,7,0.0,Completed
ORD13765,14-01-2026,CUS1010,Kiran Kumar,P002,1,0.2,Completed
ORD13810,14-01-2026,CUS1020,Kiran Kumar,P008,4,0.1,Completed
ORD14707,14-01-2026,CUS1003,Vikram Singh,P003,2,0.15,Completed
ORD14919,14-01-2026,CUS1007,Kiran Kumar,P005,1,0.05,Completed
ORD11006,15-01-2026,CUS1016,Anjali Mehta,P001,10,0.05,Completed
ORD12395,15-01-2026,CUS1012,Kiran Kumar,P007,5,0.0,Completed
ORD14417,15-01-2026,CUS1012,Kiran Kumar,P001,1,0.0,Completed
ORD14630,15-01-2026,CUS1005,Vikram Singh,P005,1,0.05,Completed
ORD14682,15-01-2026,CUS1018,Anjali Mehta,P007,3,0.2,Completed
ORD10561,16-01-2026,CUS1005,Neha Joshi,P002,10,0.2,Completed
ORD11203,16-01-2026,CUS1015,Amit Sharma,P006,4,0.0,Completed
ORD11574,16-01-2026,CUS1011,Neha Joshi,P007,1,0.1,Completed
ORD12212,16-01-2026,CUS1017,Priya Nair,P001,1,0.1,Completed
ORD12413,16-01-2026,CUS1011,Kiran Kumar,P001,4,0.1,Cancelled
ORD13203,16-01-2026,CUS1014,Vikram Singh,P004,1,0.15,Completed
ORD13357,16-01-2026,CUS1012,Anjali Mehta,P008,1,0.0,Completed
ORD14234,16-01-2026,CUS1011,Amit Sharma,P010,3,0.0,Completed
ORD14308,16-01-2026,CUS1018,Rahul Verma,P009,8,0.1,Completed
ORD14356,16-01-2026,CUS1020,Anjali Mehta,P009,8,0.0,Cancelled
ORD14376,16-01-2026,CUS1013,Kiran Kumar,P004,2,0.0,Completed
ORD14569,16-01-2026,CUS1017,Amit Sharma,P001,1,0.15,Completed
ORD14961,16-01-2026,CUS1006,Vikram Singh,P004,1,0.15,Completed
ORD10077,17-01-2026,CUS1002,Vikram Singh,P009,3,0.0,Returned
ORD10344,17-01-2026,CUS1019,Amit Sharma,P010,3,0.0,Completed
ORD10413,17-01-2026,CUS1015,Amit Sharma,P001,3,0.15,Completed
ORD11338,17-01-2026,CUS1011,Vikram Singh,P004,8,0.05,Completed
ORD11750,17-01-2026,CUS1009,Vikram Singh,P001,2,0.0,Completed
ORD13861,17-01-2026,CUS1011,Neha Joshi,P007,5,0.1,Completed
ORD14173,17-01-2026,CUS1012,Neha Joshi,P007,8,0.1,Returned
ORD14712,17-01-2026,CUS1020,Anjali Mehta,P009,4,0.05,Completed
ORD10098,18-01-2026,CUS1013,Vikram Singh,P002,2,0.2,Completed
ORD11285,18-01-2026,CUS1001,Amit Sharma,P004,1,0.05,Completed
ORD11478,18-01-2026,CUS1011,Vikram Singh,P003,1,0.05,Completed
ORD11648,18-01-2026,CUS1018,Amit Sharma,P001,5,0.15,Completed
ORD12654,18-01-2026,CUS1012,Sneha Rao,P010,2,0.0,Completed
ORD13873,18-01-2026,CUS1019,Vikram Singh,P001,2,0.1,Completed
ORD13907,18-01-2026,CUS1019,Priya Nair,P007,1,0.1,Completed
ORD14494,18-01-2026,CUS1003,Neha Joshi,P001,1,0.1,Completed
ORD10113,19-01-2026,CUS1016,Rahul Verma,P003,1,0.05,Completed
ORD10355,19-01-2026,CUS1005,Kiran Kumar,P009,5,0.0,Completed
ORD11528,19-01-2026,CUS1012,Rahul Verma,P007,1,0.05,Completed
ORD11577,19-01-2026,CUS1019,Kiran Kumar,P007,3,0.0,Completed
ORD11658,19-01-2026,CUS1012,Anjali Mehta,P001,5,0.0,Completed
ORD11939,19-01-2026,CUS1015,Amit Sharma,P005,4,0.05,Completed
ORD12266,19-01-2026,CUS1020,Amit Sharma,P009,9,0.0,Completed
ORD12452,19-01-2026,CUS1005,Rahul Verma,P002,1,0.05,Completed
ORD12567,19-01-2026,CUS1019,Kiran Kumar,P001,4,0.0,Completed
ORD13151,19-01-2026,CUS1016,Rahul Verma,P001,1,0.0,Completed
ORD13741,19-01-2026,CUS1010,Priya Nair,P007,2,0.0,Completed
ORD14479,19-01-2026,CUS1020,Amit Sharma,P004,1,0.05,Completed
ORD14825,19-01-2026,CUS1016,Amit Sharma,P009,6,0.0,Completed
ORD10121,20-01-2026,CUS1020,Vikram Singh,P003,7,0.0,Cancelled
ORD10546,20-01-2026,CUS1019,Amit Sharma,P002,3,0.15,Completed
ORD12782,20-01-2026,CUS1014,Priya Nair,P007,2,0.0,Completed
ORD12935,20-01-2026,CUS1016,Kiran Kumar,P004,5,0.05,Completed
ORD12951,20-01-2026,CUS1018,Vikram Singh,P007,3,0.0,Cancelled
ORD13281,20-01-2026,CUS1010,Vikram Singh,P007,1,0.1,Cancelled
ORD14211,20-01-2026,CUS1002,Neha Joshi,P007,9,0.15,Completed
ORD14730,20-01-2026,CUS1015,Priya Nair,P008,7,0.0,Completed
ORD10558,21-01-2026,CUS1019,Priya Nair,P004,2,0.1,Completed
ORD11040,21-01-2026,CUS1009,Anjali Mehta,P002,5,0.2,Completed
ORD11141,21-01-2026,CUS1018,Vikram Singh,P002,6,0.1,Cancelled
ORD11174,21-01-2026,CUS1014,Sneha Rao,P002,1,0.05,Cancelled
ORD11825,21-01-2026,CUS1016,Amit Sharma,P003,3,0.15,Completed
ORD12592,21-01-2026,CUS1011,Priya Nair,P009,2,0.05,Completed
ORD12641,21-01-2026,CUS1005,Anjali Mehta,P008,1,0.05,Completed
ORD12662,21-01-2026,CUS1005,Vikram Singh,P006,2,0.2,Completed
ORD13490,21-01-2026,CUS1001,Kiran Kumar,P005,2,0.05,Completed
ORD13554,21-01-2026,CUS1012,Anjali Mehta,P002,1,0.05,Completed
ORD13845,21-01-2026,CUS1005,Anjali Mehta,P009,1,0.05,Completed
ORD10028,22-01-2026,CUS1008,Kiran Kumar,P002,4,0.2,Completed
ORD10127,22-01-2026,CUS1016,Anjali Mehta,P004,2,0.1,Completed
ORD10418,22-01-2026,CUS1020,Kiran Kumar,P009,1,0.0,Completed
ORD10542,22-01-2026,CUS1009,Kiran Kumar,P001,1,0.0,Completed
ORD10547,22-01-2026,CUS1001,Vikram Singh,P001,2,0.1,Completed
ORD10602,22-01-2026,CUS1008,Rahul Verma,P002,5,0.05,Completed
ORD10913,22-01-2026,CUS1002,Vikram Singh,P009,3,0.1,Completed
ORD11291,22-01-2026,CUS1014,Kiran Kumar,P009,1,0.1,Completed
ORD11909,22-01-2026,CUS1020,Vikram Singh,P009,6,0.0,Cancelled
ORD12185,22-01-2026,CUS1004,Neha Joshi,P010,3,0.1,Completed
ORD13789,22-01-2026,CUS1005,Kiran Kumar,P003,3,0.05,Completed
ORD14429,22-01-2026,CUS1013,Neha Joshi,P002,1,0.1,Completed
ORD11671,23-01-2026,CUS1008,Vikram Singh,P007,4,0.05,Completed
ORD12455,23-01-2026,CUS1002,Anjali Mehta,P009,1,0.15,Completed
ORD13300,23-01-2026,CUS1007,Rahul Verma,P009,3,0.0,Completed
ORD13584,23-01-2026,CUS1018,Vikram Singh,P006,4,0.0,Completed
ORD13639,23-01-2026,CUS1001,Rahul Verma,P009,5,0.0,Completed
ORD13766,23-01-2026,CUS1009,Priya Nair,P004,2,0.05,Completed
ORD14584,23-01-2026,CUS1002,Priya Nair,P002,1,0.05,Completed
ORD14649,23-01-2026,CUS1016,Kiran Kumar,P008,2,0.1,Completed
ORD14821,23-01-2026,CUS1015,Anjali Mehta,P001,2,0.0,Completed
ORD10019,24-01-2026,CUS1011,Amit Sharma,P006,2,0.0,Completed
ORD10249,24-01-2026,CUS1019,Vikram Singh,P002,7,0.1,Completed
ORD10484,24-01-2026,CUS1016,Kiran Kumar,P009,1,0.05,Completed
ORD10798,24-01-2026,CUS1001,Vikram Singh,P007,1,0.15,Completed
ORD11600,24-01-2026,CUS1016,Rahul Verma,P002,2,0.05,Completed
ORD12084,24-01-2026,CUS1013,Kiran Kumar,P002,1,0.2,Completed
ORD12286,24-01-2026,CUS1011,Kiran Kumar,P007,2,0.1,Cancelled
ORD12306,24-01-2026,CUS1016,Sneha Rao,P002,1,0.2,Completed
ORD13246,24-01-2026,CUS1017,Vikram Singh,P007,3,0.05,Completed
ORD13574,24-01-2026,CUS1013,Kiran Kumar,P007,1,0.1,Completed
ORD13887,24-01-2026,CUS1005,Amit Sharma,P007,5,0.05,Completed
ORD13912,24-01-2026,CUS1020,Sneha Rao,P003,1,0.0,Completed
ORD13965,24-01-2026,CUS1011,Sneha Rao,P004,3,0.05,Completed
ORD14262,24-01-2026,CUS1009,Amit Sharma,P010,9,0.05,Completed
ORD14278,24-01-2026,CUS1020,Anjali Mehta,P001,3,0.0,Completed
ORD14690,24-01-2026,CUS1020,Vikram Singh,P007,1,0.05,Completed
ORD10593,25-01-2026,CUS1010,Neha Joshi,P001,1,0.0,Completed
ORD10713,25-01-2026,CUS1002,Sneha Rao,P001,4,0.0,Completed
ORD10722,25-01-2026,CUS1012,Priya Nair,P001,1,0.15,Completed
ORD11049,25-01-2026,CUS1004,Vikram Singh,P001,7,0.05,Completed
ORD11369,25-01-2026,CUS1020,Sneha Rao,P007,3,0.1,Completed
ORD11386,25-01-2026,CUS1020,Kiran Kumar,P009,6,0.0,Completed
ORD12197,25-01-2026,CUS1011,Kiran Kumar,P001,1,0.05,Completed
ORD12260,25-01-2026,CUS1009,Sneha Rao,P010,3,0.1,Completed
ORD12473,25-01-2026,CUS1009,Amit Sharma,P003,7,0.0,Completed
ORD12919,25-01-2026,CUS1013,Priya Nair,P001,1,0.05,Completed
ORD13016,25-01-2026,CUS1009,Kiran Kumar,P009,2,0.2,Completed
ORD13625,25-01-2026,CUS1005,Anjali Mehta,P006,4,0.05,Completed
ORD13749,25-01-2026,CUS1005,Amit Sharma,P004,1,0.1,Completed
ORD14118,25-01-2026,CUS1001,Rahul Verma,P009,2,0.1,Completed
ORD14482,25-01-2026,CUS1020,Sneha Rao,P009,4,0.15,Completed
ORD10621,26-01-2026,CUS1016,Rahul Verma,P007,2,0.1,Completed
ORD10921,26-01-2026,CUS1005,Neha Joshi,P010,3,0.05,Completed
ORD11029,26-01-2026,CUS1001,Vikram Singh,P008,2,0.05,Completed
ORD11048,26-01-2026,CUS1005,Sneha Rao,P004,1,0.0,Completed
ORD11356,26-01-2026,CUS1009,Sneha Rao,P007,7,0.05,Completed
ORD11714,26-01-2026,CUS1019,Vikram Singh,P002,1,0.1,Returned
ORD11715,26-01-2026,CUS1004,Amit Sharma,P002,2,0.1,Completed
ORD12031,26-01-2026,CUS1009,Anjali Mehta,P004,2,0.05,Completed
ORD12362,26-01-2026,CUS1008,Rahul Verma,P008,2,0.05,Completed
ORD13558,26-01-2026,CUS1011,Rahul Verma,P001,1,0.05,Completed
ORD13715,26-01-2026,CUS1020,Vikram Singh,P002,4,0.1,Completed
ORD14305,26-01-2026,CUS1017,Amit Sharma,P002,3,0.0,Completed
ORD14538,26-01-2026,CUS1018,Anjali Mehta,P010,2,0.0,Completed
ORD10385,27-01-2026,CUS1010,Amit Sharma,P004,1,0.1,Completed
ORD11595,27-01-2026,CUS1013,Kiran Kumar,P003,3,0.0,Completed
ORD11854,27-01-2026,CUS1017,Sneha Rao,P007,5,0.05,Completed
ORD12034,27-01-2026,CUS1019,Vikram Singh,P002,3,0.1,Completed
ORD12170,27-01-2026,CUS1016,Anjali Mehta,P001,1,0.1,Completed
ORD12686,27-01-2026,CUS1019,Kiran Kumar,P006,5,0.0,Completed
ORD13204,27-01-2026,CUS1012,Kiran Kumar,P001,1,0.05,Completed
ORD13225,27-01-2026,CUS1010,Vikram Singh,P009,4,0.0,Completed
ORD13655,27-01-2026,CUS1012,Neha Joshi,P007,4,0.0,Completed
ORD14032,27-01-2026,CUS1005,Vikram Singh,P009,2,0.05,Cancelled
ORD14222,27-01-2026,CUS1004,Priya Nair,P004,1,0.05,Completed
ORD14268,27-01-2026,CUS1017,Vikram Singh,P007,8,0.0,Completed
ORD14601,27-01-2026,CUS1012,Kiran Kumar,P010,8,0.0,Completed
ORD14724,27-01-2026,CUS1014,Sneha Rao,P002,4,0.0,Cancelled
ORD10040,28-01-2026,CUS1008,Vikram Singh,P001,1,0.05,Completed
ORD10075,28-01-2026,CUS1016,Vikram Singh,P007,2,0.1,Completed
ORD10101,28-01-2026,CUS1019,Anjali Mehta,P004,2,0.0,Completed
ORD10108,28-01-2026,CUS1010,Anjali Mehta,P002,4,0.1,Completed
ORD10337,28-01-2026,CUS1019,Amit Sharma,P001,2,0.05,Completed
ORD10425,28-01-2026,CUS1018,Neha Joshi,P001,2,0.2,Completed
ORD10496,28-01-2026,CUS1020,Anjali Mehta,P007,4,0.1,Completed
ORD10725,28-01-2026,CUS1019,Amit Sharma,P007,7,0.05,Completed
ORD11001,28-01-2026,CUS1020,Amit Sharma,P004,1,0.15,Completed
ORD11515,28-01-2026,CUS1001,Amit Sharma,P007,2,0.15,Completed
ORD12554,28-01-2026,CUS1005,Vikram Singh,P001,2,0.0,Cancelled
ORD13880,28-01-2026,CUS1014,Vikram Singh,P007,4,0.15,Completed
ORD13893,28-01-2026,CUS1020,Rahul Verma,P003,1,0.1,Completed
ORD13954,28-01-2026,CUS1019,Rahul Verma,P010,4,0.0,Completed
ORD13956,28-01-2026,CUS1008,Rahul Verma,P009,2,0.1,Completed
ORD14009,28-01-2026,CUS1011,Anjali Mehta,P004,1,0.1,Completed
ORD14735,28-01-2026,CUS1012,Vikram Singh,P008,10,0.15,Completed
ORD10016,29-01-2026,CUS1011,Sneha Rao,P007,4,0.05,Cancelled
ORD10314,29-01-2026,CUS1020,Anjali Mehta,P007,5,0.0,Cancelled
ORD10316,29-01-2026,CUS1005,Neha Joshi,P003,1,0.1,Cancelled
ORD10826,29-01-2026,CUS1012,Anjali Mehta,P005,1,0.0,Completed
ORD10835,29-01-2026,CUS1016,Rahul Verma,P004,1,0.2,Returned
ORD11293,29-01-2026,CUS1019,Anjali Mehta,P001,1,0.0,Completed
ORD12047,29-01-2026,CUS1011,Anjali Mehta,P008,5,0.05,Completed
ORD12226,29-01-2026,CUS1020,Anjali Mehta,P003,2,0.15,Completed
ORD13153,29-01-2026,CUS1009,Vikram Singh,P004,2,0.2,Completed
ORD13477,29-01-2026,CUS1012,Priya Nair,P006,1,0.05,Completed
ORD13692,29-01-2026,CUS1010,Neha Joshi,P002,2,0.05,Completed
ORD13902,29-01-2026,CUS1018,Priya Nair,P001,7,0.05,Completed
ORD14280,29-01-2026,CUS1018,Kiran Kumar,P009,9,0.1,Completed
ORD14909,29-01-2026,CUS1019,Anjali Mehta,P006,1,0.05,Completed
ORD10286,30-01-2026,CUS1002,Priya Nair,P006,2,0.05,Completed
ORD10513,30-01-2026,CUS1009,Priya Nair,P001,1,0.05,Completed
ORD11102,30-01-2026,CUS1011,Vikram Singh,P002,3,0.1,Completed
ORD11195,30-01-2026,CUS1016,Anjali Mehta,P001,6,0.0,Completed
ORD11245,30-01-2026,CUS1004,Neha Joshi,P009,2,0.0,Completed
ORD11248,30-01-2026,CUS1012,Vikram Singh,P004,1,0.05,Cancelled
ORD11487,30-01-2026,CUS1019,Anjali Mehta,P007,7,0.0,Completed
ORD12186,30-01-2026,CUS1018,Sneha Rao,P007,1,0.1,Completed
ORD12428,30-01-2026,CUS1012,Rahul Verma,P007,1,0.2,Completed
ORD12563,30-01-2026,CUS1012,Neha Joshi,P007,6,0.0,Completed
ORD12632,30-01-2026,CUS1010,Kiran Kumar,P007,5,0.1,Completed
ORD13318,30-01-2026,CUS1002,Anjali Mehta,P007,3,0.1,Completed
ORD14062,30-01-2026,CUS1018,Rahul Verma,P005,2,0.15,Completed
ORD14385,30-01-2026,CUS1016,Vikram Singh,P001,9,0.0,Completed
ORD14529,30-01-2026,CUS1013,Sneha Rao,P008,2,0.0,Completed
ORD14557,30-01-2026,CUS1010,Vikram Singh,P009,5,0.1,Completed
ORD14669,30-01-2026,CUS1011,Amit Sharma,P009,3,0.0,Completed
ORD14873,30-01-2026,CUS1020,Sneha Rao,P009,1,0.0,Completed
ORD10442,31-01-2026,CUS1020,Amit Sharma,P004,1,0.0,Completed
ORD11234,31-01-2026,CUS1012,Neha Joshi,P007,2,0.2,Completed
ORD12131,31-01-2026,CUS1015,Rahul Verma,P002,4,0.2,Completed
ORD12886,31-01-2026,CUS1016,Kiran Kumar,P001,2,0.0,Completed
ORD13644,31-01-2026,CUS1013,Sneha Rao,P004,2,0.05,Completed
ORD13927,31-01-2026,CUS1020,Rahul Verma,P003,4,0.0,Completed
ORD14127,31-01-2026,CUS1009,Amit Sharma,P003,1,0.1,Completed
ORD14287,31-01-2026,CUS1019,Anjali Mehta,P004,1,0.15,Completed
ORD14481,31-01-2026,CUS1009,Priya Nair,P001,2,0.1,Completed
ORD10208,01-02-2026,CUS1020,Vikram Singh,P001,1,0.15,Completed
ORD10646,01-02-2026,CUS1018,Vikram Singh,P001,7,0.15,Completed
ORD10734,01-02-2026,CUS1002,Anjali Mehta,P004,4,0.05,Completed
ORD11264,01-02-2026,CUS1002,Amit Sharma,P007,1,0.0,Cancelled
ORD11532,01-02-2026,CUS1005,Vikram Singh,P004,6,0.0,Completed
ORD12143,01-02-2026,CUS1019,Kiran Kumar,P003,4,0.0,Cancelled
ORD12437,01-02-2026,CUS1015,Amit Sharma,P001,4,0.1,Completed
ORD12993,01-02-2026,CUS1012,Vikram Singh,P009,2,0.0,Completed
ORD13939,01-02-2026,CUS1001,Kiran Kumar,P007,7,0.0,Completed
ORD14108,01-02-2026,CUS1002,Amit Sharma,P007,3,0.05,Completed
ORD14184,01-02-2026,CUS1016,Rahul Verma,P009,3,0.0,Completed
ORD14238,01-02-2026,CUS1007,Priya Nair,P008,4,0.15,Completed
ORD10275,02-02-2026,CUS1016,Neha Joshi,P010,3,0.05,Completed
ORD10608,02-02-2026,CUS1010,Vikram Singh,P009,8,0.1,Completed
ORD11104,02-02-2026,CUS1001,Priya Nair,P007,6,0.0,Completed
ORD12030,02-02-2026,CUS1005,Kiran Kumar,P009,2,0.0,Completed
ORD12294,02-02-2026,CUS1011,Rahul Verma,P009,2,0.0,Completed
ORD12664,02-02-2026,CUS1004,Priya Nair,P007,5,0.05,Completed
ORD13060,02-02-2026,CUS1019,Sneha Rao,P007,3,0.0,Completed
ORD13116,02-02-2026,CUS1016,Anjali Mehta,P001,1,0.1,Completed
ORD13120,02-02-2026,CUS1013,Rahul Verma,P002,3,0.0,Completed
ORD13295,02-02-2026,CUS1016,Vikram Singh,P009,5,0.0,Completed
ORD13734,02-02-2026,CUS1016,Anjali Mehta,P006,4,0.05,Completed
ORD13985,02-02-2026,CUS1013,Sneha Rao,P001,3,0.15,Completed
ORD14434,02-02-2026,CUS1018,Rahul Verma,P009,2,0.2,Completed
ORD11629,03-02-2026,CUS1013,Kiran Kumar,P007,6,0.15,Completed
ORD11754,03-02-2026,CUS1001,Sneha Rao,P009,1,0.05,Completed
ORD12296,03-02-2026,CUS1011,Anjali Mehta,P007,6,0.15,Completed
ORD12626,03-02-2026,CUS1005,Anjali Mehta,P009,1,0.2,Completed
ORD12635,03-02-2026,CUS1018,Vikram Singh,P002,3,0.1,Completed
ORD13279,03-02-2026,CUS1003,Rahul Verma,P008,3,0.1,Returned
ORD13342,03-02-2026,CUS1013,Priya Nair,P008,1,0.0,Completed
ORD13366,03-02-2026,CUS1004,Sneha Rao,P001,1,0.1,Completed
ORD14113,03-02-2026,CUS1001,Vikram Singh,P001,1,0.1,Cancelled
ORD14437,03-02-2026,CUS1016,Vikram Singh,P004,4,0.0,Completed
ORD14587,03-02-2026,CUS1015,Neha Joshi,P006,2,0.0,Completed
ORD10331,04-02-2026,CUS1019,Neha Joshi,P007,3,0.05,Completed
ORD10403,04-02-2026,CUS1001,Kiran Kumar,P003,2,0.1,Returned
ORD10443,04-02-2026,CUS1007,Kiran Kumar,P003,1,0.05,Returned
ORD10823,04-02-2026,CUS1019,Neha Joshi,P007,1,0.15,Completed
ORD11449,04-02-2026,CUS1012,Kiran Kumar,P002,4,0.05,Completed
ORD11843,04-02-2026,CUS1017,Amit Sharma,P004,1,0.0,Cancelled
ORD12726,04-02-2026,CUS1001,Anjali Mehta,P009,9,0.0,Completed
ORD12931,04-02-2026,CUS1018,Amit Sharma,P001,5,0.05,Completed
ORD13361,04-02-2026,CUS1009,Rahul Verma,P009,1,0.0,Completed
ORD13784,04-02-2026,CUS1020,Amit Sharma,P008,8,0.0,Completed
ORD14334,04-02-2026,CUS1004,Vikram Singh,P010,6,0.1,Completed
ORD14918,04-02-2026,CUS1017,Rahul Verma,P009,1,0.0,Completed
ORD10046,05-02-2026,CUS1005,Sneha Rao,P007,6,0.1,Completed
ORD10840,05-02-2026,CUS1016,Rahul Verma,P003,6,0.2,Completed
ORD11448,05-02-2026,CUS1019,Priya Nair,P004,2,0.0,Completed
ORD11713,05-02-2026,CUS1004,Sneha Rao,P007,3,0.1,Completed
ORD11900,05-02-2026,CUS1001,Amit Sharma,P009,1,0.0,Completed
ORD12076,05-02-2026,CUS1019,Rahul Verma,P004,2,0.0,Completed
ORD12262,05-02-2026,CUS1018,Sneha Rao,P009,2,0.0,Cancelled
ORD12374,05-02-2026,CUS1003,Priya Nair,P007,4,0.05,Completed
ORD12582,05-02-2026,CUS1018,Amit Sharma,P008,8,0.1,Completed
ORD12982,05-02-2026,CUS1004,Rahul Verma,P006,8,0.2,Cancelled
ORD14148,05-02-2026,CUS1020,Rahul Verma,P007,2,0.0,Completed
ORD14456,05-02-2026,CUS1004,Amit Sharma,P002,5,0.1,Completed
ORD14700,05-02-2026,CUS1011,Anjali Mehta,P002,4,0.1,Completed
ORD10089,06-02-2026,CUS1019,Amit Sharma,P002,8,0.15,Completed
ORD10236,06-02-2026,CUS1020,Vikram Singh,P005,3,0.05,Completed
ORD10466,06-02-2026,CUS1014,Vikram Singh,P008,4,0.0,Completed
ORD10749,06-02-2026,CUS1007,Amit Sharma,P004,1,0.05,Completed
ORD10850,06-02-2026,CUS1018,Amit Sharma,P007,2,0.0,Completed
ORD10887,06-02-2026,CUS1005,Amit Sharma,P004,1,0.15,Completed
ORD11409,06-02-2026,CUS1019,Vikram Singh,P009,1,0.0,Completed
ORD12743,06-02-2026,CUS1003,Kiran Kumar,P004,4,0.1,Completed
ORD13493,06-02-2026,CUS1012,Kiran Kumar,P001,1,0.0,Completed
ORD13613,06-02-2026,CUS1016,Sneha Rao,P007,2,0.0,Completed
ORD14065,06-02-2026,CUS1012,Sneha Rao,P006,1,0.1,Cancelled
ORD14150,06-02-2026,CUS1005,Neha Joshi,P007,2,0.15,Completed
ORD14193,06-02-2026,CUS1016,Amit Sharma,P008,2,0.15,Completed
ORD14322,06-02-2026,CUS1016,Anjali Mehta,P008,3,0.1,Completed
ORD14769,06-02-2026,CUS1009,Neha Joshi,P007,2,0.05,Completed
ORD14790,06-02-2026,CUS1001,Vikram Singh,P009,2,0.0,Cancelled
ORD10070,07-02-2026,CUS1012,Neha Joshi,P007,3,0.0,Completed
ORD11455,07-02-2026,CUS1004,Amit Sharma,P006,6,0.05,Completed
ORD11533,07-02-2026,CUS1004,Priya Nair,P007,3,0.2,Completed
ORD11829,07-02-2026,CUS1012,Vikram Singh,P008,2,0.1,Completed
ORD11855,07-02-2026,CUS1010,Vikram Singh,P004,1,0.05,Completed
ORD11931,07-02-2026,CUS1016,Priya Nair,P004,2,0.0,Completed
ORD11938,07-02-2026,CUS1009,Amit Sharma,P007,3,0.1,Completed
ORD12637,07-02-2026,CUS1011,Amit Sharma,P002,1,0.1,Completed
ORD13111,07-02-2026,CUS1005,Kiran Kumar,P001,5,0.15,Completed
ORD13528,07-02-2026,CUS1010,Kiran Kumar,P002,1,0.0,Completed
ORD14196,07-02-2026,CUS1012,Sneha Rao,P002,1,0.0,Completed
ORD14236,07-02-2026,CUS1008,Kiran Kumar,P010,1,0.1,Completed
ORD10216,08-02-2026,CUS1014,Sneha Rao,P007,4,0.0,Completed
ORD10288,08-02-2026,CUS1018,Vikram Singh,P007,4,0.15,Completed
ORD10870,08-02-2026,CUS1017,Kiran Kumar,P004,1,0.0,Completed
ORD11022,08-02-2026,CUS1011,Anjali Mehta,P007,8,0.05,Completed
ORD11071,08-02-2026,CUS1013,Amit Sharma,P008,7,0.15,Completed
ORD11163,08-02-2026,CUS1004,Amit Sharma,P009,6,0.1,Completed
ORD11258,08-02-2026,CUS1002,Amit Sharma,P004,2,0.0,Completed
ORD12418,08-02-2026,CUS1012,Kiran Kumar,P002,1,0.0,Completed
ORD12530,08-02-2026,CUS1015,Amit Sharma,P007,3,0.1,Completed
ORD12836,08-02-2026,CUS1007,Kiran Kumar,P007,2,0.05,Completed
ORD13431,08-02-2026,CUS1016,Priya Nair,P008,2,0.1,Completed
ORD13506,08-02-2026,CUS1018,Priya Nair,P004,2,0.05,Completed
ORD13680,08-02-2026,CUS1015,Anjali Mehta,P007,2,0.0,Completed
ORD14833,08-02-2026,CUS1002,Priya Nair,P004,3,0.05,Completed
ORD10197,09-02-2026,CUS1013,Vikram Singh,P002,1,0.0,Completed
ORD10499,09-02-2026,CUS1018,Anjali Mehta,P002,3,0.15,Completed
ORD10584,09-02-2026,CUS1006,Neha Joshi,P009,4,0.1,Completed
ORD10792,09-02-2026,CUS1001,Vikram Singh,P006,2,0.1,Completed
ORD11149,09-02-2026,CUS1016,Priya Nair,P008,4,0.05,Completed
ORD12028,09-02-2026,CUS1010,Anjali Mehta,P004,3,0.05,Completed
ORD12100,09-02-2026,CUS1017,Amit Sharma,P010,5,0.05,Completed
ORD12852,09-02-2026,CUS1020,Priya Nair,P008,2,0.05,Completed
ORD13492,09-02-2026,CUS1011,Kiran Kumar,P009,6,0.0,Completed
ORD14365,09-02-2026,CUS1004,Amit Sharma,P007,6,0.05,Completed
ORD11030,10-02-2026,CUS1009,Vikram Singh,P002,7,0.05,Completed
ORD11098,10-02-2026,CUS1013,Amit Sharma,P001,2,0.15,Cancelled
ORD11287,10-02-2026,CUS1010,Rahul Verma,P002,5,0.05,Completed
ORD11621,10-02-2026,CUS1006,Anjali Mehta,P007,2,0.1,Completed
ORD11907,10-02-2026,CUS1008,Kiran Kumar,P001,5,0.0,Completed
ORD12329,10-02-2026,CUS1012,Sneha Rao,P002,2,0.05,Completed
ORD12944,10-02-2026,CUS1013,Vikram Singh,P007,4,0.05,Completed
ORD13199,10-02-2026,CUS1005,Rahul Verma,P003,6,0.1,Completed
ORD14045,10-02-2026,CUS1004,Kiran Kumar,P009,3,0.15,Completed
ORD14989,10-02-2026,CUS1012,Vikram Singh,P001,2,0.1,Completed
ORD14993,10-02-2026,CUS1018,Amit Sharma,P004,3,0.15,Completed
ORD11384,11-02-2026,CUS1020,Amit Sharma,P004,4,0.0,Completed
ORD12345,11-02-2026,CUS1007,Amit Sharma,P001,1,0.2,Completed
ORD12827,11-02-2026,CUS1004,Vikram Singh,P010,9,0.1,Completed
ORD13218,11-02-2026,CUS1001,Anjali Mehta,P001,2,0.05,Returned
ORD13412,11-02-2026,CUS1012,Rahul Verma,P009,1,0.05,Completed
ORD13523,11-02-2026,CUS1012,Kiran Kumar,P003,4,0.05,Completed
ORD13539,11-02-2026,CUS1017,Vikram Singh,P006,5,0.0,Cancelled
ORD13830,11-02-2026,CUS1016,Vikram Singh,P009,1,0.05,Completed
ORD14241,11-02-2026,CUS1003,Anjali Mehta,P007,2,0.05,Completed
ORD10358,12-02-2026,CUS1016,Anjali Mehta,P003,3,0.2,Completed
ORD10929,12-02-2026,CUS1019,Vikram Singh,P007,5,0.1,Completed
ORD11094,12-02-2026,CUS1020,Sneha Rao,P004,5,0.1,Completed
ORD11269,12-02-2026,CUS1007,Anjali Mehta,P002,2,0.15,Completed
ORD11358,12-02-2026,CUS1020,Rahul Verma,P009,2,0.0,Cancelled
ORD11435,12-02-2026,CUS1004,Anjali Mehta,P010,2,0.1,Completed
ORD12032,12-02-2026,CUS1002,Vikram Singh,P010,2,0.1,Completed
ORD12356,12-02-2026,CUS1004,Sneha Rao,P001,7,0.1,Returned
ORD12764,12-02-2026,CUS1013,Kiran Kumar,P006,2,0.15,Completed
ORD12828,12-02-2026,CUS1013,Amit Sharma,P009,8,0.0,Completed
ORD13398,12-02-2026,CUS1009,Anjali Mehta,P004,1,0.0,Completed
ORD13473,12-02-2026,CUS1012,Anjali Mehta,P009,8,0.05,Completed
ORD13691,12-02-2026,CUS1013,Anjali Mehta,P006,2,0.05,Completed
ORD14221,12-02-2026,CUS1016,Amit Sharma,P009,1,0.15,Completed
ORD14279,12-02-2026,CUS1019,Amit Sharma,P007,2,0.05,Completed
ORD10177,13-02-2026,CUS1017,Vikram Singh,P008,2,0.0,Completed
ORD10517,13-02-2026,CUS1020,Vikram Singh,P006,2,0.05,Completed
ORD10733,13-02-2026,CUS1002,Sneha Rao,P002,1,0.1,Completed
ORD11084,13-02-2026,CUS1005,Rahul Verma,P002,1,0.1,Completed
ORD11362,13-02-2026,CUS1013,Vikram Singh,P004,1,0.0,Completed
ORD11573,13-02-2026,CUS1004,Kiran Kumar,P001,1,0.05,Completed
ORD12172,13-02-2026,CUS1009,Rahul Verma,P007,2,0.05,Completed
ORD12209,13-02-2026,CUS1011,Kiran Kumar,P001,2,0.0,Cancelled
ORD12788,13-02-2026,CUS1013,Amit Sharma,P007,5,0.05,Completed
ORD13249,13-02-2026,CUS1003,Vikram Singh,P007,2,0.1,Completed
ORD13707,13-02-2026,CUS1017,Sneha Rao,P004,8,0.1,Completed
ORD14200,13-02-2026,CUS1016,Vikram Singh,P008,2,0.2,Returned
ORD14503,13-02-2026,CUS1017,Amit Sharma,P004,1,0.0,Completed
ORD14935,13-02-2026,CUS1018,Vikram Singh,P009,3,0.05,Completed
ORD14978,13-02-2026,CUS1008,Vikram Singh,P004,1,0.0,Completed
ORD10072,14-02-2026,CUS1007,Priya Nair,P003,1,0.1,Completed
ORD10660,14-02-2026,CUS1011,Kiran Kumar,P008,4,0.05,Completed
ORD10750,14-02-2026,CUS1009,Priya Nair,P010,1,0.05,Completed
ORD10933,14-02-2026,CUS1013,Kiran Kumar,P007,2,0.0,Completed
ORD11160,14-02-2026,CUS1001,Rahul Verma,P006,3,0.0,Completed
ORD11229,14-02-2026,CUS1020,Neha Joshi,P004,5,0.15,Completed
ORD11305,14-02-2026,CUS1016,Anjali Mehta,P004,4,0.0,Completed
ORD11541,14-02-2026,CUS1018,Kiran Kumar,P001,3,0.05,Completed
ORD11952,14-02-2026,CUS1009,Anjali Mehta,P001,4,0.0,Completed
ORD12263,14-02-2026,CUS1001,Kiran Kumar,P007,1,0.05,Completed
ORD12324,14-02-2026,CUS1001,Vikram Singh,P001,3,0.0,Cancelled
ORD12584,14-02-2026,CUS1014,Priya Nair,P002,3,0.15,Completed
ORD14320,14-02-2026,CUS1004,Anjali Mehta,P008,4,0.15,Completed
ORD10319,15-02-2026,CUS1017,Kiran Kumar,P002,1,0.05,Completed
ORD10763,15-02-2026,CUS1019,Vikram Singh,P003,1,0.0,Completed
ORD12111,15-02-2026,CUS1018,Kiran Kumar,P009,5,0.15,Completed
ORD12445,15-02-2026,CUS1012,Kiran Kumar,P005,1,0.2,Completed
ORD12774,15-02-2026,CUS1014,Kiran Kumar,P010,3,0.15,Completed
ORD13209,15-02-2026,CUS1016,Sneha Rao,P001,2,0.1,Completed
ORD13283,15-02-2026,CUS1016,Vikram Singh,P006,1,0.1,Completed
ORD13982,15-02-2026,CUS1005,Amit Sharma,P001,2,0.0,Completed
ORD14384,15-02-2026,CUS1009,Priya Nair,P008,2,0.15,Completed
ORD14844,15-02-2026,CUS1018,Sneha Rao,P008,2,0.05,Completed
ORD10351,16-02-2026,CUS1012,Vikram Singh,P002,2,0.15,Returned
ORD11268,16-02-2026,CUS1007,Rahul Verma,P007,2,0.15,Completed
ORD11299,16-02-2026,CUS1018,Kiran Kumar,P006,2,0.0,Completed
ORD11923,16-02-2026,CUS1001,Vikram Singh,P007,1,0.1,Completed
ORD12430,16-02-2026,CUS1017,Kiran Kumar,P008,2,0.1,Completed
ORD12991,16-02-2026,CUS1014,Sneha Rao,P007,1,0.15,Cancelled
ORD13623,16-02-2026,CUS1013,Kiran Kumar,P007,1,0.0,Completed
ORD13638,16-02-2026,CUS1009,Vikram Singh,P002,1,0.05,Completed
ORD13702,16-02-2026,CUS1015,Anjali Mehta,P007,3,0.05,Completed
ORD13860,16-02-2026,CUS1005,Neha Joshi,P007,1,0.15,Completed
ORD13993,16-02-2026,CUS1017,Vikram Singh,P004,7,0.05,Returned
ORD14054,16-02-2026,CUS1005,Neha Joshi,P001,6,0.0,Completed
ORD10064,17-02-2026,CUS1018,Sneha Rao,P001,10,0.15,Completed
ORD10166,17-02-2026,CUS1015,Kiran Kumar,P003,2,0.2,Completed
ORD10533,17-02-2026,CUS1018,Vikram Singh,P008,5,0.0,Completed
ORD11563,17-02-2026,CUS1016,Anjali Mehta,P007,4,0.15,Completed
ORD11717,17-02-2026,CUS1009,Sneha Rao,P006,5,0.05,Completed
ORD12016,17-02-2026,CUS1002,Amit Sharma,P009,3,0.05,Completed
ORD12068,17-02-2026,CUS1012,Rahul Verma,P006,1,0.0,Completed
ORD12094,17-02-2026,CUS1012,Amit Sharma,P005,1,0.2,Completed
ORD12922,17-02-2026,CUS1009,Kiran Kumar,P010,1,0.0,Completed
ORD12992,17-02-2026,CUS1009,Kiran Kumar,P003,4,0.05,Completed
ORD13530,17-02-2026,CUS1016,Anjali Mehta,P001,5,0.0,Completed
ORD14016,17-02-2026,CUS1014,Kiran Kumar,P001,1,0.0,Cancelled
ORD14076,17-02-2026,CUS1011,Sneha Rao,P003,2,0.05,Completed
ORD14618,17-02-2026,CUS1012,Rahul Verma,P009,1,0.1,Completed
ORD10050,18-02-2026,CUS1020,Kiran Kumar,P006,6,0.0,Completed
ORD10097,18-02-2026,CUS1016,Priya Nair,P002,5,0.05,Completed
ORD10146,18-02-2026,CUS1020,Amit Sharma,P001,2,0.15,Completed
ORD11047,18-02-2026,CUS1017,Amit Sharma,P004,10,0.05,Completed
ORD11105,18-02-2026,CUS1020,Kiran Kumar,P004,10,0.15,Completed
ORD11580,18-02-2026,CUS1005,Vikram Singh,P005,4,0.05,Completed
ORD11764,18-02-2026,CUS1019,Anjali Mehta,P009,1,0.05,Completed
ORD12393,18-02-2026,CUS1010,Kiran Kumar,P004,2,0.0,Cancelled
ORD12409,18-02-2026,CUS1011,Neha Joshi,P006,1,0.0,Completed
ORD12722,18-02-2026,CUS1018,Vikram Singh,P004,2,0.1,Completed
ORD12973,18-02-2026,CUS1012,Rahul Verma,P004,2,0.0,Completed
ORD13738,18-02-2026,CUS1019,Anjali Mehta,P004,3,0.15,Completed
ORD13842,18-02-2026,CUS1017,Kiran Kumar,P002,1,0.0,Completed
ORD10041,19-02-2026,CUS1002,Priya Nair,P010,1,0.05,Completed
ORD11183,19-02-2026,CUS1003,Vikram Singh,P004,2,0.05,Completed
ORD11235,19-02-2026,CUS1002,Anjali Mehta,P009,5,0.0,Completed
ORD11558,19-02-2026,CUS1001,Sneha Rao,P007,3,0.0,Completed
ORD11887,19-02-2026,CUS1016,Anjali Mehta,P001,2,0.0,Completed
ORD12208,19-02-2026,CUS1016,Anjali Mehta,P001,1,0.1,Completed
ORD12500,19-02-2026,CUS1020,Amit Sharma,P001,6,0.1,Completed
ORD12723,19-02-2026,CUS1016,Amit Sharma,P004,3,0.05,Completed
ORD13312,19-02-2026,CUS1002,Anjali Mehta,P007,5,0.1,Completed
ORD13457,19-02-2026,CUS1005,Anjali Mehta,P008,5,0.1,Completed
ORD13700,19-02-2026,CUS1011,Vikram Singh,P008,5,0.05,Completed
ORD13851,19-02-2026,CUS1013,Amit Sharma,P001,2,0.0,Completed
ORD13942,19-02-2026,CUS1018,Sneha Rao,P007,2,0.2,Completed
ORD14949,19-02-2026,CUS1015,Sneha Rao,P004,5,0.15,Completed
ORD10056,20-02-2026,CUS1003,Amit Sharma,P006,4,0.05,Cancelled
ORD10182,20-02-2026,CUS1017,Kiran Kumar,P007,4,0.05,Completed
ORD10375,20-02-2026,CUS1018,Vikram Singh,P009,8,0.05,Completed
ORD10543,20-02-2026,CUS1001,Anjali Mehta,P008,6,0.1,Cancelled
ORD11960,20-02-2026,CUS1002,Rahul Verma,P006,2,0.05,Completed
ORD12245,20-02-2026,CUS1016,Kiran Kumar,P001,3,0.05,Completed
ORD12792,20-02-2026,CUS1011,Anjali Mehta,P002,1,0.0,Completed
ORD12928,20-02-2026,CUS1017,Rahul Verma,P003,2,0.05,Completed
ORD13215,20-02-2026,CUS1011,Kiran Kumar,P002,3,0.05,Cancelled
ORD14048,20-02-2026,CUS1019,Sneha Rao,P007,10,0.15,Cancelled
ORD10441,21-02-2026,CUS1012,Anjali Mehta,P001,5,0.15,Completed
ORD10739,21-02-2026,CUS1001,Vikram Singh,P007,2,0.15,Completed
ORD12104,21-02-2026,CUS1017,Amit Sharma,P004,2,0.0,Completed
ORD12352,21-02-2026,CUS1001,Priya Nair,P009,4,0.0,Completed
ORD12699,21-02-2026,CUS1005,Kiran Kumar,P007,4,0.2,Completed
ORD12964,21-02-2026,CUS1020,Anjali Mehta,P001,2,0.1,Completed
ORD13010,21-02-2026,CUS1007,Rahul Verma,P007,9,0.0,Completed
ORD13017,21-02-2026,CUS1017,Kiran Kumar,P008,6,0.0,Completed
ORD13091,21-02-2026,CUS1007,Rahul Verma,P002,1,0.1,Cancelled
ORD13147,21-02-2026,CUS1011,Sneha Rao,P010,2,0.1,Completed
ORD13257,21-02-2026,CUS1014,Sneha Rao,P007,1,0.05,Returned
ORD13494,21-02-2026,CUS1011,Amit Sharma,P004,7,0.15,Completed
ORD13983,21-02-2026,CUS1005,Kiran Kumar,P009,4,0.1,Completed
ORD14326,21-02-2026,CUS1016,Neha Joshi,P003,2,0.1,Completed
ORD10068,22-02-2026,CUS1020,Neha Joshi,P009,1,0.1,Completed
ORD10623,22-02-2026,CUS1005,Amit Sharma,P004,1,0.0,Completed
ORD10958,22-02-2026,CUS1007,Kiran Kumar,P007,2,0.0,Completed
ORD11157,22-02-2026,CUS1014,Priya Nair,P010,4,0.15,Completed
ORD12242,22-02-2026,CUS1010,Anjali Mehta,P009,7,0.15,Cancelled
ORD12594,22-02-2026,CUS1015,Amit Sharma,P002,2,0.0,Completed
ORD13443,22-02-2026,CUS1013,Amit Sharma,P004,3,0.1,Completed
ORD13480,22-02-2026,CUS1011,Priya Nair,P004,6,0.0,Completed
ORD13746,22-02-2026,CUS1011,Amit Sharma,P009,5,0.1,Completed
ORD13918,22-02-2026,CUS1011,Vikram Singh,P009,9,0.1,Completed
ORD10185,23-02-2026,CUS1012,Sneha Rao,P006,1,0.05,Completed
ORD10391,23-02-2026,CUS1018,Priya Nair,P002,2,0.0,Completed
ORD12287,23-02-2026,CUS1012,Neha Joshi,P007,1,0.0,Completed
ORD12570,23-02-2026,CUS1016,Vikram Singh,P007,2,0.15,Returned
ORD13478,23-02-2026,CUS1005,Priya Nair,P001,3,0.0,Cancelled
ORD13719,23-02-2026,CUS1018,Priya Nair,P007,1,0.05,Completed
ORD13720,23-02-2026,CUS1013,Amit Sharma,P004,6,0.05,Completed
ORD13795,23-02-2026,CUS1011,Neha Joshi,P002,5,0.15,Cancelled
ORD14355,23-02-2026,CUS1002,Vikram Singh,P002,3,0.1,Completed
ORD14478,23-02-2026,CUS1016,Amit Sharma,P002,2,0.05,Completed
ORD14794,23-02-2026,CUS1017,Sneha Rao,P008,4,0.0,Completed
ORD10495,24-02-2026,CUS1003,Neha Joshi,P009,2,0.1,Completed
ORD10628,24-02-2026,CUS1007,Sneha Rao,P004,2,0.05,Completed
ORD11606,24-02-2026,CUS1007,Anjali Mehta,P009,6,0.2,Completed
ORD12528,24-02-2026,CUS1005,Kiran Kumar,P001,5,0.1,Completed
ORD13064,24-02-2026,CUS1018,Rahul Verma,P008,1,0.1,Completed
ORD14183,24-02-2026,CUS1015,Neha Joshi,P003,2,0.05,Returned
ORD14506,24-02-2026,CUS1017,Kiran Kumar,P010,1,0.05,Completed
ORD11072,25-02-2026,CUS1009,Anjali Mehta,P001,9,0.0,Completed
ORD11208,25-02-2026,CUS1020,Neha Joshi,P006,1,0.0,Completed
ORD11403,25-02-2026,CUS1019,Anjali Mehta,P009,1,0.15,Completed
ORD11535,25-02-2026,CUS1012,Neha Joshi,P007,2,0.0,Completed
ORD11672,25-02-2026,CUS1017,Anjali Mehta,P009,4,0.05,Completed
ORD12128,25-02-2026,CUS1020,Kiran Kumar,P007,2,0.15,Completed
ORD12144,25-02-2026,CUS1017,Priya Nair,P004,1,0.05,Completed
ORD12692,25-02-2026,CUS1020,Vikram Singh,P010,4,0.1,Completed
ORD12914,25-02-2026,CUS1007,Kiran Kumar,P001,2,0.0,Cancelled
ORD13668,25-02-2026,CUS1018,Amit Sharma,P007,8,0.2,Completed
ORD14423,25-02-2026,CUS1012,Sneha Rao,P002,3,0.1,Completed
ORD14615,25-02-2026,CUS1004,Anjali Mehta,P006,7,0.15,Completed
ORD14677,25-02-2026,CUS1015,Sneha Rao,P004,6,0.05,Completed
ORD14750,25-02-2026,CUS1019,Sneha Rao,P002,1,0.0,Completed
ORD14962,25-02-2026,CUS1011,Sneha Rao,P003,5,0.1,Completed
ORD10114,26-02-2026,CUS1001,Rahul Verma,P007,1,0.2,Completed
ORD10230,26-02-2026,CUS1002,Amit Sharma,P007,2,0.05,Completed
ORD10946,26-02-2026,CUS1012,Anjali Mehta,P002,2,0.0,Cancelled
ORD11144,26-02-2026,CUS1011,Priya Nair,P002,3,0.0,Completed
ORD11808,26-02-2026,CUS1002,Vikram Singh,P003,3,0.05,Completed
ORD12383,26-02-2026,CUS1005,Rahul Verma,P002,1,0.0,Completed
ORD12733,26-02-2026,CUS1020,Kiran Kumar,P008,1,0.0,Completed
ORD13482,26-02-2026,CUS1015,Kiran Kumar,P004,2,0.05,Completed
ORD13697,26-02-2026,CUS1013,Vikram Singh,P003,6,0.05,Completed
ORD13771,26-02-2026,CUS1003,Priya Nair,P009,1,0.15,Completed
ORD13937,26-02-2026,CUS1019,Vikram Singh,P008,2,0.05,Completed
ORD10170,27-02-2026,CUS1007,Amit Sharma,P007,1,0.05,Completed
ORD10638,27-02-2026,CUS1016,Neha Joshi,P005,6,0.1,Completed
ORD10704,27-02-2026,CUS1001,Sneha Rao,P002,2,0.05,Completed
ORD10768,27-02-2026,CUS1015,Vikram Singh,P002,1,0.0,Completed
ORD11326,27-02-2026,CUS1007,Anjali Mehta,P010,5,0.05,Completed
ORD11631,27-02-2026,CUS1016,Kiran Kumar,P002,2,0.0,Completed
ORD12179,27-02-2026,CUS1018,Kiran Kumar,P006,1,0.15,Completed
ORD13171,27-02-2026,CUS1009,Kiran Kumar,P009,2,0.0,Completed
ORD14275,27-02-2026,CUS1013,Vikram Singh,P002,2,0.15,Completed
ORD14699,27-02-2026,CUS1019,Sneha Rao,P009,4,0.15,Completed
ORD10154,28-02-2026,CUS1020,Kiran Kumar,P006,1,0.1,Completed
ORD12491,28-02-2026,CUS1008,Amit Sharma,P010,2,0.1,Completed
ORD12864,28-02-2026,CUS1019,Amit Sharma,P008,2,0.15,Completed
ORD13542,28-02-2026,CUS1001,Sneha Rao,P007,4,0.0,Completed
ORD14004,28-02-2026,CUS1002,Vikram Singh,P001,3,0.0,Completed
ORD14666,28-02-2026,CUS1006,Vikram Singh,P009,2,0.0,Cancelled
ORD10124,01-03-2026,CUS1001,Kiran Kumar,P003,2,0.05,Completed
ORD10711,01-03-2026,CUS1015,Neha Joshi,P009,2,0.1,Completed
ORD11682,01-03-2026,CUS1020,Amit Sharma,P009,9,0.05,Completed
ORD12814,01-03-2026,CUS1005,Amit Sharma,P009,1,0.0,Completed
ORD12874,01-03-2026,CUS1013,Rahul Verma,P002,2,0.05,Completed
ORD13154,01-03-2026,CUS1018,Kiran Kumar,P004,4,0.0,Returned
ORD14109,01-03-2026,CUS1012,Vikram Singh,P001,1,0.05,Completed
ORD14590,01-03-2026,CUS1006,Priya Nair,P001,3,0.1,Completed
ORD14621,01-03-2026,CUS1012,Sneha Rao,P003,10,0.0,Completed
ORD14810,01-03-2026,CUS1013,Kiran Kumar,P007,2,0.15,Cancelled
ORD14869,01-03-2026,CUS1013,Sneha Rao,P002,8,0.0,Completed
ORD14921,01-03-2026,CUS1020,Priya Nair,P006,3,0.1,Completed
ORD10079,02-03-2026,CUS1007,Kiran Kumar,P007,1,0.1,Completed
ORD10132,02-03-2026,CUS1019,Sneha Rao,P010,1,0.15,Completed
ORD10512,02-03-2026,CUS1016,Vikram Singh,P009,3,0.1,Completed
ORD10738,02-03-2026,CUS1011,Amit Sharma,P004,1,0.05,Completed
ORD10804,02-03-2026,CUS1011,Neha Joshi,P008,1,0.2,Completed
ORD10879,02-03-2026,CUS1010,Amit Sharma,P001,4,0.0,Completed
ORD11351,02-03-2026,CUS1018,Anjali Mehta,P010,3,0.05,Completed
ORD11702,02-03-2026,CUS1010,Rahul Verma,P002,1,0.0,Cancelled
ORD11708,02-03-2026,CUS1010,Priya Nair,P003,2,0.0,Completed
ORD11737,02-03-2026,CUS1002,Vikram Singh,P001,3,0.05,Completed
ORD11986,02-03-2026,CUS1013,Anjali Mehta,P001,6,0.0,Completed
ORD12042,02-03-2026,CUS1009,Neha Joshi,P008,3,0.05,Completed
ORD12059,02-03-2026,CUS1020,Sneha Rao,P005,1,0.15,Completed
ORD12148,02-03-2026,CUS1001,Rahul Verma,P002,5,0.0,Completed
ORD12171,02-03-2026,CUS1001,Vikram Singh,P009,4,0.0,Completed
ORD12391,02-03-2026,CUS1011,Priya Nair,P009,1,0.0,Completed
ORD12412,02-03-2026,CUS1009,Sneha Rao,P001,1,0.0,Completed
ORD12638,02-03-2026,CUS1012,Sneha Rao,P004,4,0.1,Completed
ORD13192,02-03-2026,CUS1009,Anjali Mehta,P007,2,0.05,Completed
ORD13455,02-03-2026,CUS1002,Vikram Singh,P005,1,0.15,Completed
ORD13622,02-03-2026,CUS1012,Priya Nair,P004,1,0.15,Completed
ORD14050,02-03-2026,CUS1017,Kiran Kumar,P009,1,0.1,Completed
ORD14799,02-03-2026,CUS1019,Sneha Rao,P007,1,0.15,Completed
ORD14945,02-03-2026,CUS1011,Amit Sharma,P008,1,0.0,Completed
ORD10322,03-03-2026,CUS1013,Amit Sharma,P004,4,0.0,Completed
ORD10470,03-03-2026,CUS1017,Rahul Verma,P007,2,0.0,Completed
ORD10525,03-03-2026,CUS1017,Priya Nair,P004,3,0.1,Completed
ORD10690,03-03-2026,CUS1016,Anjali Mehta,P009,2,0.0,Completed
ORD12467,03-03-2026,CUS1017,Amit Sharma,P004,2,0.05,Completed
ORD13488,03-03-2026,CUS1018,Amit Sharma,P002,6,0.0,Completed
ORD13508,03-03-2026,CUS1020,Sneha Rao,P010,1,0.0,Completed
ORD13601,03-03-2026,CUS1007,Kiran Kumar,P002,2,0.15,Completed
ORD14531,03-03-2026,CUS1020,Amit Sharma,P006,2,0.15,Completed
ORD14745,03-03-2026,CUS1009,Kiran Kumar,P004,1,0.1,Completed
ORD14967,03-03-2026,CUS1001,Sneha Rao,P009,8,0.1,Completed
ORD10569,04-03-2026,CUS1018,Vikram Singh,P007,5,0.05,Completed
ORD11051,04-03-2026,CUS1001,Rahul Verma,P007,10,0.0,Completed
ORD11492,04-03-2026,CUS1014,Sneha Rao,P007,2,0.05,Completed
ORD11784,04-03-2026,CUS1020,Anjali Mehta,P009,3,0.0,Completed
ORD11882,04-03-2026,CUS1012,Priya Nair,P001,1,0.0,Completed
ORD12103,04-03-2026,CUS1002,Vikram Singh,P004,1,0.0,Completed
ORD12331,04-03-2026,CUS1019,Sneha Rao,P001,2,0.05,Completed
ORD12538,04-03-2026,CUS1005,Sneha Rao,P006,2,0.0,Completed
ORD12822,04-03-2026,CUS1011,Amit Sharma,P001,2,0.05,Cancelled
ORD13704,04-03-2026,CUS1018,Kiran Kumar,P003,1,0.0,Completed
ORD13772,04-03-2026,CUS1016,Kiran Kumar,P001,1,0.05,Completed
ORD14249,04-03-2026,CUS1020,Anjali Mehta,P009,1,0.0,Completed
ORD14324,04-03-2026,CUS1012,Kiran Kumar,P009,1,0.05,Completed
ORD10071,05-03-2026,CUS1020,Rahul Verma,P008,1,0.05,Completed
ORD10118,05-03-2026,CUS1012,Kiran Kumar,P007,2,0.15,Completed
ORD10489,05-03-2026,CUS1019,Sneha Rao,P007,1,0.2,Completed
ORD10642,05-03-2026,CUS1010,Vikram Singh,P009,2,0.05,Completed
ORD11053,05-03-2026,CUS1009,Amit Sharma,P006,3,0.2,Completed
ORD11375,05-03-2026,CUS1008,Neha Joshi,P007,2,0.15,Completed
ORD11890,05-03-2026,CUS1005,Sneha Rao,P007,3,0.0,Completed
ORD12026,05-03-2026,CUS1018,Kiran Kumar,P005,2,0.0,Completed
ORD12422,05-03-2026,CUS1012,Kiran Kumar,P001,4,0.1,Returned
ORD12541,05-03-2026,CUS1005,Rahul Verma,P007,2,0.05,Completed
ORD13082,05-03-2026,CUS1015,Vikram Singh,P004,1,0.2,Completed
ORD13307,05-03-2026,CUS1015,Kiran Kumar,P007,4,0.15,Completed
ORD10600,06-03-2026,CUS1009,Rahul Verma,P008,1,0.15,Completed
ORD11323,06-03-2026,CUS1020,Kiran Kumar,P002,1,0.15,Completed
ORD11722,06-03-2026,CUS1018,Anjali Mehta,P001,3,0.05,Completed
ORD11838,06-03-2026,CUS1012,Amit Sharma,P002,2,0.0,Completed
ORD12425,06-03-2026,CUS1020,Sneha Rao,P004,2,0.0,Completed
ORD13006,06-03-2026,CUS1008,Amit Sharma,P007,5,0.1,Completed
ORD13230,06-03-2026,CUS1012,Rahul Verma,P007,2,0.1,Completed
ORD14302,06-03-2026,CUS1013,Kiran Kumar,P003,2,0.05,Completed
ORD14651,06-03-2026,CUS1020,Kiran Kumar,P006,2,0.0,Completed
ORD14670,06-03-2026,CUS1018,Kiran Kumar,P006,1,0.0,Completed
ORD10297,07-03-2026,CUS1008,Anjali Mehta,P006,3,0.2,Completed
ORD10878,07-03-2026,CUS1002,Kiran Kumar,P004,1,0.05,Completed
ORD11404,07-03-2026,CUS1016,Sneha Rao,P010,1,0.1,Cancelled
ORD11466,07-03-2026,CUS1016,Neha Joshi,P002,2,0.15,Completed
ORD12282,07-03-2026,CUS1020,Vikram Singh,P002,3,0.0,Completed
ORD12353,07-03-2026,CUS1019,Sneha Rao,P008,3,0.1,Completed
ORD14390,07-03-2026,CUS1019,Amit Sharma,P009,2,0.0,Completed
ORD10001,08-03-2026,CUS1009,Amit Sharma,P009,2,0.05,Completed
ORD10145,08-03-2026,CUS1001,Priya Nair,P003,2,0.0,Completed
ORD10479,08-03-2026,CUS1007,Priya Nair,P002,10,0.05,Completed
ORD10678,08-03-2026,CUS1018,Vikram Singh,P007,3,0.0,Completed
ORD10898,08-03-2026,CUS1009,Anjali Mehta,P001,1,0.05,Completed
ORD11801,08-03-2026,CUS1018,Neha Joshi,P001,4,0.15,Completed
ORD12574,08-03-2026,CUS1012,Anjali Mehta,P002,1,0.05,Completed
ORD12690,08-03-2026,CUS1016,Sneha Rao,P004,4,0.15,Completed
ORD13035,08-03-2026,CUS1002,Neha Joshi,P009,2,0.05,Cancelled
ORD13076,08-03-2026,CUS1016,Vikram Singh,P010,2,0.1,Completed
ORD13256,08-03-2026,CUS1004,Anjali Mehta,P001,5,0.05,Completed
ORD13848,08-03-2026,CUS1013,Priya Nair,P008,1,0.1,Returned
ORD14055,08-03-2026,CUS1009,Priya Nair,P002,2,0.15,Completed
ORD11275,09-03-2026,CUS1012,Kiran Kumar,P009,3,0.2,Completed
ORD11308,09-03-2026,CUS1013,Anjali Mehta,P004,2,0.15,Completed
ORD11727,09-03-2026,CUS1020,Amit Sharma,P002,6,0.05,Completed
ORD11839,09-03-2026,CUS1013,Kiran Kumar,P007,2,0.1,Completed
ORD12268,09-03-2026,CUS1018,Anjali Mehta,P003,1,0.05,Completed
ORD12341,09-03-2026,CUS1012,Vikram Singh,P007,3,0.15,Completed
ORD12652,09-03-2026,CUS1012,Vikram Singh,P010,2,0.1,Completed
ORD12934,09-03-2026,CUS1020,Vikram Singh,P007,3,0.15,Completed
ORD13081,09-03-2026,CUS1007,Vikram Singh,P002,2,0.0,Completed
ORD13844,09-03-2026,CUS1008,Neha Joshi,P010,2,0.05,Completed
ORD14624,09-03-2026,CUS1017,Vikram Singh,P009,1,0.0,Completed
ORD14857,09-03-2026,CUS1011,Amit Sharma,P001,5,0.05,Completed
ORD10258,10-03-2026,CUS1020,Priya Nair,P002,3,0.05,Completed
ORD10404,10-03-2026,CUS1016,Kiran Kumar,P004,3,0.0,Completed
ORD11101,10-03-2026,CUS1006,Anjali Mehta,P002,3,0.1,Completed
ORD11115,10-03-2026,CUS1002,Kiran Kumar,P009,2,0.05,Completed
ORD11427,10-03-2026,CUS1018,Neha Joshi,P007,1,0.15,Completed
ORD12239,10-03-2026,CUS1020,Vikram Singh,P007,2,0.05,Completed
ORD12617,10-03-2026,CUS1016,Anjali Mehta,P010,3,0.0,Completed
ORD12965,10-03-2026,CUS1016,Kiran Kumar,P009,1,0.1,Completed
ORD13084,10-03-2026,CUS1005,Kiran Kumar,P001,2,0.1,Completed
ORD13360,10-03-2026,CUS1009,Anjali Mehta,P005,1,0.05,Completed
ORD14002,10-03-2026,CUS1008,Kiran Kumar,P002,2,0.05,Completed
ORD14106,10-03-2026,CUS1020,Priya Nair,P002,2,0.05,Completed
ORD14243,10-03-2026,CUS1012,Anjali Mehta,P001,3,0.15,Completed
ORD14837,10-03-2026,CUS1005,Sneha Rao,P002,5,0.05,Completed
ORD10181,11-03-2026,CUS1011,Amit Sharma,P007,5,0.0,Completed
ORD10264,11-03-2026,CUS1005,Kiran Kumar,P004,1,0.0,Completed
ORD10439,11-03-2026,CUS1009,Neha Joshi,P006,2,0.1,Completed
ORD10758,11-03-2026,CUS1018,Amit Sharma,P004,2,0.1,Completed
ORD10830,11-03-2026,CUS1015,Vikram Singh,P002,3,0.0,Completed
ORD11688,11-03-2026,CUS1010,Kiran Kumar,P004,1,0.15,Completed
ORD11786,11-03-2026,CUS1005,Priya Nair,P004,2,0.05,Completed
ORD12392,11-03-2026,CUS1002,Sneha Rao,P003,3,0.05,Completed
ORD12590,11-03-2026,CUS1015,Kiran Kumar,P001,3,0.05,Completed
ORD12618,11-03-2026,CUS1011,Rahul Verma,P006,6,0.1,Cancelled
ORD12734,11-03-2026,CUS1016,Vikram Singh,P006,1,0.05,Completed
ORD13169,11-03-2026,CUS1017,Sneha Rao,P009,2,0.0,Completed
ORD14188,11-03-2026,CUS1012,Anjali Mehta,P009,1,0.1,Completed
ORD14425,11-03-2026,CUS1001,Priya Nair,P003,3,0.05,Returned
ORD14971,11-03-2026,CUS1011,Kiran Kumar,P004,5,0.15,Completed
ORD10310,12-03-2026,CUS1013,Vikram Singh,P009,9,0.0,Completed
ORD10423,12-03-2026,CUS1010,Anjali Mehta,P004,3,0.05,Completed
ORD11027,12-03-2026,CUS1002,Rahul Verma,P003,1,0.0,Completed
ORD11106,12-03-2026,CUS1009,Amit Sharma,P004,5,0.05,Completed
ORD11117,12-03-2026,CUS1016,Vikram Singh,P004,2,0.05,Completed
ORD11158,12-03-2026,CUS1008,Priya Nair,P001,6,0.15,Completed
ORD11677,12-03-2026,CUS1002,Sneha Rao,P002,2,0.1,Completed
ORD12119,12-03-2026,CUS1005,Anjali Mehta,P010,1,0.0,Completed
ORD12318,12-03-2026,CUS1005,Rahul Verma,P001,3,0.0,Completed
ORD12537,12-03-2026,CUS1012,Kiran Kumar,P008,1,0.05,Completed
ORD12786,12-03-2026,CUS1019,Vikram Singh,P004,3,0.15,Completed
ORD12895,12-03-2026,CUS1001,Sneha Rao,P002,5,0.05,Completed
ORD13294,12-03-2026,CUS1005,Amit Sharma,P006,2,0.05,Returned
ORD14119,12-03-2026,CUS1014,Kiran Kumar,P005,1,0.0,Completed
ORD14836,12-03-2026,CUS1011,Anjali Mehta,P007,1,0.1,Completed
ORD10007,13-03-2026,CUS1002,Amit Sharma,P002,3,0.15,Completed
ORD10164,13-03-2026,CUS1005,Sneha Rao,P002,1,0.0,Completed
ORD10666,13-03-2026,CUS1015,Priya Nair,P004,1,0.0,Completed
ORD10716,13-03-2026,CUS1005,Amit Sharma,P010,3,0.0,Completed
ORD11354,13-03-2026,CUS1015,Vikram Singh,P003,6,0.05,Completed
ORD11620,13-03-2026,CUS1016,Rahul Verma,P009,1,0.05,Completed
ORD11868,13-03-2026,CUS1018,Rahul Verma,P007,2,0.0,Completed
ORD12707,13-03-2026,CUS1014,Anjali Mehta,P007,2,0.05,Completed
ORD13253,13-03-2026,CUS1008,Rahul Verma,P007,7,0.05,Completed
ORD13285,13-03-2026,CUS1010,Kiran Kumar,P009,1,0.1,Completed
ORD13582,13-03-2026,CUS1010,Kiran Kumar,P002,4,0.05,Cancelled
ORD13962,13-03-2026,CUS1011,Vikram Singh,P007,2,0.15,Completed
ORD14066,13-03-2026,CUS1019,Sneha Rao,P009,2,0.05,Completed
ORD14352,13-03-2026,CUS1016,Priya Nair,P006,2,0.05,Completed
ORD14554,13-03-2026,CUS1020,Vikram Singh,P009,1,0.1,Completed
ORD14759,13-03-2026,CUS1012,Anjali Mehta,P006,2,0.05,Completed
ORD10062,14-03-2026,CUS1012,Sneha Rao,P001,3,0.0,Completed
ORD10937,14-03-2026,CUS1011,Amit Sharma,P001,2,0.0,Completed
ORD11469,14-03-2026,CUS1009,Rahul Verma,P009,3,0.0,Completed
ORD11733,14-03-2026,CUS1010,Anjali Mehta,P009,4,0.0,Completed
ORD12010,14-03-2026,CUS1010,Kiran Kumar,P007,5,0.0,Completed
ORD12019,14-03-2026,CUS1005,Vikram Singh,P004,1,0.15,Cancelled
ORD13906,14-03-2026,CUS1016,Sneha Rao,P006,2,0.15,Cancelled
ORD14259,14-03-2026,CUS1009,Sneha Rao,P009,3,0.0,Completed
ORD14600,14-03-2026,CUS1013,Vikram Singh,P009,1,0.05,Completed
ORD14802,14-03-2026,CUS1004,Vikram Singh,P002,3,0.05,Completed
ORD14885,14-03-2026,CUS1010,Sneha Rao,P006,4,0.1,Completed
ORD14905,14-03-2026,CUS1014,Priya Nair,P002,6,0.05,Completed
ORD14910,14-03-2026,CUS1012,Kiran Kumar,P007,2,0.0,Returned
ORD14923,14-03-2026,CUS1005,Kiran Kumar,P002,4,0.0,Completed
ORD10963,15-03-2026,CUS1012,Amit Sharma,P009,5,0.05,Completed
ORD11318,15-03-2026,CUS1011,Amit Sharma,P002,5,0.15,Completed
ORD11632,15-03-2026,CUS1019,Sneha Rao,P009,7,0.15,Completed
ORD11815,15-03-2026,CUS1006,Anjali Mehta,P009,1,0.15,Completed
ORD12184,15-03-2026,CUS1002,Kiran Kumar,P009,3,0.1,Completed
ORD12793,15-03-2026,CUS1016,Sneha Rao,P002,1,0.0,Completed
ORD13146,15-03-2026,CUS1013,Sneha Rao,P004,1,0.0,Cancelled
ORD13332,15-03-2026,CUS1001,Kiran Kumar,P002,1,0.05,Completed
ORD13967,15-03-2026,CUS1011,Rahul Verma,P002,1,0.05,Completed
ORD14099,15-03-2026,CUS1007,Anjali Mehta,P007,3,0.1,Completed
ORD14472,15-03-2026,CUS1017,Kiran Kumar,P003,8,0.15,Completed
ORD14964,15-03-2026,CUS1012,Vikram Singh,P005,1,0.15,Completed
ORD11103,16-03-2026,CUS1007,Anjali Mehta,P008,2,0.0,Completed
ORD11418,16-03-2026,CUS1004,Neha Joshi,P001,3,0.05,Completed
ORD11523,16-03-2026,CUS1013,Amit Sharma,P007,1,0.0,Returned
ORD11697,16-03-2026,CUS1018,Vikram Singh,P009,4,0.0,Completed
ORD12069,16-03-2026,CUS1013,Vikram Singh,P001,1,0.0,Completed
ORD12795,16-03-2026,CUS1018,Anjali Mehta,P007,1,0.0,Completed
ORD12902,16-03-2026,CUS1008,Vikram Singh,P004,2,0.0,Completed
ORD12996,16-03-2026,CUS1012,Sneha Rao,P006,2,0.15,Completed
ORD13195,16-03-2026,CUS1010,Sneha Rao,P004,3,0.05,Completed
ORD13779,16-03-2026,CUS1004,Anjali Mehta,P009,1,0.05,Completed
ORD13981,16-03-2026,CUS1016,Amit Sharma,P008,1,0.1,Completed
ORD14115,16-03-2026,CUS1007,Anjali Mehta,P004,4,0.15,Completed
ORD14124,16-03-2026,CUS1016,Priya Nair,P007,1,0.15,Completed
ORD14409,16-03-2026,CUS1013,Vikram Singh,P006,2,0.1,Completed
ORD14722,16-03-2026,CUS1005,Neha Joshi,P004,1,0.1,Completed
ORD14904,16-03-2026,CUS1018,Anjali Mehta,P010,1,0.0,Completed
ORD10688,17-03-2026,CUS1002,Kiran Kumar,P009,3,0.05,Completed
ORD10821,17-03-2026,CUS1016,Anjali Mehta,P001,1,0.0,Completed
ORD10980,17-03-2026,CUS1019,Anjali Mehta,P009,6,0.2,Completed
ORD11120,17-03-2026,CUS1002,Sneha Rao,P009,4,0.05,Completed
ORD11250,17-03-2026,CUS1002,Anjali Mehta,P001,3,0.1,Completed
ORD11525,17-03-2026,CUS1002,Kiran Kumar,P003,4,0.15,Completed
ORD11657,17-03-2026,CUS1016,Anjali Mehta,P005,3,0.1,Completed
ORD12082,17-03-2026,CUS1018,Anjali Mehta,P008,2,0.05,Completed
ORD12406,17-03-2026,CUS1012,Sneha Rao,P001,5,0.1,Completed
ORD12514,17-03-2026,CUS1010,Kiran Kumar,P002,1,0.05,Completed
ORD12585,17-03-2026,CUS1015,Rahul Verma,P003,2,0.05,Completed
ORD12730,17-03-2026,CUS1014,Amit Sharma,P008,4,0.15,Completed
ORD10706,18-03-2026,CUS1013,Vikram Singh,P008,2,0.1,Completed
ORD10861,18-03-2026,CUS1005,Sneha Rao,P010,1,0.1,Completed
ORD11387,18-03-2026,CUS1002,Kiran Kumar,P002,1,0.05,Completed
ORD11647,18-03-2026,CUS1020,Amit Sharma,P007,5,0.15,Completed
ORD12235,18-03-2026,CUS1009,Neha Joshi,P008,5,0.0,Completed
ORD12542,18-03-2026,CUS1004,Vikram Singh,P006,1,0.05,Completed
ORD12907,18-03-2026,CUS1008,Sneha Rao,P005,3,0.0,Completed
ORD13577,18-03-2026,CUS1016,Anjali Mehta,P006,9,0.15,Completed
ORD13620,18-03-2026,CUS1004,Amit Sharma,P004,1,0.0,Completed
ORD13831,18-03-2026,CUS1007,Rahul Verma,P009,1,0.05,Completed
ORD14377,18-03-2026,CUS1008,Anjali Mehta,P009,1,0.1,Completed
ORD14488,18-03-2026,CUS1014,Priya Nair,P007,1,0.0,Completed
ORD14853,18-03-2026,CUS1007,Kiran Kumar,P004,4,0.05,Completed
ORD10103,19-03-2026,CUS1005,Vikram Singh,P009,2,0.1,Completed
ORD10953,19-03-2026,CUS1009,Vikram Singh,P001,2,0.1,Completed
ORD11129,19-03-2026,CUS1004,Vikram Singh,P009,3,0.05,Completed
ORD11178,19-03-2026,CUS1005,Anjali Mehta,P002,5,0.05,Completed
ORD11260,19-03-2026,CUS1001,Priya Nair,P009,6,0.0,Completed
ORD11402,19-03-2026,CUS1020,Amit Sharma,P010,6,0.1,Completed
ORD11485,19-03-2026,CUS1011,Rahul Verma,P006,1,0.05,Completed
ORD11597,19-03-2026,CUS1005,Amit Sharma,P010,6,0.1,Cancelled
ORD11674,19-03-2026,CUS1008,Kiran Kumar,P009,3,0.15,Completed
ORD12494,19-03-2026,CUS1001,Kiran Kumar,P009,2,0.1,Completed
ORD12736,19-03-2026,CUS1019,Amit Sharma,P001,3,0.05,Completed
ORD12967,19-03-2026,CUS1013,Vikram Singh,P004,1,0.1,Completed
ORD13288,19-03-2026,CUS1019,Vikram Singh,P009,1,0.1,Completed
ORD13396,19-03-2026,CUS1020,Amit Sharma,P008,1,0.05,Cancelled
ORD13671,19-03-2026,CUS1005,Amit Sharma,P008,2,0.05,Completed
ORD14426,19-03-2026,CUS1001,Sneha Rao,P002,4,0.1,Cancelled
ORD10015,20-03-2026,CUS1013,Anjali Mehta,P007,5,0.05,Returned
ORD10109,20-03-2026,CUS1013,Vikram Singh,P004,1,0.15,Completed
ORD10501,20-03-2026,CUS1013,Anjali Mehta,P009,1,0.05,Completed
ORD10607,20-03-2026,CUS1013,Kiran Kumar,P001,2,0.0,Completed
ORD10779,20-03-2026,CUS1005,Sneha Rao,P007,5,0.05,Cancelled
ORD11067,20-03-2026,CUS1001,Kiran Kumar,P007,1,0.1,Completed
ORD11704,20-03-2026,CUS1002,Rahul Verma,P004,3,0.05,Completed
ORD11941,20-03-2026,CUS1020,Amit Sharma,P004,1,0.0,Completed
ORD12337,20-03-2026,CUS1017,Vikram Singh,P004,3,0.15,Completed
ORD12378,20-03-2026,CUS1011,Vikram Singh,P010,3,0.05,Completed
ORD12591,20-03-2026,CUS1010,Anjali Mehta,P005,3,0.05,Cancelled
ORD12669,20-03-2026,CUS1004,Sneha Rao,P001,2,0.05,Cancelled
ORD12741,20-03-2026,CUS1020,Priya Nair,P009,3,0.05,Completed
ORD12808,20-03-2026,CUS1007,Rahul Verma,P007,1,0.05,Completed
ORD13021,20-03-2026,CUS1013,Priya Nair,P004,4,0.0,Cancelled
ORD13100,20-03-2026,CUS1005,Kiran Kumar,P002,4,0.0,Completed
ORD13913,20-03-2026,CUS1011,Priya Nair,P001,3,0.1,Completed
ORD14107,20-03-2026,CUS1020,Anjali Mehta,P009,4,0.15,Completed
ORD14432,20-03-2026,CUS1004,Vikram Singh,P001,1,0.0,Completed
ORD10002,21-03-2026,CUS1007,Kiran Kumar,P004,1,0.1,Completed
ORD10156,21-03-2026,CUS1010,Priya Nair,P006,4,0.0,Completed
ORD11623,21-03-2026,CUS1018,Sneha Rao,P007,2,0.1,Completed
ORD11819,21-03-2026,CUS1001,Anjali Mehta,P008,2,0.15,Completed
ORD13063,21-03-2026,CUS1019,Kiran Kumar,P007,3,0.05,Completed
ORD13266,21-03-2026,CUS1004,Anjali Mehta,P008,2,0.0,Completed
ORD14223,21-03-2026,CUS1012,Anjali Mehta,P004,3,0.15,Completed
ORD14254,21-03-2026,CUS1004,Vikram Singh,P007,3,0.05,Cancelled
ORD10117,22-03-2026,CUS1013,Amit Sharma,P002,2,0.1,Completed
ORD10144,22-03-2026,CUS1011,Rahul Verma,P002,7,0.0,Completed
ORD10910,22-03-2026,CUS1011,Sneha Rao,P010,2,0.0,Completed
ORD10995,22-03-2026,CUS1007,Priya Nair,P004,3,0.2,Completed
ORD11593,22-03-2026,CUS1012,Vikram Singh,P003,1,0.05,Completed
ORD12052,22-03-2026,CUS1014,Kiran Kumar,P009,1,0.05,Completed
ORD12432,22-03-2026,CUS1013,Priya Nair,P009,2,0.05,Completed
ORD12453,22-03-2026,CUS1016,Rahul Verma,P001,3,0.05,Completed
ORD13092,22-03-2026,CUS1001,Kiran Kumar,P002,1,0.1,Completed
ORD13456,22-03-2026,CUS1013,Vikram Singh,P002,3,0.05,Cancelled
ORD13649,22-03-2026,CUS1011,Anjali Mehta,P007,4,0.0,Cancelled
ORD13868,22-03-2026,CUS1012,Amit Sharma,P004,1,0.15,Completed
ORD13922,22-03-2026,CUS1020,Sneha Rao,P004,3,0.0,Completed
ORD14323,22-03-2026,CUS1010,Amit Sharma,P002,2,0.05,Completed
ORD14421,22-03-2026,CUS1005,Amit Sharma,P008,2,0.05,Completed
ORD14818,22-03-2026,CUS1018,Sneha Rao,P007,1,0.15,Cancelled
ORD10714,23-03-2026,CUS1020,Anjali Mehta,P009,4,0.15,Completed
ORD10735,23-03-2026,CUS1017,Amit Sharma,P007,1,0.0,Completed
ORD12497,23-03-2026,CUS1015,Anjali Mehta,P003,1,0.05,Returned
ORD12695,23-03-2026,CUS1016,Kiran Kumar,P008,4,0.0,Completed
ORD13549,23-03-2026,CUS1005,Vikram Singh,P001,5,0.15,Completed
ORD13924,23-03-2026,CUS1018,Kiran Kumar,P003,6,0.05,Completed
ORD11785,24-03-2026,CUS1013,Amit Sharma,P001,3,0.0,Completed
ORD12233,24-03-2026,CUS1011,Kiran Kumar,P003,1,0.0,Completed
ORD12511,24-03-2026,CUS1005,Priya Nair,P003,3,0.0,Completed
ORD12605,24-03-2026,CUS1015,Sneha Rao,P001,6,0.2,Completed
ORD12881,24-03-2026,CUS1019,Vikram Singh,P009,2,0.1,Completed
ORD13000,24-03-2026,CUS1002,Rahul Verma,P009,1,0.15,Completed
ORD14010,24-03-2026,CUS1018,Anjali Mehta,P009,2,0.15,Completed
ORD14407,24-03-2026,CUS1017,Rahul Verma,P004,2,0.05,Completed
ORD14464,24-03-2026,CUS1008,Vikram Singh,P003,1,0.1,Completed
ORD14492,24-03-2026,CUS1017,Sneha Rao,P003,1,0.15,Completed
ORD14708,24-03-2026,CUS1002,Vikram Singh,P001,3,0.05,Completed
ORD10939,25-03-2026,CUS1005,Vikram Singh,P006,3,0.1,Completed
ORD11314,25-03-2026,CUS1017,Anjali Mehta,P004,2,0.1,Completed
ORD11336,25-03-2026,CUS1001,Neha Joshi,P008,1,0.1,Completed
ORD11572,25-03-2026,CUS1020,Vikram Singh,P010,3,0.0,Completed
ORD11812,25-03-2026,CUS1012,Vikram Singh,P009,8,0.1,Completed
ORD11845,25-03-2026,CUS1007,Kiran Kumar,P001,2,0.05,Completed
ORD12062,25-03-2026,CUS1009,Kiran Kumar,P003,3,0.0,Completed
ORD12484,25-03-2026,CUS1007,Vikram Singh,P010,1,0.05,Completed
ORD12779,25-03-2026,CUS1001,Rahul Verma,P007,2,0.1,Completed
ORD12900,25-03-2026,CUS1016,Priya Nair,P001,1,0.1,Completed
ORD13101,25-03-2026,CUS1002,Vikram Singh,P002,1,0.0,Completed
ORD13144,25-03-2026,CUS1013,Anjali Mehta,P002,1,0.0,Completed
ORD13374,25-03-2026,CUS1011,Sneha Rao,P009,1,0.0,Cancelled
ORD13698,25-03-2026,CUS1005,Anjali Mehta,P005,1,0.05,Completed
ORD14525,25-03-2026,CUS1018,Neha Joshi,P005,1,0.0,Completed
ORD14549,25-03-2026,CUS1020,Sneha Rao,P009,2,0.0,Completed
ORD14948,25-03-2026,CUS1019,Anjali Mehta,P003,1,0.1,Completed
ORD10383,26-03-2026,CUS1013,Vikram Singh,P005,1,0.1,Completed
ORD11197,26-03-2026,CUS1008,Anjali Mehta,P009,7,0.0,Completed
ORD12784,26-03-2026,CUS1011,Neha Joshi,P001,9,0.0,Completed
ORD13278,26-03-2026,CUS1013,Anjali Mehta,P007,4,0.1,Completed
ORD14508,26-03-2026,CUS1011,Amit Sharma,P001,3,0.05,Completed
ORD14731,26-03-2026,CUS1015,Rahul Verma,P007,2,0.2,Completed
ORD10014,27-03-2026,CUS1018,Vikram Singh,P001,6,0.05,Cancelled
ORD10252,27-03-2026,CUS1005,Kiran Kumar,P004,2,0.1,Completed
ORD10737,27-03-2026,CUS1002,Anjali Mehta,P007,2,0.1,Completed
ORD11024,27-03-2026,CUS1018,Kiran Kumar,P001,1,0.05,Completed
ORD11442,27-03-2026,CUS1016,Kiran Kumar,P004,2,0.05,Completed
ORD11602,27-03-2026,CUS1012,Priya Nair,P002,2,0.0,Completed
ORD11691,27-03-2026,CUS1020,Sneha Rao,P009,1,0.0,Completed
ORD12995,27-03-2026,CUS1005,Amit Sharma,P007,2,0.1,Completed
ORD13393,27-03-2026,CUS1018,Vikram Singh,P007,2,0.1,Completed
ORD14042,27-03-2026,CUS1011,Amit Sharma,P009,4,0.0,Completed
ORD14265,27-03-2026,CUS1001,Kiran Kumar,P003,1,0.0,Completed
ORD14391,27-03-2026,CUS1011,Kiran Kumar,P007,1,0.05,Completed
ORD14783,27-03-2026,CUS1016,Rahul Verma,P001,1,0.2,Completed
ORD10261,28-03-2026,CUS1009,Vikram Singh,P002,2,0.2,Completed
ORD10281,28-03-2026,CUS1008,Sneha Rao,P007,1,0.05,Completed
ORD10362,28-03-2026,CUS1019,Priya Nair,P009,3,0.0,Cancelled
ORD10488,28-03-2026,CUS1008,Neha Joshi,P001,3,0.1,Completed
ORD13041,28-03-2026,CUS1019,Amit Sharma,P001,1,0.05,Completed
ORD13207,28-03-2026,CUS1011,Vikram Singh,P001,1,0.15,Completed
ORD13594,28-03-2026,CUS1005,Sneha Rao,P004,8,0.05,Completed
ORD14110,28-03-2026,CUS1016,Amit Sharma,P001,2,0.15,Completed
ORD11213,29-03-2026,CUS1001,Kiran Kumar,P001,7,0.1,Returned
ORD11779,29-03-2026,CUS1016,Rahul Verma,P009,1,0.0,Completed
ORD12474,29-03-2026,CUS1013,Vikram Singh,P010,8,0.0,Completed
ORD12535,29-03-2026,CUS1012,Kiran Kumar,P001,1,0.05,Returned
ORD12844,29-03-2026,CUS1020,Sneha Rao,P010,1,0.05,Completed
ORD12903,29-03-2026,CUS1016,Vikram Singh,P001,2,0.1,Completed
ORD13103,29-03-2026,CUS1010,Neha Joshi,P004,3,0.05,Completed
ORD14205,29-03-2026,CUS1012,Priya Nair,P009,6,0.1,Completed
ORD10140,30-03-2026,CUS1018,Kiran Kumar,P002,5,0.1,Completed
ORD10209,30-03-2026,CUS1001,Rahul Verma,P001,2,0.15,Completed
ORD10649,30-03-2026,CUS1019,Vikram Singh,P002,5,0.1,Completed
ORD10857,30-03-2026,CUS1020,Sneha Rao,P004,2,0.1,Completed
ORD11000,30-03-2026,CUS1018,Anjali Mehta,P006,2,0.05,Completed
ORD11171,30-03-2026,CUS1001,Rahul Verma,P001,1,0.0,Cancelled
ORD11172,30-03-2026,CUS1018,Anjali Mehta,P001,3,0.05,Completed
ORD11196,30-03-2026,CUS1004,Sneha Rao,P009,3,0.05,Completed
ORD11301,30-03-2026,CUS1008,Vikram Singh,P003,1,0.0,Completed
ORD11547,30-03-2026,CUS1013,Amit Sharma,P001,2,0.15,Returned
ORD11696,30-03-2026,CUS1013,Anjali Mehta,P004,2,0.05,Completed
ORD12303,30-03-2026,CUS1005,Vikram Singh,P003,1,0.0,Completed
ORD12333,30-03-2026,CUS1018,Kiran Kumar,P007,3,0.1,Completed
ORD12501,30-03-2026,CUS1013,Sneha Rao,P001,1,0.0,Returned
ORD12716,30-03-2026,CUS1003,Kiran Kumar,P006,7,0.05,Completed
ORD13535,30-03-2026,CUS1020,Kiran Kumar,P002,5,0.0,Completed
ORD14087,30-03-2026,CUS1011,Vikram Singh,P002,7,0.1,Completed
ORD14165,30-03-2026,CUS1011,Sneha Rao,P004,4,0.15,Completed
ORD14170,30-03-2026,CUS1018,Kiran Kumar,P006,1,0.1,Completed
ORD14342,30-03-2026,CUS1005,Anjali Mehta,P010,3,0.15,Completed
ORD14561,30-03-2026,CUS1012,Amit Sharma,P004,3,0.15,Completed
ORD14718,30-03-2026,CUS1017,Anjali Mehta,P008,8,0.2,Completed
ORD10589,31-03-2026,CUS1002,Anjali Mehta,P001,4,0.05,Cancelled
ORD10797,31-03-2026,CUS1016,Vikram Singh,P002,2,0.1,Completed
ORD10831,31-03-2026,CUS1009,Kiran Kumar,P003,6,0.05,Completed
ORD10847,31-03-2026,CUS1010,Kiran Kumar,P001,1,0.05,Completed
ORD10972,31-03-2026,CUS1009,Amit Sharma,P002,2,0.05,Completed
ORD11690,31-03-2026,CUS1017,Rahul Verma,P007,4,0.0,Completed
ORD12297,31-03-2026,CUS1013,Sneha Rao,P007,2,0.05,Completed
ORD12527,31-03-2026,CUS1014,Kiran Kumar,P007,1,0.05,Completed
ORD12586,31-03-2026,CUS1015,Anjali Mehta,P004,4,0.1,Completed
ORD12948,31-03-2026,CUS1012,Anjali Mehta,P002,1,0.1,Completed
ORD13023,31-03-2026,CUS1009,Priya Nair,P002,5,0.15,Completed
ORD13185,31-03-2026,CUS1020,Neha Joshi,P002,1,0.05,Completed
ORD13718,31-03-2026,CUS1013,Anjali Mehta,P001,5,0.0,Completed
ORD13914,31-03-2026,CUS1019,Sneha Rao,P003,7,0.15,Completed
ORD13998,31-03-2026,CUS1009,Anjali Mehta,P006,4,0.1,Completed
ORD14226,31-03-2026,CUS1005,Anjali Mehta,P008,6,0.0,Completed
ORD14351,31-03-2026,CUS1005,Neha Joshi,P008,2,0.15,Completed
ORD14469,31-03-2026,CUS1007,Vikram Singh,P001,4,0.1,Completed
ORD14635,31-03-2026,CUS1010,Rahul Verma,P005,3,0.0,Completed
ORD10468,01-04-2026,CUS1017,Priya Nair,P007,3,0.15,Completed
ORD10689,01-04-2026,CUS1016,Anjali Mehta,P008,7,0.1,Completed
ORD10820,01-04-2026,CUS1016,Neha Joshi,P008,2,0.0,Cancelled
ORD11344,01-04-2026,CUS1011,Vikram Singh,P001,1,0.15,Completed
ORD11675,01-04-2026,CUS1009,Sneha Rao,P003,4,0.0,Completed
ORD12065,01-04-2026,CUS1005,Sneha Rao,P008,3,0.1,Cancelled
ORD12154,01-04-2026,CUS1019,Vikram Singh,P007,3,0.1,Completed
ORD12169,01-04-2026,CUS1010,Kiran Kumar,P002,1,0.1,Completed
ORD12274,01-04-2026,CUS1012,Amit Sharma,P001,3,0.1,Returned
ORD12834,01-04-2026,CUS1012,Amit Sharma,P006,2,0.0,Completed
ORD12872,01-04-2026,CUS1002,Amit Sharma,P001,2,0.1,Completed
ORD13057,01-04-2026,CUS1019,Amit Sharma,P007,3,0.05,Completed
ORD13136,01-04-2026,CUS1018,Priya Nair,P008,2,0.0,Completed
ORD13311,01-04-2026,CUS1016,Vikram Singh,P010,2,0.05,Completed
ORD13548,01-04-2026,CUS1012,Amit Sharma,P007,2,0.0,Completed
ORD13925,01-04-2026,CUS1018,Amit Sharma,P009,4,0.0,Completed
ORD14592,01-04-2026,CUS1016,Vikram Singh,P004,2,0.05,Completed
ORD14732,01-04-2026,CUS1002,Rahul Verma,P007,4,0.05,Completed
ORD14898,01-04-2026,CUS1004,Kiran Kumar,P008,2,0.0,Completed
ORD10891,02-04-2026,CUS1020,Sneha Rao,P002,2,0.1,Completed
ORD10916,02-04-2026,CUS1002,Priya Nair,P001,1,0.15,Completed
ORD11026,02-04-2026,CUS1001,Amit Sharma,P009,6,0.0,Completed
ORD11983,02-04-2026,CUS1003,Anjali Mehta,P002,5,0.0,Completed
ORD12532,02-04-2026,CUS1010,Anjali Mehta,P001,1,0.15,Completed
ORD13015,02-04-2026,CUS1016,Kiran Kumar,P008,2,0.05,Completed
ORD13107,02-04-2026,CUS1002,Vikram Singh,P004,9,0.05,Completed
ORD13114,02-04-2026,CUS1019,Amit Sharma,P005,5,0.05,Completed
ORD13181,02-04-2026,CUS1020,Priya Nair,P009,1,0.05,Completed
ORD14030,02-04-2026,CUS1017,Vikram Singh,P005,3,0.05,Completed
ORD14903,02-04-2026,CUS1020,Amit Sharma,P007,2,0.1,Completed
ORD10074,03-04-2026,CUS1014,Kiran Kumar,P001,1,0.0,Completed
ORD10743,03-04-2026,CUS1003,Amit Sharma,P003,4,0.05,Completed
ORD10777,03-04-2026,CUS1004,Vikram Singh,P004,1,0.05,Completed
ORD10860,03-04-2026,CUS1013,Anjali Mehta,P001,2,0.1,Completed
ORD11045,03-04-2026,CUS1014,Anjali Mehta,P005,7,0.1,Completed
ORD11295,03-04-2026,CUS1009,Anjali Mehta,P004,2,0.05,Cancelled
ORD11670,03-04-2026,CUS1015,Vikram Singh,P001,6,0.0,Completed
ORD11828,03-04-2026,CUS1008,Sneha Rao,P010,8,0.0,Completed
ORD12549,03-04-2026,CUS1010,Anjali Mehta,P009,2,0.1,Completed
ORD13158,03-04-2026,CUS1020,Amit Sharma,P007,2,0.05,Completed
ORD13656,03-04-2026,CUS1012,Neha Joshi,P004,3,0.0,Completed
ORD13926,03-04-2026,CUS1010,Kiran Kumar,P002,8,0.1,Completed
ORD14126,03-04-2026,CUS1002,Vikram Singh,P001,1,0.0,Completed
ORD14716,03-04-2026,CUS1016,Amit Sharma,P004,1,0.15,Completed
ORD14809,03-04-2026,CUS1015,Vikram Singh,P009,8,0.0,Completed
ORD14975,03-04-2026,CUS1012,Amit Sharma,P009,5,0.1,Completed
ORD10428,04-04-2026,CUS1016,Anjali Mehta,P006,1,0.05,Completed
ORD11947,04-04-2026,CUS1005,Vikram Singh,P002,7,0.05,Cancelled
ORD12096,04-04-2026,CUS1019,Neha Joshi,P008,3,0.1,Completed
ORD13183,04-04-2026,CUS1003,Anjali Mehta,P007,2,0.05,Completed
ORD14675,04-04-2026,CUS1013,Anjali Mehta,P002,4,0.15,Completed
ORD11531,05-04-2026,CUS1002,Anjali Mehta,P002,3,0.1,Completed
ORD12190,05-04-2026,CUS1019,Vikram Singh,P001,3,0.15,Completed
ORD12529,05-04-2026,CUS1012,Kiran Kumar,P008,4,0.15,Completed
ORD12796,05-04-2026,CUS1018,Vikram Singh,P007,2,0.05,Completed
ORD12945,05-04-2026,CUS1006,Anjali Mehta,P007,2,0.0,Completed
ORD13078,05-04-2026,CUS1019,Rahul Verma,P001,1,0.0,Completed
ORD13110,05-04-2026,CUS1018,Amit Sharma,P001,2,0.15,Returned
ORD13319,05-04-2026,CUS1009,Amit Sharma,P007,1,0.1,Completed
ORD13650,05-04-2026,CUS1016,Kiran Kumar,P009,1,0.1,Completed
ORD14072,05-04-2026,CUS1011,Kiran Kumar,P007,6,0.1,Completed
ORD14367,05-04-2026,CUS1018,Amit Sharma,P007,1,0.05,Completed
ORD14719,05-04-2026,CUS1001,Rahul Verma,P007,8,0.15,Completed
ORD14744,05-04-2026,CUS1019,Neha Joshi,P004,1,0.0,Completed
ORD14830,05-04-2026,CUS1005,Kiran Kumar,P008,1,0.1,Completed
ORD14951,05-04-2026,CUS1014,Sneha Rao,P001,3,0.1,Completed
ORD11371,06-04-2026,CUS1016,Kiran Kumar,P006,2,0.0,Completed
ORD11480,06-04-2026,CUS1017,Vikram Singh,P002,3,0.1,Cancelled
ORD12328,06-04-2026,CUS1020,Amit Sharma,P010,1,0.1,Completed
ORD13098,06-04-2026,CUS1006,Anjali Mehta,P006,4,0.05,Completed
ORD14088,06-04-2026,CUS1020,Rahul Verma,P002,3,0.0,Completed
ORD14244,06-04-2026,CUS1012,Priya Nair,P007,1,0.05,Completed
ORD14393,06-04-2026,CUS1016,Vikram Singh,P009,1,0.0,Completed
ORD14652,06-04-2026,CUS1006,Kiran Kumar,P006,1,0.0,Completed
ORD10285,07-04-2026,CUS1010,Neha Joshi,P001,2,0.05,Completed
ORD11836,07-04-2026,CUS1018,Rahul Verma,P008,1,0.05,Completed
ORD11955,07-04-2026,CUS1006,Priya Nair,P004,4,0.05,Completed
ORD12048,07-04-2026,CUS1011,Sneha Rao,P007,2,0.1,Completed
ORD12769,07-04-2026,CUS1004,Neha Joshi,P003,1,0.1,Completed
ORD13104,07-04-2026,CUS1002,Anjali Mehta,P001,3,0.0,Completed
ORD13236,07-04-2026,CUS1020,Kiran Kumar,P002,1,0.0,Completed
ORD13337,07-04-2026,CUS1012,Anjali Mehta,P001,4,0.05,Completed
ORD13365,07-04-2026,CUS1004,Amit Sharma,P004,3,0.0,Completed
ORD14232,07-04-2026,CUS1018,Amit Sharma,P009,5,0.05,Completed
ORD14594,07-04-2026,CUS1013,Amit Sharma,P009,1,0.1,Returned
ORD10201,08-04-2026,CUS1020,Vikram Singh,P003,1,0.0,Completed
ORD10559,08-04-2026,CUS1017,Sneha Rao,P004,4,0.05,Completed
ORD10784,08-04-2026,CUS1013,Vikram Singh,P006,3,0.05,Completed
ORD10885,08-04-2026,CUS1009,Rahul Verma,P005,3,0.05,Completed
ORD11833,08-04-2026,CUS1020,Amit Sharma,P009,1,0.0,Completed
ORD12249,08-04-2026,CUS1001,Kiran Kumar,P003,8,0.05,Completed
ORD13054,08-04-2026,CUS1012,Kiran Kumar,P004,10,0.05,Completed
ORD13441,08-04-2026,CUS1006,Priya Nair,P010,5,0.0,Returned
ORD13590,08-04-2026,CUS1009,Priya Nair,P010,1,0.1,Completed
ORD13664,08-04-2026,CUS1002,Amit Sharma,P001,2,0.0,Completed
ORD13667,08-04-2026,CUS1012,Anjali Mehta,P008,1,0.0,Completed
ORD13903,08-04-2026,CUS1017,Kiran Kumar,P002,4,0.15,Completed
ORD14398,08-04-2026,CUS1013,Kiran Kumar,P009,3,0.1,Completed
ORD14703,08-04-2026,CUS1017,Amit Sharma,P006,2,0.0,Completed
ORD14806,08-04-2026,CUS1006,Kiran Kumar,P009,2,0.15,Completed
ORD14879,08-04-2026,CUS1003,Vikram Singh,P009,4,0.1,Cancelled
ORD14968,08-04-2026,CUS1004,Rahul Verma,P009,1,0.0,Cancelled
ORD10836,09-04-2026,CUS1005,Vikram Singh,P007,5,0.05,Completed
ORD10880,09-04-2026,CUS1009,Amit Sharma,P002,2,0.1,Completed
ORD10962,09-04-2026,CUS1009,Neha Joshi,P001,6,0.0,Completed
ORD11591,09-04-2026,CUS1009,Rahul Verma,P010,1,0.0,Completed
ORD11712,09-04-2026,CUS1019,Kiran Kumar,P007,2,0.15,Completed
ORD11820,09-04-2026,CUS1004,Anjali Mehta,P008,2,0.0,Completed
ORD12101,09-04-2026,CUS1002,Neha Joshi,P004,1,0.1,Completed
ORD12222,09-04-2026,CUS1019,Kiran Kumar,P010,2,0.0,Completed
ORD12678,09-04-2026,CUS1018,Vikram Singh,P002,1,0.05,Completed
ORD13643,09-04-2026,CUS1011,Amit Sharma,P009,6,0.15,Completed
ORD13843,09-04-2026,CUS1014,Amit Sharma,P009,3,0.05,Completed
ORD13876,09-04-2026,CUS1003,Rahul Verma,P006,2,0.05,Returned
ORD14235,09-04-2026,CUS1020,Kiran Kumar,P007,3,0.05,Completed
ORD14867,09-04-2026,CUS1017,Anjali Mehta,P006,10,0.05,Completed
ORD10307,10-04-2026,CUS1011,Priya Nair,P004,4,0.05,Completed
ORD10532,10-04-2026,CUS1020,Priya Nair,P007,6,0.05,Completed
ORD10669,10-04-2026,CUS1011,Kiran Kumar,P004,10,0.05,Completed
ORD11673,10-04-2026,CUS1015,Vikram Singh,P010,8,0.0,Cancelled
ORD11953,10-04-2026,CUS1012,Anjali Mehta,P009,4,0.1,Completed
ORD12013,10-04-2026,CUS1012,Vikram Singh,P004,1,0.05,Completed
ORD12044,10-04-2026,CUS1007,Sneha Rao,P010,1,0.1,Completed
ORD12505,10-04-2026,CUS1019,Anjali Mehta,P009,5,0.1,Returned
ORD12938,10-04-2026,CUS1011,Sneha Rao,P002,2,0.05,Completed
ORD13827,10-04-2026,CUS1010,Amit Sharma,P006,3,0.05,Completed
ORD14701,10-04-2026,CUS1015,Kiran Kumar,P004,5,0.1,Completed
ORD14976,10-04-2026,CUS1012,Vikram Singh,P007,3,0.05,Completed
ORD10067,11-04-2026,CUS1004,Anjali Mehta,P002,2,0.05,Completed
ORD10673,11-04-2026,CUS1011,Anjali Mehta,P008,3,0.0,Completed
ORD10699,11-04-2026,CUS1018,Neha Joshi,P010,4,0.05,Completed
ORD10994,11-04-2026,CUS1009,Kiran Kumar,P008,4,0.0,Completed
ORD11353,11-04-2026,CUS1011,Vikram Singh,P008,4,0.15,Cancelled
ORD11576,11-04-2026,CUS1011,Sneha Rao,P004,1,0.0,Completed
ORD11942,11-04-2026,CUS1007,Kiran Kumar,P002,1,0.05,Completed
ORD12011,11-04-2026,CUS1020,Vikram Singh,P002,1,0.15,Completed
ORD12498,11-04-2026,CUS1013,Rahul Verma,P002,2,0.05,Completed
ORD12693,11-04-2026,CUS1009,Rahul Verma,P004,4,0.1,Completed
ORD12859,11-04-2026,CUS1014,Kiran Kumar,P001,3,0.05,Completed
ORD13380,11-04-2026,CUS1003,Anjali Mehta,P010,2,0.15,Completed
ORD13509,11-04-2026,CUS1015,Amit Sharma,P003,4,0.0,Completed
ORD13721,11-04-2026,CUS1010,Anjali Mehta,P001,1,0.1,Completed
ORD13788,11-04-2026,CUS1016,Amit Sharma,P005,1,0.05,Completed
ORD13850,11-04-2026,CUS1018,Anjali Mehta,P007,4,0.05,Completed
ORD13938,11-04-2026,CUS1013,Kiran Kumar,P002,2,0.0,Completed
ORD14446,11-04-2026,CUS1001,Vikram Singh,P008,2,0.0,Completed
ORD10174,12-04-2026,CUS1016,Anjali Mehta,P004,8,0.05,Completed
ORD11247,12-04-2026,CUS1020,Vikram Singh,P001,1,0.15,Completed
ORD11421,12-04-2026,CUS1018,Kiran Kumar,P002,1,0.05,Completed
ORD11653,12-04-2026,CUS1013,Kiran Kumar,P007,3,0.0,Completed
ORD11875,12-04-2026,CUS1002,Rahul Verma,P008,1,0.05,Completed
ORD13122,12-04-2026,CUS1011,Kiran Kumar,P004,1,0.1,Completed
ORD13205,12-04-2026,CUS1001,Kiran Kumar,P007,2,0.1,Completed
ORD13464,12-04-2026,CUS1011,Rahul Verma,P007,2,0.0,Returned
ORD14418,12-04-2026,CUS1011,Amit Sharma,P002,1,0.1,Completed
ORD14532,12-04-2026,CUS1018,Anjali Mehta,P003,5,0.0,Completed
ORD14926,12-04-2026,CUS1017,Anjali Mehta,P007,2,0.1,Completed
ORD10746,13-04-2026,CUS1009,Sneha Rao,P009,3,0.05,Completed
ORD11136,13-04-2026,CUS1009,Amit Sharma,P007,1,0.05,Completed
ORD11755,13-04-2026,CUS1005,Sneha Rao,P008,9,0.15,Completed
ORD11803,13-04-2026,CUS1015,Kiran Kumar,P007,5,0.15,Completed
ORD11949,13-04-2026,CUS1015,Amit Sharma,P002,2,0.1,Completed
ORD12021,13-04-2026,CUS1002,Kiran Kumar,P001,4,0.05,Completed
ORD12926,13-04-2026,CUS1020,Kiran Kumar,P002,3,0.0,Completed
ORD13316,13-04-2026,CUS1016,Rahul Verma,P007,1,0.05,Completed
ORD14172,13-04-2026,CUS1001,Rahul Verma,P006,9,0.0,Completed
ORD14534,13-04-2026,CUS1019,Rahul Verma,P007,1,0.15,Completed
ORD14815,13-04-2026,CUS1016,Anjali Mehta,P006,8,0.05,Completed
ORD10179,14-04-2026,CUS1018,Priya Nair,P008,1,0.15,Completed
ORD10541,14-04-2026,CUS1014,Anjali Mehta,P008,8,0.15,Completed
ORD10568,14-04-2026,CUS1016,Amit Sharma,P001,1,0.05,Completed
ORD11216,14-04-2026,CUS1012,Vikram Singh,P008,1,0.0,Cancelled
ORD11505,14-04-2026,CUS1018,Priya Nair,P007,1,0.0,Completed
ORD11510,14-04-2026,CUS1013,Amit Sharma,P001,2,0.0,Completed
ORD12972,14-04-2026,CUS1014,Anjali Mehta,P003,2,0.2,Completed
ORD13375,14-04-2026,CUS1006,Amit Sharma,P007,1,0.05,Completed
ORD13712,14-04-2026,CUS1007,Rahul Verma,P001,4,0.05,Completed
ORD13811,14-04-2026,CUS1019,Sneha Rao,P001,8,0.0,Completed
ORD14419,14-04-2026,CUS1005,Sneha Rao,P007,4,0.05,Completed
ORD14646,14-04-2026,CUS1012,Anjali Mehta,P003,2,0.1,Completed
ORD10012,15-04-2026,CUS1001,Kiran Kumar,P004,2,0.0,Completed
ORD10231,15-04-2026,CUS1012,Anjali Mehta,P002,3,0.1,Completed
ORD11605,15-04-2026,CUS1020,Kiran Kumar,P007,1,0.05,Completed
ORD11627,15-04-2026,CUS1005,Kiran Kumar,P001,3,0.15,Completed
ORD11649,15-04-2026,CUS1002,Amit Sharma,P006,1,0.0,Completed
ORD11873,15-04-2026,CUS1011,Amit Sharma,P007,1,0.1,Completed
ORD12350,15-04-2026,CUS1012,Kiran Kumar,P005,1,0.05,Completed
ORD12416,15-04-2026,CUS1005,Vikram Singh,P009,1,0.05,Completed
ORD13013,15-04-2026,CUS1001,Amit Sharma,P005,2,0.1,Completed
ORD13030,15-04-2026,CUS1007,Amit Sharma,P002,6,0.1,Completed
ORD13517,15-04-2026,CUS1012,Neha Joshi,P002,1,0.1,Completed
ORD13661,15-04-2026,CUS1010,Amit Sharma,P001,1,0.05,Completed
ORD10359,16-04-2026,CUS1016,Priya Nair,P002,2,0.05,Completed
ORD10497,16-04-2026,CUS1002,Anjali Mehta,P009,5,0.05,Completed
ORD10523,16-04-2026,CUS1020,Anjali Mehta,P002,2,0.05,Completed
ORD11296,16-04-2026,CUS1018,Neha Joshi,P008,2,0.1,Completed
ORD11348,16-04-2026,CUS1009,Vikram Singh,P006,4,0.1,Completed
ORD11962,16-04-2026,CUS1018,Vikram Singh,P001,2,0.05,Completed
ORD12258,16-04-2026,CUS1002,Sneha Rao,P007,3,0.05,Completed
ORD12466,16-04-2026,CUS1016,Sneha Rao,P006,3,0.2,Completed
ORD12675,16-04-2026,CUS1016,Vikram Singh,P007,2,0.1,Completed
ORD12910,16-04-2026,CUS1007,Anjali Mehta,P007,2,0.15,Completed
ORD12920,16-04-2026,CUS1016,Anjali Mehta,P004,4,0.05,Completed
ORD13163,16-04-2026,CUS1002,Anjali Mehta,P007,2,0.0,Completed
ORD13809,16-04-2026,CUS1010,Amit Sharma,P007,3,0.0,Completed
ORD14231,16-04-2026,CUS1001,Neha Joshi,P009,8,0.05,Completed
ORD14526,16-04-2026,CUS1017,Amit Sharma,P002,1,0.0,Completed
ORD10272,17-04-2026,CUS1011,Neha Joshi,P006,3,0.05,Completed
ORD10709,17-04-2026,CUS1012,Kiran Kumar,P004,4,0.15,Completed
ORD10742,17-04-2026,CUS1017,Sneha Rao,P009,2,0.1,Completed
ORD10961,17-04-2026,CUS1013,Anjali Mehta,P009,2,0.1,Completed
ORD11185,17-04-2026,CUS1018,Rahul Verma,P001,3,0.1,Completed
ORD11453,17-04-2026,CUS1019,Sneha Rao,P007,4,0.05,Completed
ORD12108,17-04-2026,CUS1005,Rahul Verma,P002,3,0.15,Completed
ORD12229,17-04-2026,CUS1007,Rahul Verma,P003,3,0.2,Completed
ORD12394,17-04-2026,CUS1017,Amit Sharma,P010,3,0.0,Completed
ORD12517,17-04-2026,CUS1017,Neha Joshi,P008,1,0.1,Completed
ORD13837,17-04-2026,CUS1010,Kiran Kumar,P007,4,0.1,Completed
ORD14445,17-04-2026,CUS1016,Vikram Singh,P003,3,0.1,Completed
ORD14798,17-04-2026,CUS1002,Priya Nair,P001,3,0.05,Completed
ORD14840,17-04-2026,CUS1005,Priya Nair,P010,2,0.1,Completed
ORD10432,18-04-2026,CUS1020,Amit Sharma,P009,3,0.05,Completed
ORD10624,18-04-2026,CUS1016,Rahul Verma,P006,3,0.2,Completed
ORD10726,18-04-2026,CUS1016,Kiran Kumar,P006,6,0.1,Completed
ORD11018,18-04-2026,CUS1017,Amit Sharma,P006,1,0.1,Completed
ORD11205,18-04-2026,CUS1011,Kiran Kumar,P007,1,0.2,Completed
ORD11585,18-04-2026,CUS1020,Priya Nair,P007,3,0.05,Completed
ORD12134,18-04-2026,CUS1014,Anjali Mehta,P001,1,0.1,Completed
ORD12188,18-04-2026,CUS1008,Neha Joshi,P001,1,0.1,Completed
ORD12216,18-04-2026,CUS1015,Kiran Kumar,P010,1,0.15,Completed
ORD12717,18-04-2026,CUS1013,Neha Joshi,P003,2,0.05,Completed
ORD13032,18-04-2026,CUS1005,Amit Sharma,P002,4,0.05,Completed
ORD13340,18-04-2026,CUS1005,Priya Nair,P007,2,0.0,Completed
ORD13345,18-04-2026,CUS1019,Vikram Singh,P004,1,0.15,Completed
ORD13968,18-04-2026,CUS1012,Amit Sharma,P009,3,0.05,Completed
ORD14540,18-04-2026,CUS1020,Kiran Kumar,P001,2,0.0,Completed
ORD14678,18-04-2026,CUS1012,Neha Joshi,P007,2,0.05,Completed
ORD14734,18-04-2026,CUS1015,Vikram Singh,P007,1,0.05,Completed
ORD14985,18-04-2026,CUS1011,Amit Sharma,P009,8,0.05,Completed
ORD10471,19-04-2026,CUS1009,Kiran Kumar,P007,4,0.05,Completed
ORD10516,19-04-2026,CUS1017,Vikram Singh,P005,1,0.1,Completed
ORD10685,19-04-2026,CUS1014,Amit Sharma,P008,3,0.05,Completed
ORD11261,19-04-2026,CUS1002,Vikram Singh,P007,1,0.15,Completed
ORD11419,19-04-2026,CUS1012,Vikram Singh,P001,6,0.05,Completed
ORD11913,19-04-2026,CUS1005,Priya Nair,P007,2,0.1,Completed
ORD12079,19-04-2026,CUS1001,Sneha Rao,P001,4,0.2,Completed
ORD13025,19-04-2026,CUS1004,Vikram Singh,P009,1,0.0,Completed
ORD13157,19-04-2026,CUS1009,Kiran Kumar,P004,2,0.0,Completed
ORD13400,19-04-2026,CUS1019,Vikram Singh,P009,3,0.05,Completed
ORD13890,19-04-2026,CUS1015,Rahul Verma,P009,2,0.05,Completed
ORD14498,19-04-2026,CUS1017,Rahul Verma,P002,2,0.1,Completed
ORD10434,20-04-2026,CUS1013,Sneha Rao,P009,1,0.05,Completed
ORD10643,20-04-2026,CUS1013,Kiran Kumar,P007,10,0.05,Cancelled
ORD10662,20-04-2026,CUS1012,Amit Sharma,P008,2,0.0,Completed
ORD10671,20-04-2026,CUS1011,Vikram Singh,P006,2,0.0,Completed
ORD10799,20-04-2026,CUS1005,Kiran Kumar,P008,1,0.0,Completed
ORD11177,20-04-2026,CUS1013,Priya Nair,P007,8,0.1,Completed
ORD11392,20-04-2026,CUS1017,Sneha Rao,P004,2,0.0,Completed
ORD11680,20-04-2026,CUS1020,Anjali Mehta,P006,2,0.05,Completed
ORD12720,20-04-2026,CUS1001,Priya Nair,P007,6,0.0,Completed
ORD12760,20-04-2026,CUS1002,Priya Nair,P004,5,0.05,Completed
ORD13389,20-04-2026,CUS1018,Vikram Singh,P007,2,0.0,Completed
ORD13559,20-04-2026,CUS1016,Anjali Mehta,P009,3,0.1,Completed
ORD14346,20-04-2026,CUS1018,Anjali Mehta,P010,2,0.15,Completed
ORD14974,20-04-2026,CUS1017,Priya Nair,P008,5,0.05,Completed
ORD14980,20-04-2026,CUS1001,Sneha Rao,P004,1,0.0,Cancelled
ORD10724,21-04-2026,CUS1005,Anjali Mehta,P005,3,0.05,Completed
ORD10874,21-04-2026,CUS1017,Rahul Verma,P006,1,0.0,Completed
ORD11302,21-04-2026,CUS1001,Amit Sharma,P002,5,0.05,Completed
ORD11313,21-04-2026,CUS1001,Kiran Kumar,P009,2,0.15,Completed
ORD11790,21-04-2026,CUS1019,Vikram Singh,P007,2,0.1,Completed
ORD11856,21-04-2026,CUS1006,Kiran Kumar,P002,5,0.0,Completed
ORD11975,21-04-2026,CUS1012,Vikram Singh,P007,3,0.05,Completed
ORD12330,21-04-2026,CUS1012,Neha Joshi,P001,4,0.05,Completed
ORD12376,21-04-2026,CUS1012,Amit Sharma,P002,1,0.05,Completed
ORD12850,21-04-2026,CUS1002,Neha Joshi,P001,4,0.05,Completed
ORD12897,21-04-2026,CUS1018,Kiran Kumar,P007,1,0.0,Completed
ORD12954,21-04-2026,CUS1015,Rahul Verma,P001,4,0.0,Completed
ORD13127,21-04-2026,CUS1016,Kiran Kumar,P004,5,0.0,Completed
ORD13780,21-04-2026,CUS1016,Amit Sharma,P007,2,0.0,Completed
ORD14474,21-04-2026,CUS1001,Anjali Mehta,P002,3,0.15,Completed
ORD14944,21-04-2026,CUS1012,Priya Nair,P007,2,0.2,Completed
ORD10325,22-04-2026,CUS1016,Vikram Singh,P007,6,0.05,Completed
ORD10384,22-04-2026,CUS1012,Sneha Rao,P004,5,0.0,Completed
ORD10844,22-04-2026,CUS1008,Priya Nair,P009,1,0.05,Completed
ORD10931,22-04-2026,CUS1007,Anjali Mehta,P007,7,0.0,Returned
ORD11366,22-04-2026,CUS1005,Vikram Singh,P006,1,0.0,Completed
ORD12791,22-04-2026,CUS1010,Kiran Kumar,P004,5,0.0,Completed
ORD13739,22-04-2026,CUS1014,Sneha Rao,P010,1,0.15,Completed
ORD14057,22-04-2026,CUS1012,Neha Joshi,P007,5,0.0,Completed
ORD10013,23-04-2026,CUS1005,Sneha Rao,P005,1,0.05,Completed
ORD10257,23-04-2026,CUS1002,Kiran Kumar,P009,1,0.0,Completed
ORD10490,23-04-2026,CUS1016,Vikram Singh,P009,10,0.0,Completed
ORD10683,23-04-2026,CUS1014,Priya Nair,P004,1,0.0,Completed
ORD11499,23-04-2026,CUS1020,Kiran Kumar,P006,1,0.0,Completed
ORD12205,23-04-2026,CUS1009,Vikram Singh,P003,3,0.0,Completed
ORD12940,23-04-2026,CUS1017,Vikram Singh,P001,2,0.0,Completed
ORD13364,23-04-2026,CUS1013,Vikram Singh,P004,1,0.1,Completed
ORD13472,23-04-2026,CUS1011,Vikram Singh,P008,1,0.05,Completed
ORD13905,23-04-2026,CUS1020,Amit Sharma,P009,1,0.05,Completed
ORD14182,23-04-2026,CUS1009,Neha Joshi,P007,10,0.2,Completed
ORD14542,23-04-2026,CUS1016,Rahul Verma,P001,1,0.15,Completed
ORD14665,23-04-2026,CUS1018,Anjali Mehta,P005,2,0.05,Completed
ORD10139,24-04-2026,CUS1017,Kiran Kumar,P006,2,0.1,Completed
ORD11028,24-04-2026,CUS1001,Anjali Mehta,P002,4,0.2,Completed
ORD11652,24-04-2026,CUS1002,Anjali Mehta,P001,3,0.05,Completed
ORD12056,24-04-2026,CUS1014,Amit Sharma,P009,2,0.05,Completed
ORD12145,24-04-2026,CUS1019,Anjali Mehta,P001,4,0.05,Completed
ORD12593,24-04-2026,CUS1013,Anjali Mehta,P001,2,0.15,Completed
ORD12622,24-04-2026,CUS1001,Amit Sharma,P006,2,0.05,Completed
ORD12748,24-04-2026,CUS1018,Sneha Rao,P001,2,0.0,Completed
ORD13391,24-04-2026,CUS1016,Anjali Mehta,P007,5,0.0,Completed
ORD14255,24-04-2026,CUS1014,Vikram Singh,P001,1,0.0,Completed
ORD14970,24-04-2026,CUS1010,Kiran Kumar,P010,4,0.0,Completed
ORD10268,25-04-2026,CUS1005,Kiran Kumar,P001,5,0.0,Completed
ORD10654,25-04-2026,CUS1012,Sneha Rao,P009,1,0.15,Completed
ORD10751,25-04-2026,CUS1008,Rahul Verma,P009,1,0.05,Completed
ORD10787,25-04-2026,CUS1016,Vikram Singh,P005,1,0.05,Completed
ORD11009,25-04-2026,CUS1020,Kiran Kumar,P001,3,0.05,Completed
ORD13760,25-04-2026,CUS1014,Anjali Mehta,P001,2,0.1,Completed
ORD11452,26-04-2026,CUS1014,Kiran Kumar,P009,4,0.0,Completed
ORD12289,26-04-2026,CUS1018,Vikram Singh,P006,2,0.1,Completed
ORD12492,26-04-2026,CUS1002,Anjali Mehta,P001,3,0.05,Completed
ORD13731,26-04-2026,CUS1006,Kiran Kumar,P004,4,0.0,Completed
ORD14178,26-04-2026,CUS1004,Anjali Mehta,P010,1,0.15,Cancelled
ORD14229,26-04-2026,CUS1007,Anjali Mehta,P004,8,0.0,Completed
ORD14433,26-04-2026,CUS1007,Sneha Rao,P008,2,0.1,Returned
ORD14504,26-04-2026,CUS1009,Vikram Singh,P006,3,0.1,Completed
ORD14575,26-04-2026,CUS1005,Amit Sharma,P009,3,0.05,Completed
ORD14692,26-04-2026,CUS1017,Rahul Verma,P002,6,0.1,Completed
ORD10817,27-04-2026,CUS1019,Vikram Singh,P009,3,0.05,Completed
ORD11347,27-04-2026,CUS1016,Vikram Singh,P010,4,0.0,Completed
ORD11893,27-04-2026,CUS1020,Amit Sharma,P002,1,0.0,Completed
ORD12509,27-04-2026,CUS1006,Neha Joshi,P007,8,0.05,Completed
ORD13420,27-04-2026,CUS1005,Sneha Rao,P007,4,0.0,Completed
ORD13690,27-04-2026,CUS1013,Vikram Singh,P001,4,0.05,Cancelled
ORD14260,27-04-2026,CUS1019,Vikram Singh,P001,7,0.05,Completed
ORD14402,27-04-2026,CUS1017,Anjali Mehta,P007,2,0.0,Completed
ORD14617,27-04-2026,CUS1002,Neha Joshi,P004,2,0.1,Completed
ORD14829,27-04-2026,CUS1009,Amit Sharma,P001,1,0.1,Completed
ORD10036,28-04-2026,CUS1013,Anjali Mehta,P008,1,0.0,Completed
ORD10054,28-04-2026,CUS1017,Anjali Mehta,P004,1,0.0,Completed
ORD10407,28-04-2026,CUS1004,Kiran Kumar,P007,5,0.05,Completed
ORD10445,28-04-2026,CUS1008,Sneha Rao,P010,5,0.0,Completed
ORD10519,28-04-2026,CUS1002,Vikram Singh,P004,2,0.1,Completed
ORD10740,28-04-2026,CUS1020,Anjali Mehta,P009,1,0.1,Completed
ORD10876,28-04-2026,CUS1001,Vikram Singh,P009,2,0.1,Cancelled
ORD10967,28-04-2026,CUS1015,Anjali Mehta,P008,7,0.0,Completed
ORD12099,28-04-2026,CUS1012,Anjali Mehta,P001,8,0.0,Completed
ORD12384,28-04-2026,CUS1007,Anjali Mehta,P002,7,0.05,Completed
ORD12681,28-04-2026,CUS1018,Vikram Singh,P001,6,0.0,Returned
ORD12703,28-04-2026,CUS1020,Vikram Singh,P009,2,0.05,Completed
ORD12810,28-04-2026,CUS1019,Vikram Singh,P009,1,0.1,Completed
ORD13037,28-04-2026,CUS1002,Sneha Rao,P004,1,0.0,Cancelled
ORD13052,28-04-2026,CUS1016,Kiran Kumar,P009,2,0.05,Completed
ORD13297,28-04-2026,CUS1002,Amit Sharma,P001,3,0.0,Completed
ORD13759,28-04-2026,CUS1010,Kiran Kumar,P001,1,0.05,Completed
ORD14003,28-04-2026,CUS1005,Neha Joshi,P001,4,0.05,Completed
ORD10298,29-04-2026,CUS1011,Priya Nair,P007,5,0.0,Completed
ORD10311,29-04-2026,CUS1005,Amit Sharma,P009,6,0.0,Completed
ORD12869,29-04-2026,CUS1016,Sneha Rao,P009,5,0.05,Completed
ORD13108,29-04-2026,CUS1001,Vikram Singh,P007,7,0.0,Completed
ORD14543,29-04-2026,CUS1011,Kiran Kumar,P006,3,0.0,Completed
ORD14752,29-04-2026,CUS1005,Priya Nair,P007,2,0.05,Completed
ORD10353,30-04-2026,CUS1003,Priya Nair,P006,6,0.2,Completed
ORD10999,30-04-2026,CUS1010,Sneha Rao,P004,2,0.05,Completed
ORD11270,30-04-2026,CUS1012,Sneha Rao,P010,5,0.05,Completed
ORD11401,30-04-2026,CUS1009,Amit Sharma,P001,5,0.0,Completed
ORD11735,30-04-2026,CUS1019,Vikram Singh,P001,3,0.05,Completed
ORD12027,30-04-2026,CUS1014,Priya Nair,P001,3,0.05,Completed
ORD12462,30-04-2026,CUS1016,Vikram Singh,P010,6,0.0,Completed
ORD13521,30-04-2026,CUS1011,Anjali Mehta,P005,3,0.2,Completed
ORD14379,30-04-2026,CUS1020,Sneha Rao,P010,2,0.1,Completed
ORD14816,30-04-2026,CUS1016,Sneha Rao,P007,1,0.0,Completed
ORD14856,30-04-2026,CUS1009,Vikram Singh,P002,2,0.05,Completed
ORD11699,01-05-2026,CUS1005,Neha Joshi,P009,10,0.0,Completed
ORD11964,01-05-2026,CUS1012,Sneha Rao,P006,1,0.1,Completed
ORD12419,01-05-2026,CUS1013,Priya Nair,P008,3,0.05,Completed
ORD13044,01-05-2026,CUS1012,Priya Nair,P010,2,0.15,Returned
ORD13045,01-05-2026,CUS1013,Priya Nair,P009,1,0.0,Completed
ORD13159,01-05-2026,CUS1011,Kiran Kumar,P001,1,0.15,Completed
ORD13463,01-05-2026,CUS1004,Vikram Singh,P001,2,0.05,Completed
ORD13580,01-05-2026,CUS1009,Amit Sharma,P002,5,0.0,Cancelled
ORD10078,02-05-2026,CUS1013,Vikram Singh,P008,2,0.1,Completed
ORD10270,02-05-2026,CUS1002,Priya Nair,P004,3,0.15,Completed
ORD10770,02-05-2026,CUS1016,Anjali Mehta,P006,3,0.0,Completed
ORD10853,02-05-2026,CUS1013,Priya Nair,P001,1,0.05,Cancelled
ORD11233,02-05-2026,CUS1019,Vikram Singh,P007,1,0.0,Completed
ORD11380,02-05-2026,CUS1002,Amit Sharma,P003,4,0.05,Completed
ORD11537,02-05-2026,CUS1020,Vikram Singh,P008,1,0.15,Completed
ORD11639,02-05-2026,CUS1015,Sneha Rao,P003,1,0.05,Completed
ORD12950,02-05-2026,CUS1009,Sneha Rao,P009,2,0.1,Completed
ORD13088,02-05-2026,CUS1016,Amit Sharma,P007,1,0.05,Completed
ORD13274,02-05-2026,CUS1015,Kiran Kumar,P009,5,0.1,Completed
ORD13293,02-05-2026,CUS1020,Amit Sharma,P004,2,0.15,Completed
ORD13615,02-05-2026,CUS1016,Sneha Rao,P008,1,0.1,Completed
ORD14018,02-05-2026,CUS1014,Sneha Rao,P009,2,0.1,Completed
ORD14128,02-05-2026,CUS1005,Kiran Kumar,P003,9,0.05,Completed
ORD14443,02-05-2026,CUS1012,Anjali Mehta,P002,1,0.0,Completed
ORD14453,02-05-2026,CUS1005,Amit Sharma,P010,1,0.1,Completed
ORD14548,02-05-2026,CUS1012,Vikram Singh,P002,1,0.15,Cancelled
ORD10043,03-05-2026,CUS1020,Amit Sharma,P009,4,0.05,Completed
ORD10162,03-05-2026,CUS1006,Rahul Verma,P006,4,0.05,Cancelled
ORD10583,03-05-2026,CUS1012,Kiran Kumar,P009,1,0.0,Cancelled
ORD10672,03-05-2026,CUS1016,Neha Joshi,P003,2,0.1,Completed
ORD10767,03-05-2026,CUS1016,Neha Joshi,P004,1,0.0,Completed
ORD10918,03-05-2026,CUS1018,Priya Nair,P001,1,0.05,Completed
ORD11109,03-05-2026,CUS1016,Vikram Singh,P002,3,0.05,Completed
ORD11457,03-05-2026,CUS1010,Anjali Mehta,P002,3,0.1,Completed
ORD12254,03-05-2026,CUS1020,Anjali Mehta,P007,1,0.0,Completed
ORD12588,03-05-2026,CUS1016,Amit Sharma,P005,5,0.05,Completed
ORD12600,03-05-2026,CUS1015,Anjali Mehta,P005,5,0.1,Cancelled
ORD12621,03-05-2026,CUS1006,Anjali Mehta,P010,1,0.05,Completed
ORD12732,03-05-2026,CUS1001,Kiran Kumar,P002,8,0.0,Returned
ORD13894,03-05-2026,CUS1004,Rahul Verma,P001,2,0.0,Completed
ORD13973,03-05-2026,CUS1020,Amit Sharma,P004,5,0.05,Completed
ORD14121,03-05-2026,CUS1009,Sneha Rao,P003,6,0.05,Completed
ORD14131,03-05-2026,CUS1009,Vikram Singh,P004,1,0.0,Completed
ORD14247,03-05-2026,CUS1002,Amit Sharma,P010,5,0.0,Completed
ORD14424,03-05-2026,CUS1018,Vikram Singh,P001,5,0.05,Completed
ORD10061,04-05-2026,CUS1003,Anjali Mehta,P001,8,0.0,Completed
ORD10357,04-05-2026,CUS1012,Kiran Kumar,P004,6,0.15,Cancelled
ORD10981,04-05-2026,CUS1012,Anjali Mehta,P004,1,0.05,Completed
ORD11566,04-05-2026,CUS1014,Neha Joshi,P006,2,0.05,Completed
ORD12278,04-05-2026,CUS1008,Kiran Kumar,P006,1,0.0,Completed
ORD12747,04-05-2026,CUS1012,Neha Joshi,P009,4,0.0,Completed
ORD13145,04-05-2026,CUS1005,Anjali Mehta,P009,2,0.2,Cancelled
ORD13495,04-05-2026,CUS1010,Kiran Kumar,P004,2,0.1,Completed
ORD14306,04-05-2026,CUS1005,Vikram Singh,P002,2,0.0,Completed
ORD14733,04-05-2026,CUS1019,Vikram Singh,P005,5,0.0,Completed
ORD14835,04-05-2026,CUS1005,Priya Nair,P009,2,0.0,Completed
ORD10212,05-05-2026,CUS1013,Kiran Kumar,P009,2,0.1,Completed
ORD10785,05-05-2026,CUS1018,Amit Sharma,P004,3,0.0,Completed
ORD11738,05-05-2026,CUS1002,Amit Sharma,P006,2,0.05,Completed
ORD11783,05-05-2026,CUS1020,Anjali Mehta,P004,8,0.1,Completed
ORD12228,05-05-2026,CUS1013,Amit Sharma,P004,4,0.1,Cancelled
ORD12280,05-05-2026,CUS1018,Amit Sharma,P007,8,0.0,Completed
ORD12309,05-05-2026,CUS1008,Kiran Kumar,P005,7,0.0,Completed
ORD12548,05-05-2026,CUS1014,Rahul Verma,P006,1,0.1,Completed
ORD12560,05-05-2026,CUS1011,Priya Nair,P010,1,0.0,Completed
ORD12866,05-05-2026,CUS1012,Anjali Mehta,P008,2,0.0,Completed
ORD12981,05-05-2026,CUS1001,Anjali Mehta,P008,1,0.1,Cancelled
ORD13065,05-05-2026,CUS1011,Vikram Singh,P007,2,0.2,Completed
ORD13363,05-05-2026,CUS1016,Vikram Singh,P007,1,0.1,Completed
ORD13511,05-05-2026,CUS1010,Priya Nair,P004,1,0.0,Completed
ORD13694,05-05-2026,CUS1016,Vikram Singh,P003,5,0.05,Completed
ORD14388,05-05-2026,CUS1002,Kiran Kumar,P002,4,0.0,Completed
ORD14589,05-05-2026,CUS1018,Anjali Mehta,P007,1,0.1,Completed
ORD14676,05-05-2026,CUS1010,Priya Nair,P007,1,0.1,Completed
ORD10168,06-05-2026,CUS1005,Vikram Singh,P007,4,0.05,Cancelled
ORD10631,06-05-2026,CUS1017,Sneha Rao,P010,3,0.05,Completed
ORD10657,06-05-2026,CUS1012,Kiran Kumar,P004,8,0.05,Completed
ORD10682,06-05-2026,CUS1017,Kiran Kumar,P001,5,0.15,Completed
ORD11142,06-05-2026,CUS1017,Sneha Rao,P008,3,0.05,Completed
ORD11281,06-05-2026,CUS1017,Priya Nair,P006,5,0.05,Completed
ORD11897,06-05-2026,CUS1020,Kiran Kumar,P001,4,0.0,Completed
ORD12648,06-05-2026,CUS1001,Amit Sharma,P003,2,0.05,Cancelled
ORD12665,06-05-2026,CUS1014,Amit Sharma,P005,1,0.2,Cancelled
ORD13430,06-05-2026,CUS1016,Amit Sharma,P001,1,0.1,Completed
ORD13438,06-05-2026,CUS1017,Kiran Kumar,P001,2,0.05,Completed
ORD13467,06-05-2026,CUS1016,Vikram Singh,P001,3,0.05,Completed
ORD13803,06-05-2026,CUS1004,Anjali Mehta,P006,7,0.0,Completed
ORD14267,06-05-2026,CUS1007,Amit Sharma,P010,1,0.0,Completed
ORD14304,06-05-2026,CUS1012,Kiran Kumar,P005,3,0.05,Completed
ORD14487,06-05-2026,CUS1016,Kiran Kumar,P003,2,0.0,Completed
ORD14507,06-05-2026,CUS1016,Kiran Kumar,P008,2,0.2,Completed
ORD14936,06-05-2026,CUS1002,Kiran Kumar,P007,2,0.05,Completed
ORD10377,07-05-2026,CUS1012,Vikram Singh,P001,2,0.15,Completed
ORD11143,07-05-2026,CUS1013,Kiran Kumar,P007,2,0.1,Completed
ORD11190,07-05-2026,CUS1011,Kiran Kumar,P009,2,0.1,Cancelled
ORD11209,07-05-2026,CUS1012,Vikram Singh,P009,5,0.2,Cancelled
ORD11246,07-05-2026,CUS1017,Rahul Verma,P003,7,0.0,Completed
ORD11564,07-05-2026,CUS1012,Neha Joshi,P008,7,0.2,Returned
ORD11634,07-05-2026,CUS1001,Priya Nair,P002,2,0.05,Completed
ORD13026,07-05-2026,CUS1016,Kiran Kumar,P002,1,0.05,Completed
ORD13841,07-05-2026,CUS1016,Anjali Mehta,P004,3,0.15,Completed
ORD13921,07-05-2026,CUS1020,Neha Joshi,P001,1,0.15,Completed
ORD13944,07-05-2026,CUS1019,Kiran Kumar,P004,1,0.0,Completed
ORD14132,07-05-2026,CUS1009,Vikram Singh,P007,6,0.2,Cancelled
ORD14411,07-05-2026,CUS1020,Amit Sharma,P009,2,0.05,Completed
ORD14545,07-05-2026,CUS1012,Neha Joshi,P002,9,0.0,Completed
ORD14820,07-05-2026,CUS1015,Sneha Rao,P002,1,0.15,Completed
ORD14995,07-05-2026,CUS1003,Anjali Mehta,P006,2,0.05,Completed
ORD10255,08-05-2026,CUS1013,Anjali Mehta,P001,1,0.0,Completed
ORD10778,08-05-2026,CUS1011,Sneha Rao,P002,1,0.05,Completed
ORD10904,08-05-2026,CUS1017,Sneha Rao,P009,1,0.05,Completed
ORD11935,08-05-2026,CUS1007,Anjali Mehta,P009,1,0.2,Completed
ORD12136,08-05-2026,CUS1015,Kiran Kumar,P009,2,0.1,Completed
ORD12411,08-05-2026,CUS1012,Vikram Singh,P002,1,0.0,Completed
ORD12495,08-05-2026,CUS1018,Kiran Kumar,P008,1,0.05,Completed
ORD12754,08-05-2026,CUS1009,Sneha Rao,P007,5,0.0,Completed
ORD12763,08-05-2026,CUS1015,Vikram Singh,P007,7,0.05,Completed
ORD12905,08-05-2026,CUS1015,Vikram Singh,P008,1,0.0,Completed
ORD13008,08-05-2026,CUS1019,Neha Joshi,P007,2,0.1,Completed
ORD13167,08-05-2026,CUS1009,Vikram Singh,P008,3,0.2,Completed
ORD13593,08-05-2026,CUS1005,Sneha Rao,P004,2,0.0,Completed
ORD13999,08-05-2026,CUS1002,Sneha Rao,P002,4,0.1,Completed
ORD14664,08-05-2026,CUS1015,Kiran Kumar,P007,4,0.1,Completed
ORD10047,09-05-2026,CUS1017,Vikram Singh,P001,1,0.05,Completed
ORD10460,09-05-2026,CUS1011,Vikram Singh,P007,1,0.0,Completed
ORD10782,09-05-2026,CUS1018,Sneha Rao,P006,4,0.1,Completed
ORD10851,09-05-2026,CUS1001,Amit Sharma,P008,4,0.0,Completed
ORD11328,09-05-2026,CUS1012,Anjali Mehta,P001,1,0.0,Completed
ORD11799,09-05-2026,CUS1019,Sneha Rao,P005,3,0.1,Returned
ORD12113,09-05-2026,CUS1001,Amit Sharma,P005,1,0.05,Completed
ORD12776,09-05-2026,CUS1008,Kiran Kumar,P004,2,0.05,Completed
ORD13038,09-05-2026,CUS1002,Neha Joshi,P003,3,0.1,Completed
ORD13143,09-05-2026,CUS1007,Rahul Verma,P001,5,0.0,Completed
ORD13223,09-05-2026,CUS1017,Amit Sharma,P006,6,0.15,Completed
ORD14206,09-05-2026,CUS1015,Rahul Verma,P001,3,0.15,Cancelled
ORD14763,09-05-2026,CUS1007,Kiran Kumar,P006,2,0.1,Completed
ORD10006,10-05-2026,CUS1017,Amit Sharma,P009,3,0.0,Completed
ORD10247,10-05-2026,CUS1002,Amit Sharma,P004,2,0.1,Completed
ORD10400,10-05-2026,CUS1004,Anjali Mehta,P001,4,0.0,Completed
ORD10510,10-05-2026,CUS1001,Amit Sharma,P007,4,0.15,Completed
ORD11555,10-05-2026,CUS1013,Rahul Verma,P001,3,0.05,Completed
ORD12335,10-05-2026,CUS1011,Anjali Mehta,P004,3,0.0,Completed
ORD12565,10-05-2026,CUS1010,Rahul Verma,P009,3,0.05,Completed
ORD12714,10-05-2026,CUS1001,Anjali Mehta,P007,2,0.0,Completed
ORD12771,10-05-2026,CUS1012,Sneha Rao,P002,2,0.05,Completed
ORD13376,10-05-2026,CUS1004,Kiran Kumar,P002,5,0.15,Completed
ORD13774,10-05-2026,CUS1019,Sneha Rao,P008,4,0.1,Cancelled
ORD13919,10-05-2026,CUS1002,Anjali Mehta,P009,6,0.0,Completed
ORD13979,10-05-2026,CUS1006,Amit Sharma,P008,3,0.15,Completed
ORD14368,10-05-2026,CUS1016,Kiran Kumar,P008,2,0.1,Completed
ORD14693,10-05-2026,CUS1004,Kiran Kumar,P002,1,0.15,Completed
ORD10814,11-05-2026,CUS1011,Vikram Singh,P007,2,0.2,Completed
ORD11232,11-05-2026,CUS1019,Priya Nair,P001,1,0.05,Completed
ORD12006,11-05-2026,CUS1013,Sneha Rao,P007,1,0.1,Completed
ORD12522,11-05-2026,CUS1002,Amit Sharma,P001,2,0.1,Completed
ORD12773,11-05-2026,CUS1004,Neha Joshi,P009,7,0.05,Returned
ORD13140,11-05-2026,CUS1013,Sneha Rao,P009,3,0.15,Completed
ORD13238,11-05-2026,CUS1012,Priya Nair,P003,1,0.1,Completed
ORD13338,11-05-2026,CUS1005,Amit Sharma,P004,1,0.0,Completed
ORD13836,11-05-2026,CUS1020,Anjali Mehta,P002,5,0.1,Completed
ORD14151,11-05-2026,CUS1014,Anjali Mehta,P003,2,0.0,Completed
ORD14403,11-05-2026,CUS1012,Kiran Kumar,P004,1,0.0,Completed
ORD14702,11-05-2026,CUS1016,Kiran Kumar,P001,4,0.05,Returned
ORD14894,11-05-2026,CUS1004,Rahul Verma,P009,1,0.0,Completed
ORD11592,12-05-2026,CUS1018,Priya Nair,P002,4,0.05,Completed
ORD11967,12-05-2026,CUS1015,Sneha Rao,P007,7,0.1,Completed
ORD12379,12-05-2026,CUS1012,Sneha Rao,P010,5,0.05,Completed
ORD13327,12-05-2026,CUS1012,Vikram Singh,P008,2,0.1,Completed
ORD13328,12-05-2026,CUS1020,Anjali Mehta,P004,3,0.15,Completed
ORD13934,12-05-2026,CUS1014,Neha Joshi,P009,1,0.15,Completed
ORD14156,12-05-2026,CUS1018,Anjali Mehta,P007,2,0.1,Completed
ORD14866,12-05-2026,CUS1002,Rahul Verma,P006,2,0.15,Completed
ORD10173,13-05-2026,CUS1006,Anjali Mehta,P002,1,0.2,Completed
ORD10214,13-05-2026,CUS1016,Sneha Rao,P002,1,0.0,Completed
ORD10250,13-05-2026,CUS1007,Rahul Verma,P007,7,0.0,Completed
ORD10744,13-05-2026,CUS1016,Sneha Rao,P002,5,0.15,Completed
ORD10983,13-05-2026,CUS1016,Priya Nair,P008,7,0.1,Completed
ORD11011,13-05-2026,CUS1011,Priya Nair,P007,3,0.1,Completed
ORD11292,13-05-2026,CUS1016,Vikram Singh,P009,2,0.1,Completed
ORD12109,13-05-2026,CUS1006,Kiran Kumar,P007,5,0.1,Completed
ORD12316,13-05-2026,CUS1013,Amit Sharma,P007,2,0.05,Completed
ORD12553,13-05-2026,CUS1012,Anjali Mehta,P008,3,0.0,Completed
ORD12715,13-05-2026,CUS1019,Amit Sharma,P006,2,0.05,Completed
ORD13200,13-05-2026,CUS1013,Amit Sharma,P006,1,0.0,Completed
ORD13212,13-05-2026,CUS1015,Kiran Kumar,P004,5,0.1,Completed
ORD13725,13-05-2026,CUS1016,Amit Sharma,P009,3,0.05,Completed
ORD14077,13-05-2026,CUS1016,Vikram Singh,P009,3,0.1,Completed
ORD14864,13-05-2026,CUS1013,Neha Joshi,P006,3,0.1,Completed
ORD14886,13-05-2026,CUS1001,Anjali Mehta,P010,10,0.1,Completed
ORD10409,14-05-2026,CUS1012,Neha Joshi,P007,2,0.1,Completed
ORD10524,14-05-2026,CUS1020,Anjali Mehta,P007,1,0.0,Cancelled
ORD10865,14-05-2026,CUS1002,Vikram Singh,P009,2,0.1,Completed
ORD11762,14-05-2026,CUS1016,Vikram Singh,P007,1,0.0,Completed
ORD11861,14-05-2026,CUS1018,Vikram Singh,P007,1,0.0,Completed
ORD12075,14-05-2026,CUS1002,Kiran Kumar,P005,6,0.2,Cancelled
ORD12153,14-05-2026,CUS1019,Vikram Singh,P005,5,0.05,Completed
ORD12399,14-05-2026,CUS1011,Kiran Kumar,P010,3,0.1,Completed
ORD13659,14-05-2026,CUS1013,Priya Nair,P002,2,0.0,Cancelled
ORD14053,14-05-2026,CUS1013,Amit Sharma,P009,5,0.05,Cancelled
ORD14681,14-05-2026,CUS1001,Kiran Kumar,P001,1,0.0,Completed
ORD14846,14-05-2026,CUS1009,Anjali Mehta,P010,2,0.05,Completed
ORD10276,15-05-2026,CUS1016,Anjali Mehta,P004,1,0.0,Completed
ORD10399,15-05-2026,CUS1001,Kiran Kumar,P010,1,0.05,Completed
ORD10659,15-05-2026,CUS1005,Anjali Mehta,P001,2,0.0,Cancelled
ORD10791,15-05-2026,CUS1011,Vikram Singh,P008,2,0.05,Completed
ORD10854,15-05-2026,CUS1020,Sneha Rao,P006,3,0.05,Completed
ORD10897,15-05-2026,CUS1008,Amit Sharma,P004,4,0.05,Completed
ORD10971,15-05-2026,CUS1013,Amit Sharma,P004,2,0.0,Completed
ORD11155,15-05-2026,CUS1007,Neha Joshi,P006,6,0.2,Completed
ORD11236,15-05-2026,CUS1007,Kiran Kumar,P004,1,0.05,Completed
ORD11802,15-05-2026,CUS1013,Amit Sharma,P003,1,0.0,Completed
ORD12161,15-05-2026,CUS1016,Sneha Rao,P004,1,0.05,Completed
ORD12604,15-05-2026,CUS1003,Priya Nair,P003,2,0.15,Completed
ORD12696,15-05-2026,CUS1010,Amit Sharma,P002,1,0.1,Completed
ORD12701,15-05-2026,CUS1013,Kiran Kumar,P007,1,0.0,Completed
ORD12737,15-05-2026,CUS1015,Priya Nair,P008,1,0.0,Completed
ORD13133,15-05-2026,CUS1012,Rahul Verma,P004,2,0.15,Completed
ORD13461,15-05-2026,CUS1012,Rahul Verma,P004,5,0.0,Completed
ORD13666,15-05-2026,CUS1002,Anjali Mehta,P001,3,0.15,Completed
ORD14112,15-05-2026,CUS1011,Vikram Singh,P009,1,0.1,Completed
ORD14204,15-05-2026,CUS1017,Priya Nair,P007,5,0.05,Completed
ORD10966,16-05-2026,CUS1018,Sneha Rao,P007,6,0.15,Returned
ORD11411,16-05-2026,CUS1007,Rahul Verma,P007,5,0.1,Completed
ORD11476,16-05-2026,CUS1015,Rahul Verma,P005,2,0.0,Completed
ORD11512,16-05-2026,CUS1013,Rahul Verma,P001,2,0.2,Completed
ORD11701,16-05-2026,CUS1018,Sneha Rao,P007,3,0.05,Completed
ORD12211,16-05-2026,CUS1009,Anjali Mehta,P007,1,0.1,Cancelled
ORD13798,16-05-2026,CUS1011,Neha Joshi,P001,1,0.0,Completed
ORD13871,16-05-2026,CUS1020,Vikram Singh,P002,1,0.05,Completed
ORD14311,16-05-2026,CUS1013,Neha Joshi,P007,2,0.0,Completed
ORD10052,17-05-2026,CUS1001,Rahul Verma,P007,3,0.1,Completed
ORD11321,17-05-2026,CUS1008,Kiran Kumar,P004,4,0.0,Completed
ORD11408,17-05-2026,CUS1013,Neha Joshi,P002,4,0.2,Cancelled
ORD12232,17-05-2026,CUS1020,Anjali Mehta,P010,3,0.0,Completed
ORD13105,17-05-2026,CUS1014,Anjali Mehta,P002,1,0.15,Completed
ORD13124,17-05-2026,CUS1008,Kiran Kumar,P009,2,0.1,Completed
ORD13254,17-05-2026,CUS1019,Sneha Rao,P001,1,0.15,Completed
ORD13304,17-05-2026,CUS1014,Kiran Kumar,P001,1,0.05,Completed
ORD13527,17-05-2026,CUS1020,Kiran Kumar,P007,2,0.1,Cancelled
ORD13865,17-05-2026,CUS1010,Neha Joshi,P002,1,0.05,Returned
ORD13889,17-05-2026,CUS1009,Rahul Verma,P001,2,0.0,Completed
ORD14327,17-05-2026,CUS1013,Neha Joshi,P008,1,0.05,Completed
ORD14344,17-05-2026,CUS1003,Vikram Singh,P001,1,0.0,Completed
ORD14389,17-05-2026,CUS1013,Priya Nair,P003,3,0.0,Completed
ORD14715,17-05-2026,CUS1011,Sneha Rao,P010,8,0.1,Completed
ORD14725,17-05-2026,CUS1019,Priya Nair,P009,2,0.05,Completed
ORD10025,18-05-2026,CUS1009,Amit Sharma,P007,2,0.0,Completed
ORD11079,18-05-2026,CUS1017,Vikram Singh,P004,5,0.05,Completed
ORD11181,18-05-2026,CUS1002,Vikram Singh,P006,7,0.05,Completed
ORD11852,18-05-2026,CUS1014,Priya Nair,P003,2,0.05,Completed
ORD11966,18-05-2026,CUS1001,Anjali Mehta,P001,1,0.05,Completed
ORD12061,18-05-2026,CUS1018,Amit Sharma,P001,2,0.15,Completed
ORD14291,18-05-2026,CUS1013,Priya Nair,P004,9,0.15,Completed
ORD14297,18-05-2026,CUS1013,Sneha Rao,P004,4,0.1,Cancelled
ORD14397,18-05-2026,CUS1004,Anjali Mehta,P008,1,0.15,Completed
ORD14496,18-05-2026,CUS1002,Sneha Rao,P004,2,0.0,Completed
ORD14762,18-05-2026,CUS1016,Sneha Rao,P004,5,0.1,Completed
ORD14920,18-05-2026,CUS1013,Priya Nair,P009,1,0.0,Returned
ORD11145,19-05-2026,CUS1013,Rahul Verma,P009,1,0.0,Completed
ORD11187,19-05-2026,CUS1005,Amit Sharma,P007,3,0.0,Completed
ORD11692,19-05-2026,CUS1020,Amit Sharma,P007,5,0.05,Completed
ORD12924,19-05-2026,CUS1016,Amit Sharma,P009,1,0.0,Completed
ORD12943,19-05-2026,CUS1009,Rahul Verma,P009,1,0.1,Cancelled
ORD13172,19-05-2026,CUS1020,Kiran Kumar,P007,2,0.0,Completed
ORD13525,19-05-2026,CUS1018,Vikram Singh,P005,2,0.0,Completed
ORD13753,19-05-2026,CUS1012,Vikram Singh,P007,4,0.05,Completed
ORD14325,19-05-2026,CUS1016,Anjali Mehta,P002,1,0.15,Completed
ORD14348,19-05-2026,CUS1011,Vikram Singh,P004,10,0.1,Completed
ORD14413,19-05-2026,CUS1017,Anjali Mehta,P008,2,0.15,Completed
ORD14789,19-05-2026,CUS1012,Kiran Kumar,P007,1,0.05,Completed
ORD14946,19-05-2026,CUS1016,Neha Joshi,P009,4,0.05,Completed
ORD11062,20-05-2026,CUS1008,Vikram Singh,P003,1,0.1,Completed
ORD11782,20-05-2026,CUS1016,Sneha Rao,P001,4,0.05,Completed
ORD12127,20-05-2026,CUS1009,Vikram Singh,P009,4,0.0,Completed
ORD12407,20-05-2026,CUS1010,Kiran Kumar,P007,4,0.1,Cancelled
ORD12794,20-05-2026,CUS1005,Neha Joshi,P007,1,0.0,Completed
ORD13178,20-05-2026,CUS1010,Priya Nair,P004,2,0.05,Completed
ORD14776,20-05-2026,CUS1010,Vikram Singh,P009,2,0.05,Completed
ORD14854,20-05-2026,CUS1019,Kiran Kumar,P001,3,0.1,Completed
ORD10259,21-05-2026,CUS1002,Rahul Verma,P001,4,0.0,Completed
ORD10348,21-05-2026,CUS1013,Anjali Mehta,P007,1,0.1,Completed
ORD10805,21-05-2026,CUS1004,Amit Sharma,P007,3,0.05,Completed
ORD10987,21-05-2026,CUS1020,Vikram Singh,P006,6,0.2,Completed
ORD10993,21-05-2026,CUS1005,Rahul Verma,P004,5,0.0,Cancelled
ORD11273,21-05-2026,CUS1009,Sneha Rao,P002,2,0.05,Cancelled
ORD11739,21-05-2026,CUS1017,Amit Sharma,P004,4,0.05,Completed
ORD12429,21-05-2026,CUS1016,Kiran Kumar,P004,4,0.0,Completed
ORD12471,21-05-2026,CUS1016,Rahul Verma,P009,1,0.15,Completed
ORD13014,21-05-2026,CUS1005,Amit Sharma,P009,2,0.1,Completed
ORD14040,21-05-2026,CUS1017,Rahul Verma,P002,2,0.1,Completed
ORD10221,22-05-2026,CUS1017,Amit Sharma,P002,1,0.1,Returned
ORD10248,22-05-2026,CUS1004,Priya Nair,P004,4,0.0,Cancelled
ORD10284,22-05-2026,CUS1014,Vikram Singh,P002,2,0.2,Completed
ORD10504,22-05-2026,CUS1012,Priya Nair,P009,1,0.0,Completed
ORD11005,22-05-2026,CUS1009,Vikram Singh,P008,3,0.0,Completed
ORD11201,22-05-2026,CUS1019,Neha Joshi,P009,2,0.1,Completed
ORD11643,22-05-2026,CUS1020,Rahul Verma,P001,7,0.1,Completed
ORD11846,22-05-2026,CUS1005,Amit Sharma,P009,5,0.0,Completed
ORD12207,22-05-2026,CUS1009,Amit Sharma,P004,2,0.05,Completed
ORD12339,22-05-2026,CUS1001,Rahul Verma,P004,3,0.0,Cancelled
ORD12557,22-05-2026,CUS1013,Priya Nair,P007,3,0.05,Completed
ORD12783,22-05-2026,CUS1019,Vikram Singh,P009,1,0.15,Completed
ORD13164,22-05-2026,CUS1012,Amit Sharma,P009,10,0.15,Completed
ORD13783,22-05-2026,CUS1017,Kiran Kumar,P004,1,0.05,Completed
ORD14253,22-05-2026,CUS1002,Kiran Kumar,P009,5,0.1,Completed
ORD10199,23-05-2026,CUS1017,Amit Sharma,P002,2,0.0,Completed
ORD10336,23-05-2026,CUS1016,Neha Joshi,P009,1,0.1,Completed
ORD10712,23-05-2026,CUS1013,Amit Sharma,P007,1,0.0,Completed
ORD10927,23-05-2026,CUS1020,Vikram Singh,P004,7,0.1,Completed
ORD11257,23-05-2026,CUS1012,Kiran Kumar,P006,2,0.05,Cancelled
ORD11462,23-05-2026,CUS1006,Amit Sharma,P003,2,0.05,Completed
ORD11544,23-05-2026,CUS1012,Kiran Kumar,P004,3,0.2,Completed
ORD12023,23-05-2026,CUS1017,Anjali Mehta,P007,5,0.05,Completed
ORD12441,23-05-2026,CUS1020,Amit Sharma,P008,6,0.05,Cancelled
ORD12857,23-05-2026,CUS1012,Rahul Verma,P006,1,0.15,Completed
ORD12911,23-05-2026,CUS1005,Anjali Mehta,P002,3,0.15,Completed
ORD13781,23-05-2026,CUS1015,Sneha Rao,P009,2,0.0,Completed
ORD13822,23-05-2026,CUS1005,Rahul Verma,P010,3,0.0,Completed
ORD14120,23-05-2026,CUS1012,Sneha Rao,P001,2,0.1,Cancelled
ORD14217,23-05-2026,CUS1001,Kiran Kumar,P005,4,0.1,Completed
ORD10774,24-05-2026,CUS1005,Priya Nair,P007,4,0.0,Cancelled
ORD11862,24-05-2026,CUS1010,Priya Nair,P007,4,0.0,Completed
ORD11946,24-05-2026,CUS1013,Anjali Mehta,P004,1,0.0,Completed
ORD11974,24-05-2026,CUS1019,Sneha Rao,P004,1,0.05,Completed
ORD12141,24-05-2026,CUS1016,Rahul Verma,P004,2,0.1,Completed
ORD12543,24-05-2026,CUS1011,Vikram Singh,P006,1,0.0,Completed
ORD12746,24-05-2026,CUS1001,Rahul Verma,P007,4,0.05,Completed
ORD13291,24-05-2026,CUS1015,Anjali Mehta,P007,3,0.05,Completed
ORD13449,24-05-2026,CUS1001,Sneha Rao,P009,2,0.05,Completed
ORD13451,24-05-2026,CUS1019,Priya Nair,P007,1,0.0,Completed
ORD13524,24-05-2026,CUS1018,Sneha Rao,P010,2,0.15,Completed
ORD13992,24-05-2026,CUS1013,Kiran Kumar,P004,1,0.1,Completed
ORD14137,24-05-2026,CUS1020,Vikram Singh,P002,2,0.15,Completed
ORD14852,24-05-2026,CUS1006,Amit Sharma,P007,3,0.15,Completed
ORD14925,24-05-2026,CUS1005,Amit Sharma,P002,2,0.0,Completed
ORD10676,25-05-2026,CUS1002,Amit Sharma,P008,2,0.1,Completed
ORD10940,25-05-2026,CUS1007,Priya Nair,P007,3,0.0,Completed
ORD11063,25-05-2026,CUS1019,Rahul Verma,P004,1,0.05,Completed
ORD11899,25-05-2026,CUS1001,Amit Sharma,P008,7,0.1,Completed
ORD12315,25-05-2026,CUS1005,Kiran Kumar,P005,3,0.1,Completed
ORD14036,25-05-2026,CUS1010,Sneha Rao,P007,2,0.0,Completed
ORD14091,25-05-2026,CUS1002,Amit Sharma,P007,4,0.0,Completed
ORD14135,25-05-2026,CUS1012,Vikram Singh,P007,5,0.0,Completed
ORD14520,25-05-2026,CUS1017,Sneha Rao,P007,4,0.1,Completed
ORD14902,25-05-2026,CUS1009,Kiran Kumar,P001,6,0.0,Completed
ORD10229,26-05-2026,CUS1012,Anjali Mehta,P002,2,0.05,Completed
ORD10493,26-05-2026,CUS1008,Kiran Kumar,P002,3,0.1,Completed
ORD10591,26-05-2026,CUS1012,Kiran Kumar,P007,1,0.0,Completed
ORD10867,26-05-2026,CUS1011,Amit Sharma,P008,4,0.05,Completed
ORD10883,26-05-2026,CUS1013,Vikram Singh,P007,1,0.15,Completed
ORD10982,26-05-2026,CUS1011,Kiran Kumar,P001,1,0.0,Completed
ORD11524,26-05-2026,CUS1011,Kiran Kumar,P006,1,0.1,Cancelled
ORD12458,26-05-2026,CUS1015,Vikram Singh,P006,5,0.1,Completed
ORD12546,26-05-2026,CUS1012,Amit Sharma,P001,3,0.0,Completed
ORD13024,26-05-2026,CUS1018,Kiran Kumar,P002,6,0.05,Cancelled
ORD13056,26-05-2026,CUS1002,Vikram Singh,P008,1,0.05,Returned
ORD13270,26-05-2026,CUS1012,Vikram Singh,P003,6,0.05,Completed
ORD13502,26-05-2026,CUS1013,Sneha Rao,P009,2,0.0,Completed
ORD13540,26-05-2026,CUS1019,Priya Nair,P010,1,0.1,Completed
ORD13653,26-05-2026,CUS1019,Sneha Rao,P003,5,0.0,Completed
ORD14096,26-05-2026,CUS1011,Kiran Kumar,P001,1,0.05,Completed
ORD14972,26-05-2026,CUS1013,Vikram Singh,P007,1,0.0,Completed
ORD10318,27-05-2026,CUS1001,Rahul Verma,P009,6,0.05,Completed
ORD10772,27-05-2026,CUS1012,Amit Sharma,P007,2,0.1,Completed
ORD10794,27-05-2026,CUS1005,Kiran Kumar,P001,2,0.1,Completed
ORD10862,27-05-2026,CUS1019,Anjali Mehta,P007,1,0.1,Completed
ORD11394,27-05-2026,CUS1004,Sneha Rao,P010,4,0.05,Completed
ORD11963,27-05-2026,CUS1006,Rahul Verma,P010,2,0.1,Completed
ORD11978,27-05-2026,CUS1016,Priya Nair,P008,5,0.1,Completed
ORD12426,27-05-2026,CUS1001,Rahul Verma,P007,1,0.0,Completed
ORD13150,27-05-2026,CUS1016,Vikram Singh,P001,3,0.05,Completed
ORD13518,27-05-2026,CUS1012,Kiran Kumar,P009,2,0.05,Completed
ORD13678,27-05-2026,CUS1010,Vikram Singh,P009,1,0.0,Completed
ORD13994,27-05-2026,CUS1019,Anjali Mehta,P004,1,0.15,Completed
ORD14078,27-05-2026,CUS1002,Kiran Kumar,P003,3,0.0,Completed
ORD14080,27-05-2026,CUS1018,Priya Nair,P004,2,0.15,Completed
ORD14729,27-05-2026,CUS1008,Amit Sharma,P009,1,0.0,Completed
ORD14827,27-05-2026,CUS1009,Sneha Rao,P001,6,0.05,Cancelled
ORD10326,28-05-2026,CUS1012,Amit Sharma,P009,5,0.0,Completed
ORD10710,28-05-2026,CUS1012,Sneha Rao,P005,2,0.0,Completed
ORD11534,28-05-2026,CUS1007,Vikram Singh,P006,6,0.1,Cancelled
ORD11609,28-05-2026,CUS1019,Sneha Rao,P001,2,0.0,Returned
ORD12388,28-05-2026,CUS1007,Kiran Kumar,P001,5,0.1,Completed
ORD12721,28-05-2026,CUS1017,Amit Sharma,P002,8,0.0,Completed
ORD13077,28-05-2026,CUS1013,Kiran Kumar,P010,1,0.15,Completed
ORD13142,28-05-2026,CUS1009,Vikram Singh,P008,6,0.05,Completed
ORD13179,28-05-2026,CUS1014,Sneha Rao,P006,7,0.0,Completed
ORD13273,28-05-2026,CUS1016,Vikram Singh,P002,1,0.05,Completed
ORD13819,28-05-2026,CUS1013,Sneha Rao,P004,8,0.1,Completed
ORD14416,28-05-2026,CUS1012,Vikram Singh,P004,3,0.2,Completed
ORD14620,28-05-2026,CUS1012,Vikram Singh,P008,1,0.0,Completed
ORD14900,28-05-2026,CUS1005,Sneha Rao,P010,1,0.2,Completed
ORD10055,29-05-2026,CUS1012,Vikram Singh,P009,1,0.15,Completed
ORD10148,29-05-2026,CUS1001,Anjali Mehta,P002,7,0.2,Completed
ORD10487,29-05-2026,CUS1015,Rahul Verma,P007,2,0.05,Completed
ORD10522,29-05-2026,CUS1018,Priya Nair,P009,1,0.05,Completed
ORD11271,29-05-2026,CUS1004,Priya Nair,P001,5,0.0,Completed
ORD11426,29-05-2026,CUS1012,Kiran Kumar,P009,6,0.1,Completed
ORD11775,29-05-2026,CUS1012,Anjali Mehta,P006,2,0.0,Completed
ORD11886,29-05-2026,CUS1012,Priya Nair,P003,1,0.0,Completed
ORD11932,29-05-2026,CUS1017,Vikram Singh,P003,1,0.05,Completed
ORD12283,29-05-2026,CUS1009,Rahul Verma,P008,2,0.0,Completed
ORD12398,29-05-2026,CUS1005,Vikram Singh,P001,4,0.1,Completed
ORD12882,29-05-2026,CUS1005,Kiran Kumar,P006,3,0.15,Completed
ORD13075,29-05-2026,CUS1009,Vikram Singh,P001,5,0.0,Completed
ORD13182,29-05-2026,CUS1001,Amit Sharma,P007,1,0.05,Completed
ORD13578,29-05-2026,CUS1010,Sneha Rao,P010,1,0.05,Completed
ORD13696,29-05-2026,CUS1012,Vikram Singh,P008,6,0.0,Completed
ORD13736,29-05-2026,CUS1004,Vikram Singh,P006,4,0.15,Completed
ORD14210,29-05-2026,CUS1014,Sneha Rao,P001,6,0.15,Completed
ORD14451,29-05-2026,CUS1005,Vikram Singh,P009,10,0.15,Cancelled
ORD14685,29-05-2026,CUS1001,Anjali Mehta,P009,1,0.2,Completed
ORD10324,30-05-2026,CUS1017,Vikram Singh,P010,3,0.05,Completed
ORD11416,30-05-2026,CUS1018,Vikram Singh,P008,3,0.05,Completed
ORD11473,30-05-2026,CUS1005,Sneha Rao,P001,4,0.1,Completed
ORD11612,30-05-2026,CUS1020,Amit Sharma,P009,2,0.15,Cancelled
ORD11642,30-05-2026,CUS1009,Amit Sharma,P007,2,0.1,Completed
ORD12125,30-05-2026,CUS1016,Kiran Kumar,P009,2,0.05,Completed
ORD12343,30-05-2026,CUS1014,Neha Joshi,P001,3,0.0,Completed
ORD12385,30-05-2026,CUS1017,Amit Sharma,P008,3,0.0,Completed
ORD12682,30-05-2026,CUS1015,Sneha Rao,P007,3,0.15,Completed
ORD12956,30-05-2026,CUS1005,Kiran Kumar,P008,3,0.1,Completed
ORD13001,30-05-2026,CUS1012,Anjali Mehta,P003,3,0.1,Completed
ORD13458,30-05-2026,CUS1011,Priya Nair,P002,5,0.1,Returned
ORD13645,30-05-2026,CUS1019,Amit Sharma,P008,1,0.1,Completed
ORD14134,30-05-2026,CUS1020,Priya Nair,P009,4,0.1,Completed
ORD14406,30-05-2026,CUS1014,Vikram Singh,P007,1,0.15,Completed
ORD10267,31-05-2026,CUS1012,Kiran Kumar,P002,2,0.1,Completed
ORD10433,31-05-2026,CUS1011,Sneha Rao,P009,1,0.1,Cancelled
ORD11125,31-05-2026,CUS1008,Anjali Mehta,P001,8,0.05,Completed
ORD11811,31-05-2026,CUS1012,Amit Sharma,P001,6,0.0,Completed
ORD12354,31-05-2026,CUS1014,Sneha Rao,P004,6,0.05,Completed
ORD13392,31-05-2026,CUS1010,Vikram Singh,P009,7,0.05,Completed
ORD13433,31-05-2026,CUS1011,Priya Nair,P002,3,0.0,Completed
ORD13857,31-05-2026,CUS1004,Rahul Verma,P001,1,0.1,Completed
ORD14190,31-05-2026,CUS1005,Anjali Mehta,P007,7,0.0,Completed
ORD14659,31-05-2026,CUS1001,Anjali Mehta,P008,6,0.2,Completed
ORD14838,31-05-2026,CUS1011,Anjali Mehta,P009,3,0.15,Cancelled
ORD10483,01-06-2026,CUS1013,Neha Joshi,P009,4,0.0,Completed
ORD10675,01-06-2026,CUS1019,Amit Sharma,P009,1,0.2,Cancelled
ORD10845,01-06-2026,CUS1011,Amit Sharma,P008,2,0.0,Completed
ORD10896,01-06-2026,CUS1002,Kiran Kumar,P001,4,0.1,Completed
ORD11395,01-06-2026,CUS1013,Anjali Mehta,P002,2,0.05,Completed
ORD12166,01-06-2026,CUS1013,Sneha Rao,P009,6,0.0,Completed
ORD12687,01-06-2026,CUS1005,Neha Joshi,P008,2,0.1,Completed
ORD13222,01-06-2026,CUS1002,Vikram Singh,P006,2,0.05,Completed
ORD13289,01-06-2026,CUS1013,Priya Nair,P010,5,0.1,Completed
ORD13632,01-06-2026,CUS1004,Priya Nair,P002,3,0.15,Completed
ORD13751,01-06-2026,CUS1016,Amit Sharma,P006,1,0.0,Completed
ORD13805,01-06-2026,CUS1018,Anjali Mehta,P006,2,0.1,Completed
ORD14300,01-06-2026,CUS1009,Amit Sharma,P004,2,0.1,Completed
ORD14427,01-06-2026,CUS1016,Kiran Kumar,P004,2,0.2,Completed
ORD10760,02-06-2026,CUS1012,Anjali Mehta,P004,3,0.2,Completed
ORD11046,02-06-2026,CUS1011,Anjali Mehta,P007,3,0.05,Completed
ORD11198,02-06-2026,CUS1009,Anjali Mehta,P001,6,0.05,Completed
ORD11202,02-06-2026,CUS1001,Amit Sharma,P006,2,0.1,Completed
ORD11254,02-06-2026,CUS1020,Vikram Singh,P004,2,0.2,Completed
ORD11877,02-06-2026,CUS1001,Sneha Rao,P002,4,0.1,Completed
ORD12375,02-06-2026,CUS1003,Kiran Kumar,P002,8,0.1,Completed
ORD12449,02-06-2026,CUS1019,Priya Nair,P010,5,0.0,Completed
ORD12486,02-06-2026,CUS1013,Anjali Mehta,P004,1,0.1,Completed
ORD12561,02-06-2026,CUS1005,Anjali Mehta,P001,7,0.05,Cancelled
ORD12636,02-06-2026,CUS1015,Priya Nair,P010,5,0.0,Completed
ORD13097,02-06-2026,CUS1012,Kiran Kumar,P001,1,0.2,Completed
ORD13106,02-06-2026,CUS1010,Anjali Mehta,P009,1,0.0,Completed
ORD13597,02-06-2026,CUS1012,Kiran Kumar,P009,2,0.05,Cancelled
ORD14591,02-06-2026,CUS1015,Anjali Mehta,P007,4,0.05,Completed
ORD14811,02-06-2026,CUS1016,Anjali Mehta,P009,8,0.05,Completed
ORD14849,02-06-2026,CUS1012,Amit Sharma,P007,3,0.0,Completed
ORD14851,02-06-2026,CUS1005,Vikram Singh,P004,5,0.0,Completed
ORD10032,03-06-2026,CUS1001,Priya Nair,P008,7,0.1,Completed
ORD10083,03-06-2026,CUS1017,Kiran Kumar,P004,6,0.05,Completed
ORD10222,03-06-2026,CUS1018,Sneha Rao,P009,1,0.05,Returned
ORD10244,03-06-2026,CUS1001,Neha Joshi,P007,2,0.1,Completed
ORD10687,03-06-2026,CUS1017,Kiran Kumar,P004,8,0.05,Completed
ORD10984,03-06-2026,CUS1012,Neha Joshi,P002,2,0.15,Completed
ORD11057,03-06-2026,CUS1020,Kiran Kumar,P004,4,0.05,Completed
ORD11192,03-06-2026,CUS1020,Anjali Mehta,P007,3,0.15,Returned
ORD11228,03-06-2026,CUS1002,Vikram Singh,P003,9,0.05,Completed
ORD11711,03-06-2026,CUS1018,Vikram Singh,P002,3,0.0,Completed
ORD11731,03-06-2026,CUS1012,Sneha Rao,P006,7,0.05,Completed
ORD12121,03-06-2026,CUS1011,Priya Nair,P010,1,0.05,Completed
ORD12293,03-06-2026,CUS1015,Vikram Singh,P006,2,0.1,Completed
ORD12751,03-06-2026,CUS1017,Kiran Kumar,P001,5,0.05,Completed
ORD13134,03-06-2026,CUS1012,Amit Sharma,P009,1,0.0,Completed
ORD13219,03-06-2026,CUS1005,Amit Sharma,P003,3,0.15,Completed
ORD13754,03-06-2026,CUS1005,Kiran Kumar,P008,1,0.0,Completed
ORD13885,03-06-2026,CUS1020,Kiran Kumar,P008,3,0.1,Completed
ORD14742,03-06-2026,CUS1016,Anjali Mehta,P007,4,0.0,Cancelled
ORD10410,04-06-2026,CUS1002,Amit Sharma,P007,4,0.0,Completed
ORD10530,04-06-2026,CUS1009,Kiran Kumar,P009,7,0.05,Completed
ORD10747,04-06-2026,CUS1018,Amit Sharma,P001,4,0.1,Completed
ORD10771,04-06-2026,CUS1018,Anjali Mehta,P001,7,0.0,Completed
ORD11488,04-06-2026,CUS1016,Anjali Mehta,P003,7,0.05,Completed
ORD11989,04-06-2026,CUS1007,Priya Nair,P008,2,0.1,Completed
ORD13007,04-06-2026,CUS1012,Vikram Singh,P001,4,0.1,Completed
ORD13512,04-06-2026,CUS1017,Kiran Kumar,P009,1,0.1,Completed
ORD13940,04-06-2026,CUS1017,Vikram Singh,P010,2,0.0,Completed
ORD13943,04-06-2026,CUS1001,Vikram Singh,P002,3,0.15,Completed
ORD14136,04-06-2026,CUS1005,Sneha Rao,P009,6,0.05,Completed
ORD14386,04-06-2026,CUS1006,Priya Nair,P007,4,0.15,Completed
ORD14405,04-06-2026,CUS1010,Anjali Mehta,P009,4,0.0,Cancelled
ORD14490,04-06-2026,CUS1020,Amit Sharma,P010,4,0.0,Completed
ORD14877,04-06-2026,CUS1016,Sneha Rao,P003,1,0.0,Completed
ORD14928,04-06-2026,CUS1010,Neha Joshi,P007,7,0.0,Completed
ORD10343,05-06-2026,CUS1020,Anjali Mehta,P010,1,0.0,Cancelled
ORD10917,05-06-2026,CUS1012,Amit Sharma,P005,2,0.1,Completed
ORD11013,05-06-2026,CUS1009,Kiran Kumar,P008,1,0.05,Completed
ORD11412,05-06-2026,CUS1013,Rahul Verma,P002,3,0.1,Completed
ORD11665,05-06-2026,CUS1017,Sneha Rao,P009,3,0.1,Completed
ORD11777,05-06-2026,CUS1007,Anjali Mehta,P008,1,0.05,Completed
ORD12164,05-06-2026,CUS1005,Anjali Mehta,P010,5,0.15,Completed
ORD12610,05-06-2026,CUS1011,Kiran Kumar,P001,3,0.05,Completed
ORD12655,05-06-2026,CUS1014,Vikram Singh,P008,4,0.05,Completed
ORD12985,05-06-2026,CUS1011,Amit Sharma,P007,2,0.1,Completed
ORD14082,05-06-2026,CUS1012,Amit Sharma,P007,5,0.2,Completed
ORD14392,05-06-2026,CUS1015,Priya Nair,P001,9,0.15,Completed
ORD14954,05-06-2026,CUS1008,Anjali Mehta,P005,7,0.0,Completed
ORD11021,06-06-2026,CUS1005,Kiran Kumar,P002,1,0.15,Completed
ORD11319,06-06-2026,CUS1012,Kiran Kumar,P007,1,0.05,Completed
ORD12147,06-06-2026,CUS1020,Kiran Kumar,P008,2,0.15,Completed
ORD12271,06-06-2026,CUS1011,Vikram Singh,P005,2,0.0,Completed
ORD12313,06-06-2026,CUS1017,Rahul Verma,P009,7,0.0,Completed
ORD12889,06-06-2026,CUS1001,Anjali Mehta,P003,2,0.1,Completed
ORD13047,06-06-2026,CUS1002,Sneha Rao,P009,5,0.0,Completed
ORD14145,06-06-2026,CUS1004,Kiran Kumar,P007,1,0.15,Completed
ORD14149,06-06-2026,CUS1012,Amit Sharma,P009,10,0.15,Completed
ORD14163,06-06-2026,CUS1015,Kiran Kumar,P007,6,0.2,Completed
ORD10363,07-06-2026,CUS1018,Kiran Kumar,P007,7,0.0,Completed
ORD10548,07-06-2026,CUS1007,Kiran Kumar,P006,1,0.05,Completed
ORD10680,07-06-2026,CUS1005,Amit Sharma,P002,1,0.05,Completed
ORD10893,07-06-2026,CUS1018,Anjali Mehta,P004,2,0.2,Completed
ORD10936,07-06-2026,CUS1004,Amit Sharma,P005,1,0.05,Completed
ORD11513,07-06-2026,CUS1012,Kiran Kumar,P002,2,0.05,Completed
ORD12611,07-06-2026,CUS1011,Anjali Mehta,P002,1,0.05,Completed
ORD12631,07-06-2026,CUS1014,Amit Sharma,P002,1,0.05,Cancelled
ORD13102,07-06-2026,CUS1018,Anjali Mehta,P002,3,0.0,Completed
ORD13444,07-06-2026,CUS1019,Anjali Mehta,P001,1,0.0,Completed
ORD13565,07-06-2026,CUS1017,Kiran Kumar,P005,3,0.2,Completed
ORD13813,07-06-2026,CUS1019,Anjali Mehta,P003,2,0.0,Completed
ORD13872,07-06-2026,CUS1015,Rahul Verma,P001,3,0.05,Cancelled
ORD14073,07-06-2026,CUS1005,Amit Sharma,P009,2,0.05,Completed
ORD14697,07-06-2026,CUS1013,Rahul Verma,P004,2,0.0,Completed
ORD14875,07-06-2026,CUS1001,Rahul Verma,P003,1,0.05,Completed
ORD10136,08-06-2026,CUS1016,Rahul Verma,P003,3,0.05,Completed
ORD10718,08-06-2026,CUS1009,Sneha Rao,P001,2,0.1,Completed
ORD11809,08-06-2026,CUS1001,Anjali Mehta,P002,4,0.1,Completed
ORD11958,08-06-2026,CUS1016,Vikram Singh,P006,2,0.05,Completed
ORD12276,08-06-2026,CUS1016,Sneha Rao,P008,2,0.2,Completed
ORD12421,08-06-2026,CUS1013,Priya Nair,P008,1,0.1,Completed
ORD12713,08-06-2026,CUS1008,Priya Nair,P009,1,0.1,Completed
ORD13019,08-06-2026,CUS1013,Amit Sharma,P001,1,0.05,Completed
ORD13372,08-06-2026,CUS1019,Sneha Rao,P009,4,0.0,Completed
ORD13547,08-06-2026,CUS1012,Anjali Mehta,P001,1,0.2,Completed
ORD13904,08-06-2026,CUS1012,Amit Sharma,P009,2,0.05,Completed
ORD14152,08-06-2026,CUS1005,Vikram Singh,P004,1,0.0,Completed
ORD14401,08-06-2026,CUS1005,Kiran Kumar,P003,3,0.05,Completed
ORD14888,08-06-2026,CUS1014,Vikram Singh,P010,7,0.0,Completed
ORD10048,09-06-2026,CUS1016,Vikram Singh,P007,4,0.1,Completed
ORD10073,09-06-2026,CUS1016,Neha Joshi,P010,2,0.1,Completed
ORD10949,09-06-2026,CUS1011,Vikram Singh,P001,1,0.0,Completed
ORD11484,09-06-2026,CUS1015,Sneha Rao,P006,4,0.0,Completed
ORD12142,09-06-2026,CUS1020,Kiran Kumar,P001,1,0.15,Completed
ORD12149,09-06-2026,CUS1007,Kiran Kumar,P009,8,0.0,Completed
ORD12214,09-06-2026,CUS1004,Anjali Mehta,P007,2,0.1,Completed
ORD12417,09-06-2026,CUS1017,Kiran Kumar,P006,1,0.05,Completed
ORD12607,09-06-2026,CUS1003,Anjali Mehta,P007,1,0.05,Completed
ORD12619,09-06-2026,CUS1014,Rahul Verma,P009,3,0.0,Completed
ORD12672,09-06-2026,CUS1018,Kiran Kumar,P001,3,0.15,Completed
ORD13141,09-06-2026,CUS1016,Sneha Rao,P009,4,0.1,Completed
ORD13459,09-06-2026,CUS1014,Sneha Rao,P010,2,0.1,Completed
ORD14354,09-06-2026,CUS1017,Amit Sharma,P001,8,0.15,Completed
ORD14460,09-06-2026,CUS1004,Kiran Kumar,P001,3,0.1,Completed
ORD10274,10-06-2026,CUS1012,Kiran Kumar,P005,1,0.2,Completed
ORD11037,10-06-2026,CUS1019,Amit Sharma,P003,2,0.05,Completed
ORD11166,10-06-2026,CUS1012,Kiran Kumar,P002,3,0.1,Completed
ORD11200,10-06-2026,CUS1017,Kiran Kumar,P002,1,0.05,Completed
ORD11654,10-06-2026,CUS1008,Vikram Singh,P009,8,0.2,Completed
ORD12116,10-06-2026,CUS1013,Amit Sharma,P002,3,0.15,Completed
ORD12572,10-06-2026,CUS1006,Amit Sharma,P007,2,0.0,Completed
ORD12745,10-06-2026,CUS1012,Anjali Mehta,P002,6,0.0,Completed
ORD12937,10-06-2026,CUS1007,Neha Joshi,P009,2,0.1,Completed
ORD13262,10-06-2026,CUS1016,Kiran Kumar,P007,1,0.0,Completed
ORD13263,10-06-2026,CUS1012,Kiran Kumar,P008,1,0.1,Completed
ORD14012,10-06-2026,CUS1003,Kiran Kumar,P007,1,0.05,Completed
ORD14058,10-06-2026,CUS1016,Amit Sharma,P005,1,0.0,Completed
ORD14207,10-06-2026,CUS1002,Kiran Kumar,P001,1,0.05,Cancelled
ORD14740,10-06-2026,CUS1014,Sneha Rao,P008,1,0.0,Completed
ORD14761,10-06-2026,CUS1002,Anjali Mehta,P009,3,0.05,Completed
ORD10157,11-06-2026,CUS1019,Anjali Mehta,P002,1,0.05,Completed
ORD10732,11-06-2026,CUS1002,Rahul Verma,P010,7,0.0,Completed
ORD11482,11-06-2026,CUS1020,Amit Sharma,P004,2,0.0,Completed
ORD11889,11-06-2026,CUS1010,Vikram Singh,P002,3,0.0,Completed
ORD11910,11-06-2026,CUS1016,Amit Sharma,P004,2,0.2,Completed
ORD12126,11-06-2026,CUS1020,Anjali Mehta,P003,2,0.1,Returned
ORD12163,11-06-2026,CUS1020,Amit Sharma,P009,6,0.05,Completed
ORD12898,11-06-2026,CUS1015,Amit Sharma,P001,3,0.1,Completed
ORD13439,11-06-2026,CUS1017,Anjali Mehta,P002,3,0.05,Completed
ORD13737,11-06-2026,CUS1012,Vikram Singh,P006,1,0.0,Completed
ORD14239,11-06-2026,CUS1016,Amit Sharma,P009,1,0.05,Completed
ORD14771,11-06-2026,CUS1002,Anjali Mehta,P009,2,0.0,Completed
ORD10116,12-06-2026,CUS1016,Vikram Singh,P009,1,0.1,Completed
ORD10664,12-06-2026,CUS1020,Amit Sharma,P007,5,0.1,Completed
ORD10775,12-06-2026,CUS1008,Anjali Mehta,P001,3,0.0,Completed
ORD11081,12-06-2026,CUS1001,Neha Joshi,P009,3,0.15,Completed
ORD11686,12-06-2026,CUS1009,Amit Sharma,P002,5,0.1,Completed
ORD11719,12-06-2026,CUS1012,Amit Sharma,P007,4,0.2,Completed
ORD11844,12-06-2026,CUS1002,Neha Joshi,P010,3,0.15,Completed
ORD11959,12-06-2026,CUS1004,Vikram Singh,P001,2,0.1,Completed
ORD12234,12-06-2026,CUS1006,Sneha Rao,P004,2,0.05,Completed
ORD12414,12-06-2026,CUS1020,Sneha Rao,P005,6,0.05,Cancelled
ORD12520,12-06-2026,CUS1012,Amit Sharma,P002,2,0.1,Completed
ORD12575,12-06-2026,CUS1012,Priya Nair,P007,7,0.0,Completed
ORD12780,12-06-2026,CUS1001,Sneha Rao,P008,1,0.05,Completed
ORD12871,12-06-2026,CUS1020,Rahul Verma,P007,9,0.05,Cancelled
ORD13573,12-06-2026,CUS1007,Amit Sharma,P007,2,0.0,Completed
ORD13812,12-06-2026,CUS1005,Kiran Kumar,P007,2,0.1,Completed
ORD14141,12-06-2026,CUS1019,Vikram Singh,P001,1,0.1,Completed
ORD14370,12-06-2026,CUS1010,Neha Joshi,P007,1,0.05,Completed
ORD10440,13-06-2026,CUS1013,Sneha Rao,P002,1,0.1,Completed
ORD10554,13-06-2026,CUS1020,Neha Joshi,P007,4,0.1,Completed
ORD10809,13-06-2026,CUS1005,Vikram Singh,P010,1,0.0,Completed
ORD11128,13-06-2026,CUS1016,Sneha Rao,P009,3,0.0,Completed
ORD11238,13-06-2026,CUS1004,Sneha Rao,P004,6,0.15,Completed
ORD11968,13-06-2026,CUS1005,Vikram Singh,P003,2,0.05,Completed
ORD12039,13-06-2026,CUS1009,Sneha Rao,P009,4,0.1,Returned
ORD12087,13-06-2026,CUS1004,Amit Sharma,P001,1,0.05,Completed
ORD12194,13-06-2026,CUS1018,Vikram Singh,P004,3,0.05,Completed
ORD12709,13-06-2026,CUS1019,Vikram Singh,P002,1,0.0,Completed
ORD12856,13-06-2026,CUS1010,Anjali Mehta,P010,2,0.05,Completed
ORD12915,13-06-2026,CUS1019,Amit Sharma,P001,5,0.1,Completed
ORD13173,13-06-2026,CUS1019,Sneha Rao,P007,1,0.0,Completed
ORD13292,13-06-2026,CUS1020,Vikram Singh,P002,7,0.2,Completed
ORD13486,13-06-2026,CUS1019,Vikram Singh,P007,4,0.0,Completed
ORD13709,13-06-2026,CUS1011,Anjali Mehta,P005,1,0.15,Completed
ORD14843,13-06-2026,CUS1010,Anjali Mehta,P009,5,0.05,Completed
ORD10004,14-06-2026,CUS1017,Neha Joshi,P004,1,0.1,Completed
ORD10111,14-06-2026,CUS1007,Amit Sharma,P001,5,0.0,Completed
ORD10160,14-06-2026,CUS1011,Amit Sharma,P007,2,0.05,Completed
ORD11329,14-06-2026,CUS1007,Amit Sharma,P002,2,0.05,Completed
ORD11514,14-06-2026,CUS1020,Anjali Mehta,P004,6,0.15,Completed
ORD11518,14-06-2026,CUS1002,Vikram Singh,P004,1,0.05,Completed
ORD11751,14-06-2026,CUS1008,Amit Sharma,P001,2,0.05,Completed
ORD11933,14-06-2026,CUS1002,Amit Sharma,P008,1,0.05,Completed
ORD13086,14-06-2026,CUS1012,Anjali Mehta,P010,1,0.15,Completed
ORD13440,14-06-2026,CUS1018,Vikram Singh,P002,3,0.1,Returned
ORD13536,14-06-2026,CUS1020,Priya Nair,P004,2,0.0,Completed
ORD14202,14-06-2026,CUS1009,Priya Nair,P001,3,0.05,Completed
ORD14599,14-06-2026,CUS1013,Anjali Mehta,P001,2,0.15,Cancelled
ORD14915,14-06-2026,CUS1002,Amit Sharma,P001,1,0.2,Completed
ORD11679,15-06-2026,CUS1017,Kiran Kumar,P001,4,0.15,Completed
ORD11827,15-06-2026,CUS1016,Anjali Mehta,P001,2,0.0,Completed
ORD12152,15-06-2026,CUS1013,Rahul Verma,P002,2,0.0,Completed
ORD12221,15-06-2026,CUS1014,Sneha Rao,P003,3,0.0,Cancelled
ORD12576,15-06-2026,CUS1007,Kiran Kumar,P009,6,0.1,Completed
ORD12633,15-06-2026,CUS1013,Kiran Kumar,P001,1,0.0,Completed
ORD13043,15-06-2026,CUS1011,Anjali Mehta,P009,3,0.2,Completed
ORD13425,15-06-2026,CUS1010,Amit Sharma,P007,8,0.0,Completed
ORD13460,15-06-2026,CUS1019,Priya Nair,P001,1,0.1,Completed
ORD13955,15-06-2026,CUS1012,Anjali Mehta,P008,1,0.2,Completed
ORD14634,15-06-2026,CUS1016,Kiran Kumar,P006,3,0.0,Completed
ORD10604,16-06-2026,CUS1017,Sneha Rao,P009,2,0.0,Completed
ORD10697,16-06-2026,CUS1017,Vikram Singh,P003,4,0.05,Completed
ORD10819,16-06-2026,CUS1001,Rahul Verma,P002,3,0.05,Completed
ORD11262,16-06-2026,CUS1019,Priya Nair,P005,1,0.0,Completed
ORD12004,16-06-2026,CUS1019,Vikram Singh,P007,1,0.05,Completed
ORD12137,16-06-2026,CUS1012,Vikram Singh,P010,1,0.15,Completed
ORD12162,16-06-2026,CUS1013,Kiran Kumar,P009,1,0.0,Completed
ORD12213,16-06-2026,CUS1019,Anjali Mehta,P009,1,0.05,Completed
ORD12660,16-06-2026,CUS1002,Amit Sharma,P003,3,0.05,Completed
ORD12835,16-06-2026,CUS1013,Amit Sharma,P006,1,0.05,Completed
ORD12979,16-06-2026,CUS1015,Kiran Kumar,P007,9,0.05,Completed
ORD13314,16-06-2026,CUS1019,Anjali Mehta,P005,2,0.1,Completed
ORD13321,16-06-2026,CUS1004,Amit Sharma,P008,3,0.15,Completed
ORD13445,16-06-2026,CUS1001,Anjali Mehta,P002,6,0.1,Completed
ORD13814,16-06-2026,CUS1014,Sneha Rao,P003,5,0.0,Completed
ORD14457,16-06-2026,CUS1020,Anjali Mehta,P010,2,0.0,Completed
ORD14519,16-06-2026,CUS1009,Anjali Mehta,P003,3,0.05,Completed
ORD14537,16-06-2026,CUS1004,Sneha Rao,P009,6,0.05,Completed
ORD10329,17-06-2026,CUS1016,Rahul Verma,P004,1,0.1,Completed
ORD10573,17-06-2026,CUS1020,Amit Sharma,P004,6,0.2,Completed
ORD10679,17-06-2026,CUS1005,Vikram Singh,P007,1,0.2,Completed
ORD10932,17-06-2026,CUS1012,Vikram Singh,P008,5,0.0,Completed
ORD11277,17-06-2026,CUS1011,Amit Sharma,P003,8,0.0,Completed
ORD11368,17-06-2026,CUS1011,Amit Sharma,P004,8,0.05,Completed
ORD11636,17-06-2026,CUS1012,Amit Sharma,P009,2,0.05,Completed
ORD11721,17-06-2026,CUS1012,Anjali Mehta,P009,1,0.05,Completed
ORD12038,17-06-2026,CUS1009,Sneha Rao,P002,2,0.0,Completed
ORD12064,17-06-2026,CUS1011,Anjali Mehta,P007,3,0.0,Completed
ORD12831,17-06-2026,CUS1005,Sneha Rao,P008,2,0.1,Returned
ORD12842,17-06-2026,CUS1020,Neha Joshi,P007,9,0.0,Completed
ORD13272,17-06-2026,CUS1020,Amit Sharma,P009,1,0.15,Cancelled
ORD13863,17-06-2026,CUS1011,Anjali Mehta,P006,1,0.05,Completed
ORD14444,17-06-2026,CUS1002,Amit Sharma,P009,5,0.1,Completed
ORD14454,17-06-2026,CUS1004,Rahul Verma,P006,3,0.0,Completed
ORD14629,17-06-2026,CUS1020,Priya Nair,P004,1,0.0,Completed
ORD10215,18-06-2026,CUS1011,Vikram Singh,P007,5,0.0,Completed
ORD10279,18-06-2026,CUS1016,Neha Joshi,P007,1,0.1,Completed
ORD10313,18-06-2026,CUS1012,Sneha Rao,P002,8,0.1,Completed
ORD10540,18-06-2026,CUS1013,Kiran Kumar,P006,1,0.0,Completed
ORD10579,18-06-2026,CUS1014,Amit Sharma,P007,1,0.15,Completed
ORD10956,18-06-2026,CUS1009,Kiran Kumar,P002,2,0.15,Completed
ORD11552,18-06-2026,CUS1005,Vikram Singh,P004,3,0.0,Completed
ORD12358,18-06-2026,CUS1013,Rahul Verma,P006,3,0.15,Completed
ORD13545,18-06-2026,CUS1013,Amit Sharma,P007,2,0.0,Completed
ORD13635,18-06-2026,CUS1001,Vikram Singh,P002,1,0.05,Completed
ORD14319,18-06-2026,CUS1019,Kiran Kumar,P006,1,0.2,Completed
ORD14625,18-06-2026,CUS1016,Anjali Mehta,P002,2,0.15,Completed
ORD14842,18-06-2026,CUS1016,Kiran Kumar,P006,4,0.05,Completed
ORD10088,19-06-2026,CUS1010,Anjali Mehta,P004,3,0.0,Cancelled
ORD10119,19-06-2026,CUS1018,Amit Sharma,P009,10,0.05,Cancelled
ORD10323,19-06-2026,CUS1016,Anjali Mehta,P001,1,0.0,Cancelled
ORD10327,19-06-2026,CUS1002,Vikram Singh,P007,6,0.1,Completed
ORD10594,19-06-2026,CUS1018,Rahul Verma,P008,1,0.0,Completed
ORD11413,19-06-2026,CUS1020,Kiran Kumar,P002,2,0.0,Completed
ORD11729,19-06-2026,CUS1005,Amit Sharma,P004,1,0.0,Completed
ORD12525,19-06-2026,CUS1020,Kiran Kumar,P004,5,0.05,Completed
ORD12650,19-06-2026,CUS1002,Anjali Mehta,P001,1,0.15,Completed
ORD12862,19-06-2026,CUS1009,Rahul Verma,P009,2,0.05,Completed
ORD12891,19-06-2026,CUS1009,Vikram Singh,P002,1,0.05,Completed
ORD13410,19-06-2026,CUS1007,Vikram Singh,P007,2,0.05,Completed
ORD14240,19-06-2026,CUS1020,Sneha Rao,P009,1,0.15,Cancelled
ORD14318,19-06-2026,CUS1008,Amit Sharma,P009,1,0.1,Completed
ORD14331,19-06-2026,CUS1018,Kiran Kumar,P004,2,0.05,Completed
ORD10172,20-06-2026,CUS1012,Vikram Singh,P009,5,0.1,Cancelled
ORD10304,20-06-2026,CUS1016,Amit Sharma,P004,5,0.0,Completed
ORD11134,20-06-2026,CUS1014,Vikram Singh,P002,6,0.05,Completed
ORD11496,20-06-2026,CUS1010,Kiran Kumar,P001,5,0.05,Completed
ORD11630,20-06-2026,CUS1016,Kiran Kumar,P004,2,0.2,Completed
ORD11742,20-06-2026,CUS1018,Priya Nair,P009,5,0.05,Completed
ORD11795,20-06-2026,CUS1003,Kiran Kumar,P007,2,0.0,Completed
ORD12301,20-06-2026,CUS1017,Kiran Kumar,P001,4,0.05,Completed
ORD12597,20-06-2026,CUS1012,Kiran Kumar,P009,3,0.1,Completed
ORD13217,20-06-2026,CUS1007,Anjali Mehta,P003,1,0.2,Completed
ORD13243,20-06-2026,CUS1014,Neha Joshi,P002,2,0.05,Completed
ORD13429,20-06-2026,CUS1005,Kiran Kumar,P001,3,0.0,Completed
ORD13672,20-06-2026,CUS1010,Sneha Rao,P002,2,0.1,Completed
ORD14270,20-06-2026,CUS1018,Sneha Rao,P006,2,0.15,Completed
ORD14832,20-06-2026,CUS1005,Anjali Mehta,P004,1,0.1,Completed
ORD14917,20-06-2026,CUS1018,Kiran Kumar,P010,1,0.1,Completed
ORD10924,21-06-2026,CUS1003,Vikram Singh,P001,6,0.0,Completed
ORD10986,21-06-2026,CUS1005,Vikram Singh,P007,5,0.0,Completed
ORD11070,21-06-2026,CUS1003,Sneha Rao,P006,2,0.1,Completed
ORD11460,21-06-2026,CUS1007,Kiran Kumar,P002,1,0.15,Completed
ORD11490,21-06-2026,CUS1005,Vikram Singh,P010,1,0.15,Returned
ORD14237,21-06-2026,CUS1016,Amit Sharma,P005,2,0.05,Cancelled
ORD14285,21-06-2026,CUS1020,Sneha Rao,P007,4,0.05,Cancelled
ORD14891,21-06-2026,CUS1013,Rahul Verma,P001,3,0.1,Completed
ORD10430,22-06-2026,CUS1015,Priya Nair,P009,1,0.1,Completed
ORD10448,22-06-2026,CUS1004,Amit Sharma,P004,2,0.15,Completed
ORD10902,22-06-2026,CUS1020,Kiran Kumar,P004,3,0.0,Completed
ORD11031,22-06-2026,CUS1001,Anjali Mehta,P010,3,0.05,Completed
ORD11042,22-06-2026,CUS1016,Priya Nair,P001,6,0.1,Completed
ORD11164,22-06-2026,CUS1011,Anjali Mehta,P007,9,0.1,Completed
ORD11244,22-06-2026,CUS1005,Rahul Verma,P008,5,0.0,Completed
ORD11352,22-06-2026,CUS1020,Rahul Verma,P009,4,0.0,Completed
ORD11365,22-06-2026,CUS1010,Priya Nair,P010,3,0.1,Completed
ORD11898,22-06-2026,CUS1005,Kiran Kumar,P003,1,0.1,Completed
ORD11911,22-06-2026,CUS1012,Priya Nair,P001,3,0.05,Completed
ORD12236,22-06-2026,CUS1020,Amit Sharma,P001,1,0.0,Completed
ORD12370,22-06-2026,CUS1019,Anjali Mehta,P009,6,0.05,Completed
ORD12435,22-06-2026,CUS1019,Amit Sharma,P009,3,0.05,Completed
ORD13383,22-06-2026,CUS1018,Anjali Mehta,P001,1,0.15,Completed
ORD13386,22-06-2026,CUS1007,Kiran Kumar,P007,1,0.15,Completed
ORD13711,22-06-2026,CUS1019,Anjali Mehta,P009,3,0.1,Cancelled
ORD14329,22-06-2026,CUS1004,Sneha Rao,P010,1,0.05,Completed
ORD14959,22-06-2026,CUS1012,Amit Sharma,P009,3,0.0,Completed
ORD10155,23-06-2026,CUS1007,Anjali Mehta,P008,3,0.0,Completed
ORD11364,23-06-2026,CUS1016,Neha Joshi,P007,1,0.05,Completed
ORD11743,23-06-2026,CUS1001,Vikram Singh,P003,4,0.0,Completed
ORD11965,23-06-2026,CUS1001,Vikram Singh,P010,2,0.1,Completed
ORD12083,23-06-2026,CUS1004,Sneha Rao,P002,3,0.0,Completed
ORD14245,23-06-2026,CUS1016,Vikram Singh,P001,8,0.05,Completed
ORD14347,23-06-2026,CUS1008,Kiran Kumar,P007,1,0.0,Completed
ORD10009,24-06-2026,CUS1011,Vikram Singh,P008,1,0.1,Completed
ORD10031,24-06-2026,CUS1019,Kiran Kumar,P002,1,0.1,Completed
ORD10038,24-06-2026,CUS1012,Sneha Rao,P003,2,0.0,Completed
ORD10444,24-06-2026,CUS1001,Anjali Mehta,P009,5,0.15,Completed
ORD10645,24-06-2026,CUS1001,Kiran Kumar,P001,1,0.0,Completed
ORD11095,24-06-2026,CUS1013,Amit Sharma,P009,2,0.2,Completed
ORD11756,24-06-2026,CUS1008,Vikram Singh,P006,3,0.1,Completed
ORD12070,24-06-2026,CUS1019,Amit Sharma,P006,2,0.0,Completed
ORD12299,24-06-2026,CUS1020,Amit Sharma,P007,3,0.05,Completed
ORD12513,24-06-2026,CUS1012,Kiran Kumar,P003,1,0.05,Completed
ORD12544,24-06-2026,CUS1018,Sneha Rao,P001,3,0.1,Completed
ORD12766,24-06-2026,CUS1017,Vikram Singh,P001,2,0.05,Cancelled
ORD12819,24-06-2026,CUS1017,Vikram Singh,P010,4,0.1,Completed
ORD13356,24-06-2026,CUS1003,Vikram Singh,P004,6,0.0,Completed
ORD13641,24-06-2026,CUS1016,Anjali Mehta,P010,2,0.2,Completed
ORD14420,24-06-2026,CUS1020,Anjali Mehta,P001,4,0.1,Completed
ORD14559,24-06-2026,CUS1010,Kiran Kumar,P007,3,0.0,Completed
ORD14785,24-06-2026,CUS1011,Vikram Singh,P009,1,0.1,Completed
ORD10011,25-06-2026,CUS1014,Amit Sharma,P008,2,0.0,Completed
ORD10340,25-06-2026,CUS1019,Kiran Kumar,P010,2,0.2,Completed
ORD10606,25-06-2026,CUS1018,Sneha Rao,P001,4,0.05,Completed
ORD10613,25-06-2026,CUS1016,Vikram Singh,P003,4,0.05,Completed
ORD10761,25-06-2026,CUS1013,Amit Sharma,P007,2,0.1,Completed
ORD11074,25-06-2026,CUS1015,Neha Joshi,P001,4,0.1,Completed
ORD11085,25-06-2026,CUS1016,Vikram Singh,P006,1,0.0,Completed
ORD11307,25-06-2026,CUS1013,Neha Joshi,P002,5,0.0,Completed
ORD11399,25-06-2026,CUS1015,Priya Nair,P009,5,0.0,Completed
ORD11540,25-06-2026,CUS1011,Kiran Kumar,P003,1,0.0,Cancelled
ORD12081,25-06-2026,CUS1002,Amit Sharma,P004,4,0.0,Completed
ORD12093,25-06-2026,CUS1017,Vikram Singh,P009,1,0.05,Completed
ORD12202,25-06-2026,CUS1012,Neha Joshi,P007,1,0.05,Completed
ORD12507,25-06-2026,CUS1008,Amit Sharma,P007,3,0.1,Completed
ORD13055,25-06-2026,CUS1020,Kiran Kumar,P004,3,0.0,Cancelled
ORD13176,25-06-2026,CUS1011,Amit Sharma,P005,2,0.1,Completed
ORD13191,25-06-2026,CUS1020,Vikram Singh,P001,2,0.0,Completed
ORD13284,25-06-2026,CUS1018,Sneha Rao,P003,8,0.1,Completed
ORD13505,25-06-2026,CUS1016,Vikram Singh,P009,1,0.1,Completed
ORD14186,25-06-2026,CUS1008,Amit Sharma,P002,2,0.0,Completed
ORD14290,25-06-2026,CUS1001,Neha Joshi,P010,7,0.2,Completed
ORD14353,25-06-2026,CUS1020,Kiran Kumar,P001,8,0.05,Completed
ORD14626,25-06-2026,CUS1014,Anjali Mehta,P002,3,0.15,Completed
ORD10087,26-06-2026,CUS1009,Sneha Rao,P005,5,0.1,Completed
ORD10506,26-06-2026,CUS1014,Priya Nair,P006,3,0.0,Completed
ORD10668,26-06-2026,CUS1002,Sneha Rao,P003,1,0.0,Completed
ORD10808,26-06-2026,CUS1002,Vikram Singh,P005,2,0.1,Completed
ORD10843,26-06-2026,CUS1003,Sneha Rao,P002,2,0.1,Completed
ORD10957,26-06-2026,CUS1019,Amit Sharma,P003,4,0.0,Completed
ORD11864,26-06-2026,CUS1005,Amit Sharma,P004,5,0.1,Cancelled
ORD12183,26-06-2026,CUS1011,Anjali Mehta,P001,1,0.1,Completed
ORD12256,26-06-2026,CUS1013,Kiran Kumar,P007,1,0.1,Completed
ORD12460,26-06-2026,CUS1016,Kiran Kumar,P008,7,0.15,Completed
ORD12830,26-06-2026,CUS1012,Kiran Kumar,P009,3,0.15,Completed
ORD13198,26-06-2026,CUS1018,Sneha Rao,P001,2,0.0,Completed
ORD13604,26-06-2026,CUS1015,Neha Joshi,P006,4,0.0,Completed
ORD13786,26-06-2026,CUS1016,Neha Joshi,P002,1,0.0,Completed
ORD13995,26-06-2026,CUS1005,Amit Sharma,P007,5,0.1,Completed
ORD14060,26-06-2026,CUS1019,Sneha Rao,P001,1,0.1,Completed
ORD14220,26-06-2026,CUS1016,Anjali Mehta,P002,2,0.0,Cancelled
ORD14438,26-06-2026,CUS1018,Anjali Mehta,P001,6,0.15,Completed
ORD14657,26-06-2026,CUS1007,Amit Sharma,P007,1,0.15,Completed
ORD11770,27-06-2026,CUS1012,Priya Nair,P010,7,0.1,Completed
ORD12349,27-06-2026,CUS1005,Sneha Rao,P001,2,0.05,Completed
ORD12781,27-06-2026,CUS1005,Anjali Mehta,P008,2,0.15,Completed
ORD13118,27-06-2026,CUS1013,Kiran Kumar,P002,1,0.2,Cancelled
ORD13609,27-06-2026,CUS1013,Sneha Rao,P001,3,0.1,Completed
ORD14315,27-06-2026,CUS1020,Neha Joshi,P002,2,0.0,Cancelled
ORD10612,28-06-2026,CUS1001,Amit Sharma,P009,1,0.05,Completed
ORD10806,28-06-2026,CUS1009,Amit Sharma,P006,5,0.05,Completed
ORD11118,28-06-2026,CUS1013,Priya Nair,P007,4,0.2,Completed
ORD11249,28-06-2026,CUS1016,Vikram Singh,P001,2,0.15,Completed
ORD11436,28-06-2026,CUS1012,Neha Joshi,P001,1,0.0,Completed
ORD11479,28-06-2026,CUS1018,Amit Sharma,P002,1,0.1,Completed
ORD11720,28-06-2026,CUS1013,Kiran Kumar,P009,3,0.05,Completed
ORD11736,28-06-2026,CUS1011,Vikram Singh,P007,5,0.0,Completed
ORD11977,28-06-2026,CUS1019,Kiran Kumar,P006,3,0.05,Completed
ORD12608,28-06-2026,CUS1019,Kiran Kumar,P002,2,0.05,Cancelled
ORD12994,28-06-2026,CUS1019,Kiran Kumar,P001,7,0.05,Completed
ORD13417,28-06-2026,CUS1004,Vikram Singh,P002,7,0.0,Completed
ORD14775,28-06-2026,CUS1020,Amit Sharma,P005,1,0.05,Completed
ORD10834,29-06-2026,CUS1011,Kiran Kumar,P004,1,0.05,Completed
ORD10868,29-06-2026,CUS1003,Rahul Verma,P009,1,0.05,Completed
ORD10960,29-06-2026,CUS1018,Vikram Singh,P002,1,0.0,Completed
ORD11407,29-06-2026,CUS1018,Sneha Rao,P002,1,0.05,Completed
ORD11780,29-06-2026,CUS1016,Amit Sharma,P004,1,0.1,Completed
ORD11800,29-06-2026,CUS1009,Anjali Mehta,P002,1,0.05,Completed
ORD11990,29-06-2026,CUS1001,Sneha Rao,P001,2,0.0,Completed
ORD12700,29-06-2026,CUS1005,Amit Sharma,P001,1,0.05,Completed
ORD12912,29-06-2026,CUS1005,Vikram Singh,P009,2,0.0,Completed
ORD14000,29-06-2026,CUS1004,Vikram Singh,P006,3,0.15,Completed
ORD14103,29-06-2026,CUS1001,Priya Nair,P008,3,0.15,Completed
ORD14509,29-06-2026,CUS1018,Neha Joshi,P003,2,0.05,Completed
ORD14579,29-06-2026,CUS1011,Anjali Mehta,P009,1,0.1,Completed
ORD10026,30-06-2026,CUS1012,Amit Sharma,P010,2,0.05,Completed
ORD10093,30-06-2026,CUS1013,Amit Sharma,P001,4,0.05,Completed
ORD10204,30-06-2026,CUS1011,Anjali Mehta,P007,9,0.05,Completed
ORD10586,30-06-2026,CUS1002,Priya Nair,P007,1,0.0,Completed
ORD11385,30-06-2026,CUS1011,Priya Nair,P001,1,0.0,Completed
ORD12014,30-06-2026,CUS1004,Sneha Rao,P009,1,0.0,Completed
ORD12237,30-06-2026,CUS1018,Vikram Singh,P004,3,0.05,Completed
ORD12478,30-06-2026,CUS1012,Anjali Mehta,P007,4,0.15,Completed
ORD12639,30-06-2026,CUS1019,Rahul Verma,P010,1,0.1,Completed
ORD12853,30-06-2026,CUS1002,Rahul Verma,P010,4,0.15,Returned
ORD13135,30-06-2026,CUS1019,Priya Nair,P009,1,0.0,Completed
ORD13165,30-06-2026,CUS1014,Kiran Kumar,P001,3,0.1,Completed
ORD13228,30-06-2026,CUS1004,Kiran Kumar,P010,2,0.05,Completed
ORD13674,30-06-2026,CUS1012,Rahul Verma,P007,8,0.0,Completed
ORD13728,30-06-2026,CUS1016,Neha Joshi,P006,4,0.0,Completed
ORD13787,30-06-2026,CUS1015,Vikram Singh,P010,7,0.0,Completed
ORD14350,30-06-2026,CUS1002,Sneha Rao,P007,2,0.1,Completed
ORD14687,30-06-2026,CUS1018,Priya Nair,P004,1,0.2,Completed
ORD14774,30-06-2026,CUS1020,Sneha Rao,P002,2,0.0,Completed
ORD14858,30-06-2026,CUS1001,Rahul Verma,P009,10,0.0,Completed
ORD10003,01-07-2026,CUS1020,Kiran Kumar,P002,1,0.05,Completed
ORD10198,01-07-2026,CUS1019,Vikram Singh,P001,2,0.05,Completed
ORD10395,01-07-2026,CUS1006,Rahul Verma,P001,1,0.1,Completed
ORD10875,01-07-2026,CUS1009,Amit Sharma,P001,3,0.05,Completed
ORD11176,01-07-2026,CUS1001,Kiran Kumar,P007,8,0.0,Completed
ORD11288,01-07-2026,CUS1020,Neha Joshi,P001,2,0.1,Completed
ORD12518,01-07-2026,CUS1005,Sneha Rao,P009,1,0.1,Completed
ORD12762,01-07-2026,CUS1009,Anjali Mehta,P007,1,0.15,Completed
ORD13189,01-07-2026,CUS1015,Amit Sharma,P002,4,0.1,Completed
ORD13269,01-07-2026,CUS1014,Kiran Kumar,P007,1,0.05,Completed
ORD14876,01-07-2026,CUS1018,Kiran Kumar,P004,4,0.0,Cancelled
ORD10321,02-07-2026,CUS1018,Anjali Mehta,P008,3,0.1,Completed
ORD10812,02-07-2026,CUS1009,Amit Sharma,P003,2,0.0,Completed
ORD10899,02-07-2026,CUS1020,Anjali Mehta,P002,8,0.0,Completed
ORD11059,02-07-2026,CUS1011,Kiran Kumar,P007,1,0.0,Completed
ORD11210,02-07-2026,CUS1018,Kiran Kumar,P009,1,0.05,Completed
ORD11744,02-07-2026,CUS1019,Vikram Singh,P004,2,0.1,Cancelled
ORD11985,02-07-2026,CUS1007,Neha Joshi,P001,9,0.15,Completed
ORD12009,02-07-2026,CUS1018,Kiran Kumar,P003,4,0.0,Completed
ORD12516,02-07-2026,CUS1009,Anjali Mehta,P001,3,0.1,Completed
ORD12826,02-07-2026,CUS1019,Sneha Rao,P001,1,0.05,Completed
ORD13305,02-07-2026,CUS1012,Neha Joshi,P009,1,0.15,Completed
ORD13329,02-07-2026,CUS1015,Anjali Mehta,P002,4,0.0,Completed
ORD13966,02-07-2026,CUS1016,Kiran Kumar,P001,7,0.0,Completed
ORD14316,02-07-2026,CUS1018,Vikram Singh,P003,5,0.0,Cancelled
ORD14343,02-07-2026,CUS1018,Sneha Rao,P004,2,0.1,Completed
ORD10824,03-07-2026,CUS1017,Neha Joshi,P008,1,0.1,Completed
ORD10838,03-07-2026,CUS1019,Sneha Rao,P009,1,0.05,Completed
ORD11007,03-07-2026,CUS1010,Rahul Verma,P003,8,0.1,Completed
ORD11267,03-07-2026,CUS1013,Anjali Mehta,P004,2,0.1,Completed
ORD12025,03-07-2026,CUS1013,Priya Nair,P002,2,0.0,Completed
ORD12325,03-07-2026,CUS1005,Vikram Singh,P008,6,0.05,Completed
ORD12848,03-07-2026,CUS1011,Rahul Verma,P007,5,0.0,Completed
ORD13221,03-07-2026,CUS1019,Vikram Singh,P007,9,0.0,Completed
ORD13310,03-07-2026,CUS1007,Kiran Kumar,P005,4,0.0,Completed
ORD13526,03-07-2026,CUS1015,Vikram Singh,P009,4,0.0,Completed
ORD13652,03-07-2026,CUS1011,Vikram Singh,P010,2,0.15,Completed
ORD13717,03-07-2026,CUS1018,Rahul Verma,P002,2,0.05,Completed
ORD13808,03-07-2026,CUS1018,Kiran Kumar,P004,2,0.0,Completed
ORD14266,03-07-2026,CUS1014,Neha Joshi,P009,1,0.0,Completed
ORD14553,03-07-2026,CUS1008,Kiran Kumar,P002,2,0.15,Completed
ORD14573,03-07-2026,CUS1016,Sneha Rao,P010,1,0.0,Completed
ORD10315,04-07-2026,CUS1012,Priya Nair,P001,1,0.05,Completed
ORD10618,04-07-2026,CUS1014,Kiran Kumar,P001,1,0.2,Completed
ORD10816,04-07-2026,CUS1008,Sneha Rao,P010,1,0.1,Completed
ORD11058,04-07-2026,CUS1020,Vikram Singh,P001,2,0.1,Completed
ORD11069,04-07-2026,CUS1010,Anjali Mehta,P006,9,0.0,Cancelled
ORD11127,04-07-2026,CUS1009,Kiran Kumar,P001,8,0.0,Completed
ORD11290,04-07-2026,CUS1016,Sneha Rao,P004,1,0.05,Completed
ORD11745,04-07-2026,CUS1008,Vikram Singh,P007,3,0.0,Completed
ORD12326,04-07-2026,CUS1001,Sneha Rao,P010,1,0.05,Completed
ORD12485,04-07-2026,CUS1020,Neha Joshi,P007,3,0.05,Completed
ORD13197,04-07-2026,CUS1019,Anjali Mehta,P009,3,0.05,Completed
ORD13435,04-07-2026,CUS1017,Anjali Mehta,P009,5,0.1,Completed
ORD14263,04-07-2026,CUS1016,Priya Nair,P004,3,0.15,Completed
ORD10191,05-07-2026,CUS1012,Sneha Rao,P009,2,0.0,Completed
ORD10419,05-07-2026,CUS1016,Amit Sharma,P010,6,0.0,Completed
ORD10437,05-07-2026,CUS1006,Anjali Mehta,P005,6,0.15,Completed
ORD10753,05-07-2026,CUS1016,Anjali Mehta,P002,3,0.05,Cancelled
ORD10906,05-07-2026,CUS1017,Amit Sharma,P010,8,0.0,Completed
ORD13132,05-07-2026,CUS1013,Neha Joshi,P001,6,0.05,Cancelled
ORD13543,05-07-2026,CUS1018,Kiran Kumar,P008,8,0.05,Completed
ORD13596,05-07-2026,CUS1013,Priya Nair,P004,5,0.0,Completed
ORD13627,05-07-2026,CUS1003,Kiran Kumar,P007,1,0.0,Completed
ORD14125,05-07-2026,CUS1013,Vikram Singh,P006,4,0.05,Completed
ORD14158,05-07-2026,CUS1017,Anjali Mehta,P007,2,0.05,Completed
ORD14551,05-07-2026,CUS1012,Priya Nair,P001,3,0.1,Completed
ORD14828,05-07-2026,CUS1009,Rahul Verma,P004,3,0.05,Completed
ORD10128,06-07-2026,CUS1013,Amit Sharma,P008,1,0.15,Completed
ORD10450,06-07-2026,CUS1002,Rahul Verma,P007,3,0.15,Completed
ORD13500,06-07-2026,CUS1005,Kiran Kumar,P007,1,0.05,Completed
ORD14513,06-07-2026,CUS1007,Kiran Kumar,P009,7,0.0,Completed
ORD14544,06-07-2026,CUS1019,Anjali Mehta,P009,5,0.05,Completed
ORD14622,06-07-2026,CUS1016,Anjali Mehta,P001,1,0.0,Completed
ORD10153,07-07-2026,CUS1009,Anjali Mehta,P008,3,0.05,Completed
ORD10187,07-07-2026,CUS1013,Kiran Kumar,P008,3,0.0,Completed
ORD10217,07-07-2026,CUS1013,Neha Joshi,P007,5,0.05,Completed
ORD10476,07-07-2026,CUS1005,Sneha Rao,P002,2,0.1,Completed
ORD10721,07-07-2026,CUS1004,Neha Joshi,P010,1,0.1,Completed
ORD10941,07-07-2026,CUS1019,Rahul Verma,P004,2,0.05,Completed
ORD10959,07-07-2026,CUS1012,Priya Nair,P002,4,0.1,Completed
ORD11068,07-07-2026,CUS1019,Anjali Mehta,P008,1,0.15,Completed
ORD11075,07-07-2026,CUS1020,Sneha Rao,P007,3,0.1,Completed
ORD11199,07-07-2026,CUS1013,Kiran Kumar,P003,1,0.0,Completed
ORD11225,07-07-2026,CUS1018,Vikram Singh,P004,4,0.0,Completed
ORD12193,07-07-2026,CUS1016,Vikram Singh,P004,1,0.05,Completed
ORD13846,07-07-2026,CUS1016,Anjali Mehta,P007,5,0.15,Completed
ORD13931,07-07-2026,CUS1011,Vikram Singh,P005,3,0.15,Completed
ORD14213,07-07-2026,CUS1016,Kiran Kumar,P009,6,0.05,Completed
ORD14462,07-07-2026,CUS1017,Anjali Mehta,P004,2,0.0,Completed
ORD14893,07-07-2026,CUS1020,Amit Sharma,P007,2,0.05,Completed
ORD10609,08-07-2026,CUS1002,Amit Sharma,P010,7,0.1,Completed
ORD10827,08-07-2026,CUS1001,Amit Sharma,P009,2,0.0,Cancelled
ORD11500,08-07-2026,CUS1018,Neha Joshi,P003,3,0.0,Completed
ORD11601,08-07-2026,CUS1013,Vikram Singh,P006,3,0.2,Completed
ORD11607,08-07-2026,CUS1012,Neha Joshi,P008,1,0.0,Completed
ORD11718,08-07-2026,CUS1003,Sneha Rao,P009,1,0.1,Completed
ORD11915,08-07-2026,CUS1008,Anjali Mehta,P009,1,0.0,Completed
ORD11961,08-07-2026,CUS1008,Sneha Rao,P002,3,0.1,Completed
ORD12259,08-07-2026,CUS1002,Neha Joshi,P010,6,0.1,Completed
ORD12402,08-07-2026,CUS1017,Kiran Kumar,P004,2,0.0,Completed
ORD13231,08-07-2026,CUS1019,Rahul Verma,P006,2,0.15,Completed
ORD13533,08-07-2026,CUS1006,Vikram Singh,P001,2,0.1,Completed
ORD14015,08-07-2026,CUS1008,Sneha Rao,P001,3,0.0,Completed
ORD14638,08-07-2026,CUS1012,Rahul Verma,P001,2,0.05,Completed
ORD14736,08-07-2026,CUS1008,Neha Joshi,P004,2,0.05,Completed
ORD10253,09-07-2026,CUS1012,Sneha Rao,P010,3,0.0,Completed
ORD10695,09-07-2026,CUS1019,Neha Joshi,P003,6,0.05,Completed
ORD10762,09-07-2026,CUS1016,Anjali Mehta,P004,1,0.1,Completed
ORD11984,09-07-2026,CUS1010,Rahul Verma,P009,7,0.0,Completed
ORD12459,09-07-2026,CUS1019,Vikram Singh,P008,3,0.0,Completed
ORD12539,09-07-2026,CUS1001,Amit Sharma,P007,4,0.0,Completed
ORD12927,09-07-2026,CUS1020,Rahul Verma,P010,3,0.0,Completed
ORD13990,09-07-2026,CUS1016,Anjali Mehta,P008,8,0.2,Completed
ORD14284,09-07-2026,CUS1010,Kiran Kumar,P006,7,0.0,Completed
ORD14395,09-07-2026,CUS1009,Vikram Singh,P004,6,0.05,Completed
ORD14805,09-07-2026,CUS1020,Vikram Singh,P007,1,0.0,Completed
ORD14953,09-07-2026,CUS1013,Vikram Singh,P004,8,0.05,Completed
ORD10368,10-07-2026,CUS1019,Anjali Mehta,P007,1,0.0,Cancelled
ORD10545,10-07-2026,CUS1020,Priya Nair,P002,6,0.15,Returned
ORD11746,10-07-2026,CUS1011,Priya Nair,P001,4,0.0,Completed
ORD12045,10-07-2026,CUS1017,Vikram Singh,P001,1,0.1,Completed
ORD12077,10-07-2026,CUS1009,Anjali Mehta,P007,1,0.0,Completed
ORD12628,10-07-2026,CUS1020,Amit Sharma,P008,8,0.05,Completed
ORD12829,10-07-2026,CUS1002,Anjali Mehta,P002,1,0.2,Completed
ORD13308,10-07-2026,CUS1012,Anjali Mehta,P009,3,0.05,Completed
ORD13572,10-07-2026,CUS1017,Amit Sharma,P009,5,0.05,Completed
ORD13581,10-07-2026,CUS1012,Anjali Mehta,P009,2,0.0,Completed
ORD13806,10-07-2026,CUS1018,Sneha Rao,P002,5,0.0,Completed
ORD14212,10-07-2026,CUS1018,Anjali Mehta,P010,1,0.05,Completed
ORD14299,10-07-2026,CUS1005,Kiran Kumar,P010,8,0.15,Completed
ORD14586,10-07-2026,CUS1017,Vikram Singh,P008,2,0.05,Completed
ORD10227,11-07-2026,CUS1003,Kiran Kumar,P009,7,0.0,Completed
ORD10360,11-07-2026,CUS1010,Kiran Kumar,P007,1,0.1,Completed
ORD10681,11-07-2026,CUS1014,Anjali Mehta,P009,2,0.05,Cancelled
ORD10780,11-07-2026,CUS1007,Anjali Mehta,P001,1,0.15,Completed
ORD10871,11-07-2026,CUS1019,Sneha Rao,P004,3,0.05,Completed
ORD11255,11-07-2026,CUS1019,Anjali Mehta,P001,5,0.05,Completed
ORD12838,11-07-2026,CUS1020,Sneha Rao,P009,3,0.0,Returned
ORD12870,11-07-2026,CUS1016,Rahul Verma,P004,1,0.1,Completed
ORD13301,11-07-2026,CUS1019,Anjali Mehta,P001,1,0.05,Completed
ORD13618,11-07-2026,CUS1016,Neha Joshi,P007,3,0.1,Completed
ORD14146,11-07-2026,CUS1011,Amit Sharma,P003,10,0.0,Completed
ORD14515,11-07-2026,CUS1002,Amit Sharma,P009,3,0.15,Completed
ORD14619,11-07-2026,CUS1020,Kiran Kumar,P008,1,0.15,Completed
ORD10095,12-07-2026,CUS1011,Anjali Mehta,P001,3,0.05,Completed
ORD10334,12-07-2026,CUS1016,Vikram Singh,P004,2,0.05,Completed
ORD10463,12-07-2026,CUS1019,Amit Sharma,P004,1,0.05,Completed
ORD10873,12-07-2026,CUS1016,Amit Sharma,P009,4,0.1,Completed
ORD11025,12-07-2026,CUS1013,Vikram Singh,P002,4,0.05,Completed
ORD11588,12-07-2026,CUS1017,Amit Sharma,P006,2,0.0,Cancelled
ORD11987,12-07-2026,CUS1002,Kiran Kumar,P009,8,0.15,Completed
ORD12132,12-07-2026,CUS1013,Vikram Singh,P007,4,0.1,Completed
ORD12476,12-07-2026,CUS1013,Sneha Rao,P004,1,0.1,Completed
ORD12812,12-07-2026,CUS1012,Amit Sharma,P007,2,0.0,Completed
ORD13764,12-07-2026,CUS1012,Vikram Singh,P007,2,0.1,Cancelled
ORD13989,12-07-2026,CUS1011,Kiran Kumar,P001,2,0.1,Completed
ORD14767,12-07-2026,CUS1019,Kiran Kumar,P007,7,0.0,Completed
ORD10210,13-07-2026,CUS1005,Amit Sharma,P001,1,0.0,Completed
ORD10243,13-07-2026,CUS1018,Anjali Mehta,P002,4,0.1,Completed
ORD11214,13-07-2026,CUS1012,Neha Joshi,P009,4,0.0,Completed
ORD11297,13-07-2026,CUS1013,Kiran Kumar,P007,5,0.05,Completed
ORD11430,13-07-2026,CUS1020,Amit Sharma,P001,2,0.15,Completed
ORD12122,13-07-2026,CUS1006,Rahul Verma,P008,3,0.1,Completed
ORD12396,13-07-2026,CUS1005,Sneha Rao,P009,1,0.1,Completed
ORD12606,13-07-2026,CUS1019,Rahul Verma,P009,3,0.05,Completed
ORD13891,13-07-2026,CUS1018,Kiran Kumar,P009,2,0.2,Completed
ORD13975,13-07-2026,CUS1011,Kiran Kumar,P005,2,0.15,Completed
ORD14189,13-07-2026,CUS1018,Anjali Mehta,P001,2,0.2,Completed
ORD14747,13-07-2026,CUS1018,Kiran Kumar,P002,1,0.1,Cancelled
ORD14781,13-07-2026,CUS1011,Vikram Singh,P008,1,0.1,Completed
ORD10039,14-07-2026,CUS1016,Amit Sharma,P007,5,0.05,Completed
ORD10815,14-07-2026,CUS1020,Rahul Verma,P007,1,0.15,Completed
ORD11422,14-07-2026,CUS1013,Rahul Verma,P002,2,0.0,Completed
ORD13407,14-07-2026,CUS1012,Vikram Singh,P010,8,0.15,Completed
ORD14154,14-07-2026,CUS1018,Sneha Rao,P009,5,0.0,Completed
ORD14404,14-07-2026,CUS1009,Vikram Singh,P007,1,0.05,Completed
ORD14541,14-07-2026,CUS1020,Vikram Singh,P002,1,0.15,Completed
ORD14663,14-07-2026,CUS1008,Kiran Kumar,P004,3,0.05,Completed
ORD14814,14-07-2026,CUS1008,Anjali Mehta,P007,2,0.0,Cancelled
ORD14960,14-07-2026,CUS1005,Vikram Singh,P010,5,0.1,Completed
ORD10299,15-07-2026,CUS1016,Anjali Mehta,P001,1,0.15,Cancelled
ORD10617,15-07-2026,CUS1007,Sneha Rao,P010,1,0.1,Completed
ORD10825,15-07-2026,CUS1018,Amit Sharma,P002,2,0.05,Completed
ORD10914,15-07-2026,CUS1018,Amit Sharma,P004,2,0.05,Completed
ORD12201,15-07-2026,CUS1011,Vikram Singh,P001,1,0.05,Completed
ORD12390,15-07-2026,CUS1005,Rahul Verma,P004,1,0.0,Completed
ORD12404,15-07-2026,CUS1008,Sneha Rao,P009,1,0.15,Completed
ORD12613,15-07-2026,CUS1018,Kiran Kumar,P009,1,0.05,Completed
ORD12646,15-07-2026,CUS1020,Kiran Kumar,P002,4,0.0,Completed
ORD13166,15-07-2026,CUS1020,Anjali Mehta,P006,9,0.0,Completed
ORD13244,15-07-2026,CUS1001,Vikram Singh,P001,1,0.15,Completed
ORD13828,15-07-2026,CUS1016,Sneha Rao,P006,2,0.1,Cancelled
ORD13917,15-07-2026,CUS1010,Rahul Verma,P006,4,0.2,Completed
ORD14373,15-07-2026,CUS1005,Neha Joshi,P007,2,0.0,Completed
ORD10005,16-07-2026,CUS1013,Rahul Verma,P008,2,0.05,Completed
ORD10452,16-07-2026,CUS1002,Amit Sharma,P005,2,0.05,Completed
ORD11345,16-07-2026,CUS1012,Kiran Kumar,P001,1,0.05,Completed
ORD11489,16-07-2026,CUS1020,Kiran Kumar,P004,2,0.0,Completed
ORD12612,16-07-2026,CUS1019,Rahul Verma,P001,2,0.0,Completed
ORD13066,16-07-2026,CUS1003,Priya Nair,P008,2,0.0,Completed
ORD13733,16-07-2026,CUS1009,Vikram Singh,P009,4,0.1,Completed
ORD13756,16-07-2026,CUS1016,Anjali Mehta,P010,5,0.2,Completed
ORD14357,16-07-2026,CUS1011,Kiran Kumar,P005,5,0.1,Returned
ORD14952,16-07-2026,CUS1005,Sneha Rao,P007,3,0.0,Completed
ORD10438,17-07-2026,CUS1018,Vikram Singh,P006,1,0.1,Returned
ORD10934,17-07-2026,CUS1001,Amit Sharma,P001,1,0.15,Completed
ORD11215,17-07-2026,CUS1012,Kiran Kumar,P001,2,0.05,Completed
ORD11796,17-07-2026,CUS1018,Priya Nair,P004,1,0.05,Cancelled
ORD12133,17-07-2026,CUS1019,Amit Sharma,P002,2,0.0,Completed
ORD13239,17-07-2026,CUS1005,Vikram Singh,P009,3,0.0,Completed
ORD14138,17-07-2026,CUS1020,Amit Sharma,P002,4,0.15,Completed
ORD14295,17-07-2026,CUS1016,Priya Nair,P002,3,0.0,Cancelled
ORD14800,17-07-2026,CUS1012,Anjali Mehta,P009,4,0.1,Completed
ORD14862,17-07-2026,CUS1020,Neha Joshi,P001,2,0.1,Completed
ORD14870,17-07-2026,CUS1019,Vikram Singh,P001,2,0.0,Completed
ORD11099,18-07-2026,CUS1002,Amit Sharma,P010,2,0.1,Completed
ORD11130,18-07-2026,CUS1002,Anjali Mehta,P004,2,0.15,Completed
ORD11664,18-07-2026,CUS1018,Anjali Mehta,P007,8,0.0,Completed
ORD11763,18-07-2026,CUS1012,Kiran Kumar,P006,5,0.0,Completed
ORD12323,18-07-2026,CUS1017,Kiran Kumar,P007,10,0.0,Cancelled
ORD12363,18-07-2026,CUS1013,Anjali Mehta,P004,3,0.0,Completed
ORD12547,18-07-2026,CUS1011,Amit Sharma,P008,2,0.15,Completed
ORD13346,18-07-2026,CUS1001,Amit Sharma,P003,3,0.0,Completed
ORD13474,18-07-2026,CUS1016,Kiran Kumar,P006,5,0.15,Returned
ORD14277,18-07-2026,CUS1013,Vikram Singh,P004,2,0.05,Completed
ORD14336,18-07-2026,CUS1001,Kiran Kumar,P003,1,0.1,Completed
ORD14535,18-07-2026,CUS1002,Sneha Rao,P007,1,0.0,Completed
ORD14616,18-07-2026,CUS1007,Kiran Kumar,P006,6,0.0,Returned
ORD14661,18-07-2026,CUS1019,Kiran Kumar,P004,1,0.15,Completed
ORD14757,18-07-2026,CUS1001,Priya Nair,P001,4,0.15,Completed
ORD11583,19-07-2026,CUS1020,Vikram Singh,P001,1,0.05,Completed
ORD11863,19-07-2026,CUS1001,Sneha Rao,P009,3,0.15,Completed
ORD12285,19-07-2026,CUS1011,Amit Sharma,P009,3,0.05,Completed
ORD12657,19-07-2026,CUS1016,Sneha Rao,P006,1,0.0,Completed
ORD12765,19-07-2026,CUS1009,Neha Joshi,P001,2,0.05,Completed
ORD13229,19-07-2026,CUS1004,Priya Nair,P007,5,0.05,Completed
ORD13465,19-07-2026,CUS1014,Sneha Rao,P009,4,0.0,Completed
ORD13566,19-07-2026,CUS1020,Sneha Rao,P007,1,0.05,Completed
ORD13608,19-07-2026,CUS1002,Vikram Singh,P010,3,0.0,Cancelled
ORD13665,19-07-2026,CUS1005,Rahul Verma,P009,1,0.1,Completed
ORD13892,19-07-2026,CUS1013,Neha Joshi,P007,1,0.0,Completed
ORD14671,19-07-2026,CUS1014,Priya Nair,P005,4,0.0,Completed
ORD14710,19-07-2026,CUS1013,Vikram Singh,P010,1,0.15,Cancelled
ORD14788,19-07-2026,CUS1014,Kiran Kumar,P007,1,0.05,Completed
ORD14881,19-07-2026,CUS1002,Amit Sharma,P002,3,0.1,Completed
ORD10110,20-07-2026,CUS1016,Sneha Rao,P008,5,0.05,Completed
ORD10141,20-07-2026,CUS1011,Anjali Mehta,P001,1,0.0,Returned
ORD10328,20-07-2026,CUS1009,Neha Joshi,P002,2,0.2,Completed
ORD11088,20-07-2026,CUS1011,Neha Joshi,P010,1,0.1,Completed
ORD11231,20-07-2026,CUS1016,Kiran Kumar,P004,3,0.05,Completed
ORD11761,20-07-2026,CUS1005,Sneha Rao,P007,4,0.1,Completed
ORD12800,20-07-2026,CUS1010,Vikram Singh,P003,1,0.05,Completed
ORD12909,20-07-2026,CUS1011,Vikram Singh,P006,2,0.0,Completed
ORD13589,20-07-2026,CUS1015,Kiran Kumar,P004,1,0.0,Completed
ORD13829,20-07-2026,CUS1012,Anjali Mehta,P006,3,0.1,Completed
ORD13957,20-07-2026,CUS1019,Sneha Rao,P008,1,0.05,Completed
ORD14155,20-07-2026,CUS1013,Anjali Mehta,P004,4,0.0,Completed
ORD14717,20-07-2026,CUS1002,Anjali Mehta,P003,1,0.0,Cancelled
ORD14773,20-07-2026,CUS1002,Rahul Verma,P010,1,0.0,Completed
ORD10952,21-07-2026,CUS1012,Priya Nair,P003,2,0.05,Completed
ORD11008,21-07-2026,CUS1013,Anjali Mehta,P002,1,0.1,Completed
ORD11417,21-07-2026,CUS1018,Rahul Verma,P009,2,0.05,Completed
ORD12072,21-07-2026,CUS1010,Priya Nair,P007,1,0.05,Completed
ORD12752,21-07-2026,CUS1004,Amit Sharma,P009,1,0.0,Completed
ORD13421,21-07-2026,CUS1016,Vikram Singh,P001,2,0.0,Completed
ORD13832,21-07-2026,CUS1010,Priya Nair,P003,8,0.2,Completed
ORD14399,21-07-2026,CUS1008,Kiran Kumar,P008,1,0.15,Completed
ORD14582,21-07-2026,CUS1003,Amit Sharma,P004,2,0.0,Completed
ORD14860,21-07-2026,CUS1020,Vikram Singh,P002,4,0.0,Completed
ORD10225,22-07-2026,CUS1020,Priya Nair,P007,2,0.0,Completed
ORD10339,22-07-2026,CUS1009,Kiran Kumar,P002,1,0.1,Completed
ORD10486,22-07-2026,CUS1010,Kiran Kumar,P007,1,0.0,Completed
ORD10839,22-07-2026,CUS1005,Sneha Rao,P006,2,0.1,Completed
ORD11050,22-07-2026,CUS1018,Amit Sharma,P003,2,0.0,Completed
ORD12049,22-07-2026,CUS1020,Rahul Verma,P003,3,0.1,Completed
ORD12088,22-07-2026,CUS1020,Vikram Singh,P004,2,0.1,Completed
ORD12146,22-07-2026,CUS1003,Vikram Singh,P001,1,0.1,Completed
ORD12989,22-07-2026,CUS1007,Kiran Kumar,P009,3,0.05,Returned
ORD13499,22-07-2026,CUS1011,Sneha Rao,P008,3,0.05,Completed
ORD13763,22-07-2026,CUS1017,Kiran Kumar,P009,1,0.1,Completed
ORD14067,22-07-2026,CUS1015,Priya Nair,P009,1,0.1,Completed
ORD10096,23-07-2026,CUS1012,Rahul Verma,P008,1,0.1,Completed
ORD10176,23-07-2026,CUS1016,Vikram Singh,P002,3,0.0,Completed
ORD10465,23-07-2026,CUS1002,Vikram Singh,P004,3,0.05,Completed
ORD10700,23-07-2026,CUS1004,Kiran Kumar,P010,2,0.15,Completed
ORD11569,23-07-2026,CUS1020,Kiran Kumar,P004,4,0.05,Cancelled
ORD11908,23-07-2026,CUS1012,Sneha Rao,P005,4,0.05,Completed
ORD12811,23-07-2026,CUS1019,Kiran Kumar,P005,5,0.1,Cancelled
ORD13152,23-07-2026,CUS1016,Vikram Singh,P005,1,0.2,Completed
ORD13250,23-07-2026,CUS1019,Vikram Singh,P002,1,0.0,Completed
ORD13381,23-07-2026,CUS1002,Amit Sharma,P009,4,0.15,Completed
ORD13553,23-07-2026,CUS1009,Anjali Mehta,P009,4,0.05,Completed
ORD14310,23-07-2026,CUS1014,Vikram Singh,P008,3,0.2,Completed
ORD14807,23-07-2026,CUS1003,Sneha Rao,P009,2,0.15,Completed
ORD11483,24-07-2026,CUS1012,Rahul Verma,P002,3,0.0,Completed
ORD11637,24-07-2026,CUS1016,Priya Nair,P001,2,0.0,Completed
ORD11830,24-07-2026,CUS1020,Anjali Mehta,P004,1,0.05,Completed
ORD12007,24-07-2026,CUS1018,Vikram Singh,P008,3,0.0,Completed
ORD12215,24-07-2026,CUS1020,Anjali Mehta,P008,1,0.0,Completed
ORD12508,24-07-2026,CUS1017,Sneha Rao,P007,2,0.1,Completed
ORD13799,24-07-2026,CUS1005,Vikram Singh,P006,2,0.0,Completed
ORD14606,24-07-2026,CUS1010,Anjali Mehta,P009,1,0.1,Completed
ORD10703,25-07-2026,CUS1012,Anjali Mehta,P009,3,0.0,Completed
ORD12085,25-07-2026,CUS1013,Amit Sharma,P007,2,0.05,Cancelled
ORD12106,25-07-2026,CUS1014,Rahul Verma,P006,5,0.1,Completed
ORD12291,25-07-2026,CUS1001,Sneha Rao,P001,1,0.1,Completed
ORD12377,25-07-2026,CUS1012,Vikram Singh,P005,4,0.0,Completed
ORD12519,25-07-2026,CUS1019,Anjali Mehta,P008,2,0.15,Completed
ORD12659,25-07-2026,CUS1007,Kiran Kumar,P007,3,0.1,Completed
ORD12785,25-07-2026,CUS1011,Kiran Kumar,P001,3,0.05,Completed
ORD12932,25-07-2026,CUS1017,Sneha Rao,P001,1,0.0,Completed
ORD13058,25-07-2026,CUS1001,Rahul Verma,P007,1,0.0,Completed
ORD13074,25-07-2026,CUS1006,Amit Sharma,P001,2,0.15,Completed
ORD13261,25-07-2026,CUS1010,Vikram Singh,P007,3,0.05,Completed
ORD14043,25-07-2026,CUS1010,Vikram Singh,P003,2,0.05,Completed
ORD14064,25-07-2026,CUS1006,Vikram Singh,P007,4,0.05,Completed
ORD14179,25-07-2026,CUS1011,Kiran Kumar,P007,1,0.0,Completed
ORD14387,25-07-2026,CUS1020,Anjali Mehta,P003,1,0.0,Completed
ORD14826,25-07-2026,CUS1016,Neha Joshi,P002,4,0.0,Completed
ORD14913,25-07-2026,CUS1017,Rahul Verma,P001,1,0.0,Completed
ORD14979,25-07-2026,CUS1016,Neha Joshi,P010,3,0.0,Completed
ORD10535,26-07-2026,CUS1018,Vikram Singh,P001,3,0.1,Completed
ORD10859,26-07-2026,CUS1019,Amit Sharma,P006,3,0.05,Cancelled
ORD11189,26-07-2026,CUS1009,Kiran Kumar,P010,2,0.1,Completed
ORD11393,26-07-2026,CUS1012,Anjali Mehta,P010,2,0.0,Cancelled
ORD11508,26-07-2026,CUS1013,Kiran Kumar,P002,6,0.05,Completed
ORD11766,26-07-2026,CUS1003,Vikram Singh,P008,3,0.05,Cancelled
ORD11826,26-07-2026,CUS1017,Amit Sharma,P009,2,0.05,Completed
ORD13087,26-07-2026,CUS1020,Neha Joshi,P008,2,0.1,Cancelled
ORD13394,26-07-2026,CUS1013,Amit Sharma,P004,2,0.05,Completed
ORD13395,26-07-2026,CUS1019,Anjali Mehta,P002,1,0.15,Completed
ORD13856,26-07-2026,CUS1009,Sneha Rao,P007,3,0.1,Completed
ORD14679,26-07-2026,CUS1001,Kiran Kumar,P003,4,0.1,Completed
ORD10260,27-07-2026,CUS1010,Rahul Verma,P007,1,0.0,Completed
ORD10406,27-07-2026,CUS1005,Vikram Singh,P006,2,0.0,Completed
ORD11253,27-07-2026,CUS1002,Amit Sharma,P001,2,0.05,Completed
ORD11443,27-07-2026,CUS1005,Amit Sharma,P001,1,0.15,Completed
ORD12512,27-07-2026,CUS1013,Rahul Verma,P006,2,0.05,Completed
ORD13570,27-07-2026,CUS1002,Vikram Singh,P002,9,0.0,Completed
ORD13834,27-07-2026,CUS1016,Neha Joshi,P007,2,0.0,Completed
ORD14647,27-07-2026,CUS1019,Vikram Singh,P005,1,0.1,Completed
ORD14801,27-07-2026,CUS1020,Priya Nair,P001,1,0.2,Completed
ORD14872,27-07-2026,CUS1020,Sneha Rao,P008,7,0.0,Completed
ORD10397,28-07-2026,CUS1019,Kiran Kumar,P001,7,0.0,Completed
ORD10684,28-07-2026,CUS1019,Anjali Mehta,P008,1,0.1,Completed
ORD10741,28-07-2026,CUS1019,Neha Joshi,P009,2,0.1,Completed
ORD11132,28-07-2026,CUS1014,Rahul Verma,P009,4,0.0,Completed
ORD11458,28-07-2026,CUS1013,Vikram Singh,P010,3,0.15,Completed
ORD11536,28-07-2026,CUS1016,Kiran Kumar,P007,3,0.05,Completed
ORD11822,28-07-2026,CUS1004,Vikram Singh,P007,2,0.0,Completed
ORD11824,28-07-2026,CUS1013,Priya Nair,P007,1,0.1,Completed
ORD12008,28-07-2026,CUS1002,Priya Nair,P007,3,0.2,Completed
ORD12250,28-07-2026,CUS1013,Anjali Mehta,P006,3,0.0,Completed
ORD12446,28-07-2026,CUS1007,Anjali Mehta,P010,1,0.0,Completed
ORD12624,28-07-2026,CUS1007,Neha Joshi,P001,1,0.1,Completed
ORD13174,28-07-2026,CUS1013,Anjali Mehta,P004,1,0.15,Completed
ORD13454,28-07-2026,CUS1019,Sneha Rao,P008,2,0.0,Cancelled
ORD14059,28-07-2026,CUS1020,Kiran Kumar,P002,2,0.0,Completed
ORD14209,28-07-2026,CUS1013,Kiran Kumar,P009,3,0.05,Completed
ORD14560,28-07-2026,CUS1009,Amit Sharma,P007,1,0.0,Completed
ORD10292,29-07-2026,CUS1019,Vikram Singh,P009,2,0.15,Completed
ORD10773,29-07-2026,CUS1015,Priya Nair,P010,3,0.0,Completed
ORD10796,29-07-2026,CUS1001,Amit Sharma,P001,2,0.05,Completed
ORD10990,29-07-2026,CUS1001,Kiran Kumar,P004,1,0.0,Completed
ORD13371,29-07-2026,CUS1020,Rahul Verma,P010,2,0.0,Completed
ORD13624,29-07-2026,CUS1013,Neha Joshi,P001,4,0.0,Completed
ORD13658,29-07-2026,CUS1018,Kiran Kumar,P007,2,0.05,Completed
ORD14261,29-07-2026,CUS1002,Amit Sharma,P001,1,0.0,Completed
ORD14674,29-07-2026,CUS1016,Kiran Kumar,P010,5,0.15,Completed
ORD14748,29-07-2026,CUS1005,Sneha Rao,P007,2,0.1,Completed
ORD14780,29-07-2026,CUS1012,Kiran Kumar,P009,3,0.0,Returned
ORD10473,30-07-2026,CUS1005,Priya Nair,P007,3,0.05,Cancelled
ORD10572,30-07-2026,CUS1004,Anjali Mehta,P007,5,0.0,Completed
ORD10635,30-07-2026,CUS1005,Rahul Verma,P002,2,0.05,Completed
ORD10942,30-07-2026,CUS1013,Priya Nair,P007,5,0.0,Completed
ORD11133,30-07-2026,CUS1001,Amit Sharma,P006,5,0.15,Completed
ORD11159,30-07-2026,CUS1005,Anjali Mehta,P005,3,0.1,Completed
ORD11622,30-07-2026,CUS1012,Rahul Verma,P004,5,0.05,Cancelled
ORD11730,30-07-2026,CUS1017,Rahul Verma,P006,1,0.05,Completed
ORD12112,30-07-2026,CUS1003,Anjali Mehta,P003,2,0.05,Completed
ORD13670,30-07-2026,CUS1011,Vikram Singh,P004,2,0.1,Completed
ORD13677,30-07-2026,CUS1009,Neha Joshi,P001,3,0.15,Completed
ORD13882,30-07-2026,CUS1019,Neha Joshi,P009,3,0.05,Returned
ORD13953,30-07-2026,CUS1018,Anjali Mehta,P003,2,0.05,Completed
ORD14455,30-07-2026,CUS1020,Sneha Rao,P002,5,0.0,Completed
ORD10102,31-07-2026,CUS1001,Amit Sharma,P008,2,0.1,Completed
ORD10167,31-07-2026,CUS1005,Sneha Rao,P010,1,0.05,Completed
ORD10312,31-07-2026,CUS1016,Neha Joshi,P002,1,0.0,Completed
ORD10374,31-07-2026,CUS1018,Anjali Mehta,P001,1,0.0,Completed
ORD11221,31-07-2026,CUS1007,Sneha Rao,P005,7,0.2,Completed
ORD11927,31-07-2026,CUS1018,Anjali Mehta,P009,6,0.05,Completed
ORD13575,31-07-2026,CUS1012,Kiran Kumar,P004,1,0.05,Completed
ORD13687,31-07-2026,CUS1006,Amit Sharma,P004,1,0.0,Completed
ORD13768,31-07-2026,CUS1007,Amit Sharma,P009,6,0.15,Completed
ORD14996,31-07-2026,CUS1012,Amit Sharma,P001,1,0.0,Cancelled
ORD10256,01-08-2026,CUS1011,Vikram Singh,P009,1,0.15,Completed
ORD10291,01-08-2026,CUS1018,Vikram Singh,P009,3,0.05,Completed
ORD10641,01-08-2026,CUS1016,Anjali Mehta,P009,4,0.1,Completed
ORD12365,01-08-2026,CUS1012,Kiran Kumar,P009,4,0.1,Completed
ORD12735,01-08-2026,CUS1018,Anjali Mehta,P004,2,0.2,Cancelled
ORD12997,01-08-2026,CUS1005,Vikram Singh,P009,6,0.0,Completed
ORD13093,01-08-2026,CUS1014,Anjali Mehta,P009,5,0.05,Cancelled
ORD13358,01-08-2026,CUS1001,Rahul Verma,P006,2,0.2,Completed
ORD10134,02-08-2026,CUS1013,Vikram Singh,P008,1,0.0,Completed
ORD10398,02-08-2026,CUS1002,Kiran Kumar,P010,1,0.05,Completed
ORD10634,02-08-2026,CUS1001,Neha Joshi,P001,5,0.0,Cancelled
ORD10801,02-08-2026,CUS1004,Kiran Kumar,P005,2,0.1,Completed
ORD11823,02-08-2026,CUS1020,Anjali Mehta,P006,8,0.15,Cancelled
ORD11926,02-08-2026,CUS1020,Kiran Kumar,P007,1,0.1,Completed
ORD12001,02-08-2026,CUS1020,Vikram Singh,P009,4,0.2,Completed
ORD13387,02-08-2026,CUS1013,Rahul Verma,P010,1,0.1,Completed
ORD13629,02-08-2026,CUS1020,Vikram Singh,P006,1,0.05,Completed
ORD13862,02-08-2026,CUS1017,Sneha Rao,P010,1,0.05,Completed
ORD13950,02-08-2026,CUS1017,Vikram Singh,P009,4,0.05,Completed
ORD14169,02-08-2026,CUS1020,Vikram Singh,P005,3,0.0,Completed
ORD14627,02-08-2026,CUS1005,Amit Sharma,P010,2,0.15,Completed
ORD10907,03-08-2026,CUS1020,Anjali Mehta,P008,1,0.0,Completed
ORD11212,03-08-2026,CUS1019,Sneha Rao,P007,6,0.1,Completed
ORD12046,03-08-2026,CUS1002,Neha Joshi,P007,2,0.1,Completed
ORD12123,03-08-2026,CUS1002,Vikram Singh,P009,2,0.1,Completed
ORD12809,03-08-2026,CUS1008,Amit Sharma,P002,1,0.05,Completed
ORD13186,03-08-2026,CUS1014,Anjali Mehta,P007,2,0.1,Completed
ORD14199,03-08-2026,CUS1009,Rahul Verma,P001,1,0.1,Completed
ORD14572,03-08-2026,CUS1016,Neha Joshi,P009,1,0.05,Completed
ORD10345,04-08-2026,CUS1016,Sneha Rao,P007,5,0.05,Completed
ORD10556,04-08-2026,CUS1016,Vikram Singh,P009,2,0.15,Completed
ORD11162,04-08-2026,CUS1008,Sneha Rao,P010,4,0.0,Completed
ORD11693,04-08-2026,CUS1013,Anjali Mehta,P008,10,0.1,Completed
ORD12469,04-08-2026,CUS1019,Vikram Singh,P008,8,0.05,Completed
ORD12697,04-08-2026,CUS1013,Vikram Singh,P009,3,0.2,Completed
ORD12759,04-08-2026,CUS1007,Neha Joshi,P006,1,0.0,Completed
ORD12878,04-08-2026,CUS1002,Vikram Singh,P007,4,0.1,Cancelled
ORD13018,04-08-2026,CUS1017,Sneha Rao,P002,1,0.0,Completed
ORD14161,04-08-2026,CUS1017,Rahul Verma,P009,1,0.0,Completed
ORD10044,05-08-2026,CUS1002,Sneha Rao,P009,4,0.1,Completed
ORD10431,05-08-2026,CUS1015,Neha Joshi,P004,2,0.0,Completed
ORD10652,05-08-2026,CUS1005,Anjali Mehta,P004,2,0.0,Completed
ORD10693,05-08-2026,CUS1012,Kiran Kumar,P002,4,0.05,Cancelled
ORD11211,05-08-2026,CUS1009,Neha Joshi,P004,1,0.0,Completed
ORD11570,05-08-2026,CUS1001,Vikram Singh,P009,2,0.05,Completed
ORD11781,05-08-2026,CUS1009,Kiran Kumar,P005,4,0.0,Completed
ORD11945,05-08-2026,CUS1001,Kiran Kumar,P004,2,0.15,Completed
ORD12037,05-08-2026,CUS1002,Amit Sharma,P002,5,0.0,Completed
ORD12055,05-08-2026,CUS1020,Kiran Kumar,P004,2,0.05,Cancelled
ORD12086,05-08-2026,CUS1013,Priya Nair,P001,2,0.15,Returned
ORD12487,05-08-2026,CUS1001,Vikram Singh,P006,2,0.1,Completed
ORD12562,05-08-2026,CUS1002,Sneha Rao,P002,9,0.15,Completed
ORD13320,05-08-2026,CUS1020,Anjali Mehta,P006,1,0.05,Completed
ORD13354,05-08-2026,CUS1010,Amit Sharma,P002,1,0.0,Completed
ORD13730,05-08-2026,CUS1011,Vikram Singh,P009,4,0.0,Completed
ORD14546,05-08-2026,CUS1019,Amit Sharma,P008,2,0.1,Completed
ORD10908,06-08-2026,CUS1020,Kiran Kumar,P010,3,0.05,Completed
ORD11509,06-08-2026,CUS1005,Anjali Mehta,P008,2,0.0,Completed
ORD11684,06-08-2026,CUS1003,Priya Nair,P009,3,0.05,Cancelled
ORD12468,06-08-2026,CUS1007,Anjali Mehta,P004,1,0.0,Completed
ORD12896,06-08-2026,CUS1013,Priya Nair,P010,2,0.05,Completed
ORD13583,06-08-2026,CUS1020,Anjali Mehta,P001,2,0.0,Cancelled
ORD14049,06-08-2026,CUS1002,Priya Nair,P010,4,0.05,Completed
ORD14345,06-08-2026,CUS1016,Sneha Rao,P002,3,0.05,Completed
ORD14698,06-08-2026,CUS1019,Vikram Singh,P008,1,0.05,Returned
ORD10184,07-08-2026,CUS1019,Anjali Mehta,P007,2,0.1,Completed
ORD10367,07-08-2026,CUS1012,Kiran Kumar,P010,2,0.0,Completed
ORD10992,07-08-2026,CUS1008,Kiran Kumar,P009,2,0.05,Completed
ORD11002,07-08-2026,CUS1018,Anjali Mehta,P009,5,0.05,Returned
ORD11222,07-08-2026,CUS1007,Anjali Mehta,P003,1,0.15,Cancelled
ORD11286,07-08-2026,CUS1012,Kiran Kumar,P009,9,0.1,Completed
ORD11349,07-08-2026,CUS1013,Kiran Kumar,P003,1,0.1,Completed
ORD12180,07-08-2026,CUS1004,Vikram Singh,P002,2,0.1,Cancelled
ORD12272,07-08-2026,CUS1018,Kiran Kumar,P001,1,0.05,Completed
ORD12295,07-08-2026,CUS1016,Vikram Singh,P001,2,0.0,Completed
ORD12685,07-08-2026,CUS1007,Kiran Kumar,P009,5,0.05,Completed
ORD12936,07-08-2026,CUS1005,Amit Sharma,P007,1,0.05,Completed
ORD13210,07-08-2026,CUS1001,Neha Joshi,P007,5,0.1,Completed
ORD13515,07-08-2026,CUS1020,Vikram Singh,P001,5,0.1,Completed
ORD14394,07-08-2026,CUS1020,Kiran Kumar,P001,5,0.05,Completed
ORD14502,07-08-2026,CUS1011,Anjali Mehta,P009,3,0.05,Completed
ORD14565,07-08-2026,CUS1020,Anjali Mehta,P003,1,0.0,Completed
ORD14819,07-08-2026,CUS1011,Kiran Kumar,P008,6,0.1,Completed
ORD14911,07-08-2026,CUS1001,Sneha Rao,P002,1,0.0,Completed
ORD14929,07-08-2026,CUS1020,Neha Joshi,P007,2,0.05,Completed
ORD14977,07-08-2026,CUS1012,Anjali Mehta,P007,2,0.1,Completed
ORD10415,08-08-2026,CUS1001,Kiran Kumar,P004,1,0.05,Completed
ORD10965,08-08-2026,CUS1002,Anjali Mehta,P005,2,0.1,Completed
ORD11056,08-08-2026,CUS1016,Amit Sharma,P008,3,0.05,Completed
ORD11309,08-08-2026,CUS1005,Neha Joshi,P004,2,0.15,Cancelled
ORD11400,08-08-2026,CUS1011,Rahul Verma,P001,4,0.0,Completed
ORD12029,08-08-2026,CUS1017,Rahul Verma,P001,1,0.05,Completed
ORD12867,08-08-2026,CUS1011,Priya Nair,P003,7,0.0,Completed
ORD12978,08-08-2026,CUS1001,Anjali Mehta,P001,5,0.15,Completed
ORD13061,08-08-2026,CUS1016,Sneha Rao,P008,1,0.2,Completed
ORD13800,08-08-2026,CUS1002,Vikram Singh,P004,1,0.0,Completed
ORD14168,08-08-2026,CUS1010,Sneha Rao,P001,1,0.0,Completed
ORD14208,08-08-2026,CUS1019,Anjali Mehta,P009,5,0.0,Completed
ORD14281,08-08-2026,CUS1005,Sneha Rao,P007,4,0.1,Completed
ORD14611,08-08-2026,CUS1016,Rahul Verma,P005,3,0.05,Completed
ORD14808,08-08-2026,CUS1013,Vikram Singh,P009,2,0.05,Completed
ORD14813,08-08-2026,CUS1012,Priya Nair,P010,2,0.05,Completed
ORD14994,08-08-2026,CUS1009,Vikram Singh,P002,5,0.05,Completed
ORD10856,09-08-2026,CUS1004,Sneha Rao,P007,1,0.2,Completed
ORD10969,09-08-2026,CUS1003,Vikram Singh,P007,2,0.15,Completed
ORD11089,09-08-2026,CUS1001,Priya Nair,P001,2,0.0,Completed
ORD11224,09-08-2026,CUS1020,Amit Sharma,P007,2,0.05,Completed
ORD11303,09-08-2026,CUS1011,Amit Sharma,P009,3,0.15,Completed
ORD11741,09-08-2026,CUS1016,Amit Sharma,P010,1,0.05,Cancelled
ORD11840,09-08-2026,CUS1002,Anjali Mehta,P007,2,0.0,Completed
ORD12110,09-08-2026,CUS1012,Priya Nair,P005,4,0.05,Completed
ORD12129,09-08-2026,CUS1020,Kiran Kumar,P004,2,0.1,Completed
ORD12658,09-08-2026,CUS1013,Kiran Kumar,P002,1,0.05,Cancelled
ORD13029,09-08-2026,CUS1013,Anjali Mehta,P001,1,0.05,Completed
ORD13823,09-08-2026,CUS1014,Vikram Singh,P007,2,0.15,Completed
ORD14102,09-08-2026,CUS1001,Amit Sharma,P007,4,0.0,Completed
ORD14228,09-08-2026,CUS1005,Kiran Kumar,P010,8,0.0,Completed
ORD14341,09-08-2026,CUS1008,Priya Nair,P004,2,0.0,Completed
ORD14567,09-08-2026,CUS1013,Rahul Verma,P006,5,0.1,Completed
ORD10194,10-08-2026,CUS1013,Anjali Mehta,P009,1,0.2,Completed
ORD10266,10-08-2026,CUS1011,Anjali Mehta,P009,2,0.05,Completed
ORD10882,10-08-2026,CUS1018,Kiran Kumar,P007,1,0.0,Completed
ORD11391,10-08-2026,CUS1006,Rahul Verma,P009,1,0.0,Completed
ORD13155,10-08-2026,CUS1003,Anjali Mehta,P001,1,0.05,Completed
ORD13767,10-08-2026,CUS1013,Vikram Singh,P001,4,0.05,Completed
ORD13888,10-08-2026,CUS1017,Vikram Singh,P003,1,0.05,Completed
ORD14286,10-08-2026,CUS1020,Amit Sharma,P001,1,0.2,Completed
ORD14612,10-08-2026,CUS1009,Rahul Verma,P003,5,0.0,Completed
ORD14778,10-08-2026,CUS1012,Vikram Singh,P009,3,0.0,Completed
ORD14966,10-08-2026,CUS1013,Vikram Singh,P004,3,0.1,Completed
ORD10193,11-08-2026,CUS1002,Amit Sharma,P003,1,0.05,Completed
ORD11237,11-08-2026,CUS1007,Neha Joshi,P007,7,0.2,Completed
ORD11377,11-08-2026,CUS1008,Kiran Kumar,P001,6,0.0,Completed
ORD11850,11-08-2026,CUS1010,Anjali Mehta,P007,1,0.0,Completed
ORD11993,11-08-2026,CUS1018,Vikram Singh,P007,3,0.05,Completed
ORD12381,11-08-2026,CUS1012,Anjali Mehta,P010,3,0.05,Cancelled
ORD12768,11-08-2026,CUS1004,Anjali Mehta,P007,2,0.05,Completed
ORD13048,11-08-2026,CUS1016,Anjali Mehta,P002,2,0.0,Completed
ORD13168,11-08-2026,CUS1016,Vikram Singh,P007,1,0.05,Cancelled
ORD13373,11-08-2026,CUS1010,Amit Sharma,P008,7,0.05,Completed
ORD13792,11-08-2026,CUS1007,Priya Nair,P006,8,0.15,Completed
ORD13854,11-08-2026,CUS1012,Vikram Singh,P004,1,0.05,Completed
ORD14038,11-08-2026,CUS1002,Anjali Mehta,P007,4,0.05,Returned
ORD12355,12-08-2026,CUS1017,Neha Joshi,P007,3,0.1,Completed
ORD12531,12-08-2026,CUS1010,Sneha Rao,P002,2,0.05,Completed
ORD12952,12-08-2026,CUS1002,Vikram Singh,P008,5,0.05,Completed
ORD13350,12-08-2026,CUS1008,Priya Nair,P009,4,0.15,Completed
ORD13897,12-08-2026,CUS1009,Amit Sharma,P008,2,0.1,Completed
ORD14140,12-08-2026,CUS1018,Amit Sharma,P007,3,0.1,Completed
ORD10265,13-08-2026,CUS1001,Priya Nair,P005,2,0.1,Completed
ORD10365,13-08-2026,CUS1019,Anjali Mehta,P004,4,0.05,Completed
ORD10665,13-08-2026,CUS1012,Kiran Kumar,P007,1,0.0,Completed
ORD11090,13-08-2026,CUS1013,Amit Sharma,P009,2,0.15,Completed
ORD11317,13-08-2026,CUS1020,Anjali Mehta,P003,1,0.15,Completed
ORD11538,13-08-2026,CUS1009,Anjali Mehta,P002,1,0.0,Completed
ORD11872,13-08-2026,CUS1001,Anjali Mehta,P002,2,0.2,Completed
ORD12674,13-08-2026,CUS1011,Vikram Singh,P007,1,0.0,Completed
ORD12949,13-08-2026,CUS1015,Anjali Mehta,P007,4,0.0,Completed
ORD13634,13-08-2026,CUS1018,Amit Sharma,P003,1,0.0,Completed
ORD13886,13-08-2026,CUS1016,Anjali Mehta,P002,1,0.1,Completed
ORD13961,13-08-2026,CUS1012,Kiran Kumar,P002,1,0.15,Completed
ORD14025,13-08-2026,CUS1012,Vikram Singh,P002,3,0.0,Completed
ORD14181,13-08-2026,CUS1016,Anjali Mehta,P006,2,0.05,Completed
ORD14965,13-08-2026,CUS1002,Amit Sharma,P007,2,0.05,Completed
ORD10076,14-08-2026,CUS1013,Vikram Singh,P009,5,0.05,Completed
ORD10263,14-08-2026,CUS1020,Vikram Singh,P001,1,0.05,Completed
ORD10388,14-08-2026,CUS1018,Rahul Verma,P006,1,0.0,Completed
ORD10457,14-08-2026,CUS1011,Sneha Rao,P009,2,0.1,Cancelled
ORD11367,14-08-2026,CUS1002,Anjali Mehta,P003,1,0.0,Completed
ORD11723,14-08-2026,CUS1019,Sneha Rao,P004,1,0.0,Completed
ORD12159,14-08-2026,CUS1020,Kiran Kumar,P008,1,0.05,Completed
ORD12173,14-08-2026,CUS1019,Sneha Rao,P004,1,0.2,Completed
ORD12292,14-08-2026,CUS1005,Anjali Mehta,P002,3,0.1,Completed
ORD12461,14-08-2026,CUS1013,Vikram Singh,P008,2,0.15,Cancelled
ORD12986,14-08-2026,CUS1002,Vikram Singh,P002,2,0.15,Completed
ORD13532,14-08-2026,CUS1019,Priya Nair,P009,1,0.05,Completed
ORD13598,14-08-2026,CUS1010,Amit Sharma,P009,2,0.0,Completed
ORD13714,14-08-2026,CUS1013,Priya Nair,P002,3,0.0,Cancelled
ORD13758,14-08-2026,CUS1020,Amit Sharma,P007,10,0.15,Completed
ORD10029,15-08-2026,CUS1005,Kiran Kumar,P002,1,0.0,Completed
ORD10207,15-08-2026,CUS1019,Priya Nair,P002,4,0.05,Completed
ORD10234,15-08-2026,CUS1001,Kiran Kumar,P006,10,0.05,Completed
ORD10895,15-08-2026,CUS1020,Anjali Mehta,P001,7,0.15,Completed
ORD10998,15-08-2026,CUS1013,Priya Nair,P005,3,0.0,Completed
ORD11015,15-08-2026,CUS1017,Kiran Kumar,P002,4,0.0,Completed
ORD11113,15-08-2026,CUS1002,Neha Joshi,P009,2,0.0,Completed
ORD11147,15-08-2026,CUS1011,Priya Nair,P009,2,0.15,Completed
ORD11294,15-08-2026,CUS1001,Neha Joshi,P007,1,0.05,Completed
ORD11681,15-08-2026,CUS1001,Neha Joshi,P004,1,0.05,Completed
ORD12036,15-08-2026,CUS1011,Priya Nair,P004,9,0.05,Completed
ORD12555,15-08-2026,CUS1013,Amit Sharma,P004,1,0.15,Completed
ORD12581,15-08-2026,CUS1010,Priya Nair,P009,2,0.1,Completed
ORD12999,15-08-2026,CUS1020,Rahul Verma,P007,4,0.1,Completed
ORD13959,15-08-2026,CUS1014,Anjali Mehta,P002,2,0.05,Completed
ORD14185,15-08-2026,CUS1011,Anjali Mehta,P008,2,0.05,Cancelled
ORD14371,15-08-2026,CUS1016,Amit Sharma,P007,1,0.05,Completed
ORD10021,16-08-2026,CUS1004,Kiran Kumar,P007,2,0.1,Completed
ORD11066,16-08-2026,CUS1013,Anjali Mehta,P002,2,0.05,Completed
ORD11087,16-08-2026,CUS1017,Anjali Mehta,P006,1,0.0,Completed
ORD11425,16-08-2026,CUS1005,Kiran Kumar,P008,9,0.0,Returned
ORD11579,16-08-2026,CUS1002,Kiran Kumar,P007,6,0.1,Completed
ORD11998,16-08-2026,CUS1015,Anjali Mehta,P004,1,0.2,Completed
ORD12217,16-08-2026,CUS1019,Priya Nair,P001,4,0.0,Completed
ORD12424,16-08-2026,CUS1014,Kiran Kumar,P001,2,0.0,Completed
ORD12506,16-08-2026,CUS1003,Kiran Kumar,P010,3,0.05,Completed
ORD12680,16-08-2026,CUS1011,Kiran Kumar,P009,5,0.05,Completed
ORD12921,16-08-2026,CUS1005,Sneha Rao,P002,5,0.1,Completed
ORD12930,16-08-2026,CUS1001,Vikram Singh,P003,1,0.1,Completed
ORD12953,16-08-2026,CUS1013,Anjali Mehta,P010,4,0.15,Completed
ORD12958,16-08-2026,CUS1013,Anjali Mehta,P009,1,0.05,Completed
ORD12969,16-08-2026,CUS1017,Rahul Verma,P004,3,0.1,Completed
ORD13820,16-08-2026,CUS1009,Amit Sharma,P009,2,0.0,Completed
ORD13911,16-08-2026,CUS1010,Priya Nair,P004,4,0.15,Completed
ORD14017,16-08-2026,CUS1016,Kiran Kumar,P003,1,0.0,Returned
ORD14090,16-08-2026,CUS1009,Amit Sharma,P006,2,0.15,Completed
ORD14650,16-08-2026,CUS1013,Kiran Kumar,P005,2,0.2,Completed
ORD10462,17-08-2026,CUS1014,Sneha Rao,P001,2,0.05,Completed
ORD10644,17-08-2026,CUS1020,Rahul Verma,P008,1,0.15,Completed
ORD11016,17-08-2026,CUS1012,Kiran Kumar,P004,3,0.1,Completed
ORD11282,17-08-2026,CUS1011,Vikram Singh,P002,1,0.0,Returned
ORD11586,17-08-2026,CUS1002,Anjali Mehta,P002,4,0.0,Cancelled
ORD11740,17-08-2026,CUS1018,Kiran Kumar,P004,1,0.15,Completed
ORD13325,17-08-2026,CUS1013,Amit Sharma,P009,1,0.05,Completed
ORD14332,17-08-2026,CUS1001,Priya Nair,P001,1,0.15,Completed
ORD14672,17-08-2026,CUS1002,Amit Sharma,P008,1,0.0,Completed
ORD14841,17-08-2026,CUS1016,Kiran Kumar,P008,1,0.05,Completed
ORD10349,18-08-2026,CUS1017,Anjali Mehta,P007,2,0.0,Completed
ORD10366,18-08-2026,CUS1004,Vikram Singh,P002,1,0.05,Completed
ORD10578,18-08-2026,CUS1001,Anjali Mehta,P009,1,0.1,Completed
ORD10639,18-08-2026,CUS1013,Vikram Singh,P002,1,0.0,Completed
ORD11035,18-08-2026,CUS1007,Vikram Singh,P002,1,0.0,Completed
ORD11506,18-08-2026,CUS1005,Kiran Kumar,P007,6,0.0,Completed
ORD11724,18-08-2026,CUS1015,Amit Sharma,P001,1,0.05,Completed
ORD11773,18-08-2026,CUS1005,Kiran Kumar,P006,1,0.15,Completed
ORD12583,18-08-2026,CUS1004,Vikram Singh,P007,1,0.05,Completed
ORD12708,18-08-2026,CUS1002,Sneha Rao,P003,6,0.2,Completed
ORD13260,18-08-2026,CUS1005,Kiran Kumar,P009,1,0.0,Completed
ORD13866,18-08-2026,CUS1012,Amit Sharma,P003,2,0.1,Completed
ORD13997,18-08-2026,CUS1012,Sneha Rao,P007,3,0.05,Completed
ORD14023,18-08-2026,CUS1017,Rahul Verma,P002,1,0.05,Completed
ORD14779,18-08-2026,CUS1007,Kiran Kumar,P010,3,0.05,Completed
ORD10551,19-08-2026,CUS1018,Amit Sharma,P008,2,0.1,Completed
ORD10911,19-08-2026,CUS1016,Priya Nair,P001,9,0.1,Completed
ORD11451,19-08-2026,CUS1019,Kiran Kumar,P009,1,0.05,Completed
ORD11608,19-08-2026,CUS1002,Priya Nair,P004,2,0.0,Completed
ORD11676,19-08-2026,CUS1019,Sneha Rao,P003,1,0.0,Completed
ORD12777,19-08-2026,CUS1006,Vikram Singh,P002,1,0.05,Cancelled
ORD13170,19-08-2026,CUS1001,Vikram Singh,P009,6,0.05,Completed
ORD13397,19-08-2026,CUS1008,Priya Nair,P001,2,0.0,Completed
ORD14782,19-08-2026,CUS1019,Vikram Singh,P006,4,0.15,Completed
ORD14859,19-08-2026,CUS1018,Amit Sharma,P002,2,0.0,Completed
ORD14882,19-08-2026,CUS1019,Kiran Kumar,P001,7,0.0,Completed
ORD10129,20-08-2026,CUS1009,Rahul Verma,P004,1,0.0,Completed
ORD11154,20-08-2026,CUS1004,Neha Joshi,P004,2,0.15,Completed
ORD11259,20-08-2026,CUS1018,Sneha Rao,P007,1,0.0,Completed
ORD11590,20-08-2026,CUS1016,Sneha Rao,P001,7,0.15,Completed
ORD11832,20-08-2026,CUS1010,Sneha Rao,P002,3,0.0,Completed
ORD11837,20-08-2026,CUS1005,Rahul Verma,P002,2,0.0,Completed
ORD12420,20-08-2026,CUS1018,Kiran Kumar,P009,3,0.0,Completed
ORD12493,20-08-2026,CUS1008,Rahul Verma,P003,8,0.2,Completed
ORD12854,20-08-2026,CUS1009,Kiran Kumar,P008,8,0.0,Completed
ORD13569,20-08-2026,CUS1002,Vikram Singh,P002,1,0.15,Cancelled
ORD13901,20-08-2026,CUS1002,Amit Sharma,P002,4,0.0,Completed
ORD14074,20-08-2026,CUS1012,Vikram Singh,P004,5,0.1,Completed
ORD14381,20-08-2026,CUS1019,Vikram Singh,P004,3,0.15,Completed
ORD14683,20-08-2026,CUS1011,Vikram Singh,P002,2,0.05,Completed
ORD14727,20-08-2026,CUS1011,Sneha Rao,P001,3,0.1,Completed
ORD14792,20-08-2026,CUS1011,Rahul Verma,P009,1,0.05,Cancelled
ORD10389,21-08-2026,CUS1013,Kiran Kumar,P002,5,0.1,Completed
ORD11003,21-08-2026,CUS1011,Anjali Mehta,P009,1,0.15,Cancelled
ORD11054,21-08-2026,CUS1017,Amit Sharma,P007,3,0.05,Returned
ORD11635,21-08-2026,CUS1020,Anjali Mehta,P006,6,0.05,Completed
ORD12105,21-08-2026,CUS1017,Amit Sharma,P006,1,0.1,Completed
ORD12729,21-08-2026,CUS1013,Vikram Singh,P002,1,0.15,Completed
ORD13309,21-08-2026,CUS1017,Vikram Singh,P010,2,0.0,Completed
ORD13693,21-08-2026,CUS1020,Kiran Kumar,P009,1,0.15,Cancelled
ORD14283,21-08-2026,CUS1020,Amit Sharma,P007,3,0.1,Completed
ORD14533,21-08-2026,CUS1017,Neha Joshi,P007,1,0.05,Completed
ORD14653,21-08-2026,CUS1013,Anjali Mehta,P005,6,0.05,Returned
ORD10765,22-08-2026,CUS1003,Priya Nair,P010,4,0.0,Completed
ORD11335,22-08-2026,CUS1018,Vikram Singh,P008,1,0.0,Completed
ORD11561,22-08-2026,CUS1009,Kiran Kumar,P009,1,0.05,Completed
ORD12244,22-08-2026,CUS1019,Anjali Mehta,P006,2,0.1,Completed
ORD12649,22-08-2026,CUS1013,Kiran Kumar,P002,1,0.1,Completed
ORD13128,22-08-2026,CUS1007,Sneha Rao,P007,2,0.05,Completed
ORD13276,22-08-2026,CUS1020,Neha Joshi,P007,2,0.0,Completed
ORD14282,22-08-2026,CUS1008,Amit Sharma,P009,1,0.05,Completed
ORD14667,22-08-2026,CUS1019,Sneha Rao,P007,2,0.05,Completed
ORD14691,22-08-2026,CUS1020,Vikram Singh,P005,3,0.0,Completed
ORD14758,22-08-2026,CUS1012,Kiran Kumar,P009,2,0.1,Completed
ORD12114,23-08-2026,CUS1019,Sneha Rao,P002,4,0.15,Completed
ORD12311,23-08-2026,CUS1005,Amit Sharma,P007,1,0.05,Completed
ORD12533,23-08-2026,CUS1004,Sneha Rao,P004,4,0.15,Completed
ORD13003,23-08-2026,CUS1002,Vikram Singh,P010,3,0.1,Completed
ORD13193,23-08-2026,CUS1010,Vikram Singh,P008,1,0.0,Completed
ORD13347,23-08-2026,CUS1018,Amit Sharma,P010,10,0.1,Completed
ORD13576,23-08-2026,CUS1016,Anjali Mehta,P009,2,0.05,Completed
ORD13679,23-08-2026,CUS1020,Amit Sharma,P002,1,0.0,Completed
ORD13710,23-08-2026,CUS1012,Priya Nair,P007,4,0.05,Completed
ORD13773,23-08-2026,CUS1016,Kiran Kumar,P002,2,0.05,Completed
ORD14301,23-08-2026,CUS1005,Sneha Rao,P009,3,0.0,Completed
ORD14475,23-08-2026,CUS1017,Kiran Kumar,P004,4,0.1,Completed
ORD14495,23-08-2026,CUS1012,Neha Joshi,P008,1,0.0,Completed
ORD10161,24-08-2026,CUS1018,Vikram Singh,P009,4,0.0,Completed
ORD10630,24-08-2026,CUS1011,Priya Nair,P004,3,0.0,Completed
ORD10863,24-08-2026,CUS1019,Priya Nair,P009,1,0.05,Completed
ORD11055,24-08-2026,CUS1016,Anjali Mehta,P007,3,0.2,Completed
ORD11207,24-08-2026,CUS1020,Sneha Rao,P004,1,0.05,Completed
ORD11217,24-08-2026,CUS1012,Vikram Singh,P006,1,0.0,Completed
ORD11219,24-08-2026,CUS1013,Neha Joshi,P007,4,0.0,Completed
ORD11315,24-08-2026,CUS1005,Priya Nair,P001,2,0.05,Completed
ORD11330,24-08-2026,CUS1020,Vikram Singh,P010,1,0.1,Completed
ORD11880,24-08-2026,CUS1009,Sneha Rao,P002,3,0.05,Completed
ORD11918,24-08-2026,CUS1009,Sneha Rao,P008,3,0.0,Completed
ORD11940,24-08-2026,CUS1018,Kiran Kumar,P009,10,0.1,Completed
ORD11948,24-08-2026,CUS1001,Amit Sharma,P010,1,0.05,Cancelled
ORD11992,24-08-2026,CUS1002,Kiran Kumar,P006,3,0.0,Completed
ORD12090,24-08-2026,CUS1017,Amit Sharma,P008,2,0.05,Completed
ORD12195,24-08-2026,CUS1016,Neha Joshi,P001,1,0.05,Completed
ORD12676,24-08-2026,CUS1010,Anjali Mehta,P002,7,0.0,Completed
ORD13468,24-08-2026,CUS1019,Kiran Kumar,P002,6,0.05,Cancelled
ORD14013,24-08-2026,CUS1019,Sneha Rao,P002,1,0.05,Completed
ORD14194,24-08-2026,CUS1002,Amit Sharma,P005,3,0.1,Cancelled
ORD14441,24-08-2026,CUS1005,Vikram Singh,P009,1,0.05,Completed
ORD14645,24-08-2026,CUS1016,Sneha Rao,P004,4,0.0,Completed
ORD14689,24-08-2026,CUS1002,Kiran Kumar,P008,8,0.1,Completed
ORD14940,24-08-2026,CUS1019,Vikram Singh,P005,8,0.0,Cancelled
ORD10120,25-08-2026,CUS1020,Neha Joshi,P009,1,0.1,Completed
ORD10169,25-08-2026,CUS1005,Priya Nair,P006,2,0.0,Completed
ORD10560,25-08-2026,CUS1012,Rahul Verma,P004,2,0.0,Completed
ORD10698,25-08-2026,CUS1017,Vikram Singh,P007,10,0.1,Completed
ORD11119,25-08-2026,CUS1020,Neha Joshi,P009,2,0.1,Completed
ORD11530,25-08-2026,CUS1016,Anjali Mehta,P009,3,0.05,Completed
ORD11710,25-08-2026,CUS1005,Anjali Mehta,P009,2,0.0,Completed
ORD12712,25-08-2026,CUS1020,Neha Joshi,P001,4,0.0,Completed
ORD13184,25-08-2026,CUS1004,Sneha Rao,P002,7,0.05,Completed
ORD13299,25-08-2026,CUS1014,Sneha Rao,P008,1,0.0,Completed
ORD13600,25-08-2026,CUS1009,Vikram Singh,P008,3,0.1,Completed
ORD14597,25-08-2026,CUS1001,Rahul Verma,P006,3,0.0,Returned
ORD14648,25-08-2026,CUS1016,Rahul Verma,P006,4,0.15,Completed
ORD10655,26-08-2026,CUS1011,Priya Nair,P001,8,0.1,Completed
ORD10663,26-08-2026,CUS1015,Sneha Rao,P001,2,0.15,Completed
ORD11082,26-08-2026,CUS1020,Vikram Singh,P005,2,0.05,Cancelled
ORD11804,26-08-2026,CUS1004,Kiran Kumar,P001,5,0.05,Completed
ORD11997,26-08-2026,CUS1009,Amit Sharma,P004,2,0.0,Completed
ORD12742,26-08-2026,CUS1004,Anjali Mehta,P008,2,0.05,Completed
ORD12846,26-08-2026,CUS1016,Vikram Singh,P007,3,0.1,Completed
ORD13298,26-08-2026,CUS1007,Priya Nair,P003,2,0.05,Completed
ORD13636,26-08-2026,CUS1003,Amit Sharma,P008,1,0.0,Cancelled
ORD13699,26-08-2026,CUS1001,Vikram Singh,P007,1,0.0,Completed
ORD13701,26-08-2026,CUS1017,Rahul Verma,P002,5,0.1,Cancelled
ORD10614,27-08-2026,CUS1013,Neha Joshi,P002,5,0.1,Cancelled
ORD10707,27-08-2026,CUS1009,Rahul Verma,P008,9,0.0,Completed
ORD11152,27-08-2026,CUS1002,Anjali Mehta,P010,1,0.1,Completed
ORD11504,27-08-2026,CUS1019,Vikram Singh,P009,1,0.05,Completed
ORD12089,27-08-2026,CUS1001,Anjali Mehta,P001,7,0.0,Completed
ORD12165,27-08-2026,CUS1001,Priya Nair,P007,1,0.0,Completed
ORD12223,27-08-2026,CUS1013,Anjali Mehta,P006,2,0.0,Completed
ORD13020,27-08-2026,CUS1013,Priya Nair,P008,2,0.0,Completed
ORD13602,27-08-2026,CUS1011,Amit Sharma,P008,2,0.0,Completed
ORD13815,27-08-2026,CUS1020,Vikram Singh,P007,4,0.1,Completed
ORD13879,27-08-2026,CUS1017,Rahul Verma,P009,1,0.2,Completed
ORD14160,27-08-2026,CUS1009,Neha Joshi,P003,2,0.1,Completed
ORD14274,27-08-2026,CUS1011,Priya Nair,P009,8,0.2,Completed
ORD14602,27-08-2026,CUS1012,Vikram Singh,P007,5,0.15,Completed
ORD14887,27-08-2026,CUS1007,Amit Sharma,P010,2,0.15,Completed
ORD14922,27-08-2026,CUS1013,Neha Joshi,P008,1,0.05,Completed
ORD10795,28-08-2026,CUS1016,Rahul Verma,P006,4,0.2,Completed
ORD10818,28-08-2026,CUS1004,Kiran Kumar,P006,3,0.1,Completed
ORD11252,28-08-2026,CUS1011,Anjali Mehta,P007,1,0.05,Completed
ORD11725,28-08-2026,CUS1002,Vikram Singh,P007,1,0.05,Completed
ORD11860,28-08-2026,CUS1013,Rahul Verma,P006,2,0.0,Completed
ORD12431,28-08-2026,CUS1001,Kiran Kumar,P004,2,0.05,Completed
ORD12589,28-08-2026,CUS1016,Vikram Singh,P007,3,0.0,Completed
ORD12647,28-08-2026,CUS1014,Priya Nair,P001,2,0.1,Completed
ORD12790,28-08-2026,CUS1017,Anjali Mehta,P007,1,0.1,Completed
ORD13095,28-08-2026,CUS1013,Neha Joshi,P002,1,0.05,Completed
ORD13323,28-08-2026,CUS1016,Sneha Rao,P008,1,0.1,Completed
ORD13432,28-08-2026,CUS1017,Kiran Kumar,P007,2,0.0,Completed
ORD13498,28-08-2026,CUS1020,Amit Sharma,P001,2,0.15,Returned
ORD14139,28-08-2026,CUS1005,Vikram Singh,P001,1,0.15,Completed
ORD14162,28-08-2026,CUS1003,Amit Sharma,P008,1,0.05,Completed
ORD14694,28-08-2026,CUS1002,Sneha Rao,P010,7,0.15,Completed
ORD14847,28-08-2026,CUS1010,Amit Sharma,P007,1,0.1,Completed
ORD11169,29-08-2026,CUS1005,Anjali Mehta,P004,1,0.0,Cancelled
ORD11633,29-08-2026,CUS1019,Vikram Singh,P007,2,0.2,Completed
ORD11660,29-08-2026,CUS1017,Priya Nair,P009,3,0.0,Completed
ORD11732,29-08-2026,CUS1013,Amit Sharma,P004,1,0.0,Completed
ORD12552,29-08-2026,CUS1019,Sneha Rao,P008,1,0.05,Completed
ORD12656,29-08-2026,CUS1009,Vikram Singh,P009,2,0.05,Completed
ORD12847,29-08-2026,CUS1009,Kiran Kumar,P004,1,0.1,Completed
ORD13070,29-08-2026,CUS1009,Sneha Rao,P003,2,0.0,Completed
ORD13349,29-08-2026,CUS1012,Rahul Verma,P010,2,0.0,Completed
ORD13951,29-08-2026,CUS1020,Vikram Singh,P002,3,0.0,Completed
ORD14001,29-08-2026,CUS1012,Kiran Kumar,P002,1,0.15,Completed
ORD14142,29-08-2026,CUS1001,Kiran Kumar,P007,5,0.05,Completed
ORD14822,29-08-2026,CUS1005,Vikram Singh,P009,2,0.05,Completed
ORD10575,30-08-2026,CUS1018,Kiran Kumar,P007,1,0.05,Completed
ORD11123,30-08-2026,CUS1013,Anjali Mehta,P004,2,0.0,Completed
ORD11156,30-08-2026,CUS1011,Amit Sharma,P003,2,0.0,Completed
ORD11266,30-08-2026,CUS1010,Priya Nair,P001,5,0.15,Completed
ORD11881,30-08-2026,CUS1018,Sneha Rao,P001,1,0.15,Completed
ORD11892,30-08-2026,CUS1001,Amit Sharma,P004,3,0.15,Completed
ORD11914,30-08-2026,CUS1017,Vikram Singh,P004,1,0.0,Completed
ORD12823,30-08-2026,CUS1002,Amit Sharma,P004,1,0.0,Completed
ORD12892,30-08-2026,CUS1013,Vikram Singh,P005,2,0.0,Cancelled
ORD12901,30-08-2026,CUS1006,Neha Joshi,P007,2,0.0,Completed
ORD13119,30-08-2026,CUS1014,Amit Sharma,P007,1,0.0,Cancelled
ORD13123,30-08-2026,CUS1001,Anjali Mehta,P001,6,0.0,Cancelled
ORD13162,30-08-2026,CUS1016,Kiran Kumar,P009,1,0.1,Cancelled
ORD13188,30-08-2026,CUS1011,Kiran Kumar,P007,5,0.15,Completed
ORD13306,30-08-2026,CUS1006,Kiran Kumar,P010,1,0.05,Completed
ORD13586,30-08-2026,CUS1017,Amit Sharma,P009,5,0.05,Completed
ORD13884,30-08-2026,CUS1019,Vikram Singh,P007,2,0.0,Completed
ORD13909,30-08-2026,CUS1016,Anjali Mehta,P009,1,0.1,Completed
ORD14863,30-08-2026,CUS1010,Neha Joshi,P010,5,0.0,Completed
ORD10131,31-08-2026,CUS1011,Kiran Kumar,P001,1,0.0,Completed
ORD10373,31-08-2026,CUS1012,Kiran Kumar,P007,1,0.15,Completed
ORD10951,31-08-2026,CUS1016,Rahul Verma,P002,2,0.1,Completed
ORD11135,31-08-2026,CUS1002,Rahul Verma,P002,1,0.1,Completed
ORD11662,31-08-2026,CUS1020,Amit Sharma,P003,4,0.1,Completed
ORD11747,31-08-2026,CUS1018,Kiran Kumar,P009,2,0.1,Completed
ORD12348,31-08-2026,CUS1020,Amit Sharma,P007,3,0.1,Cancelled
ORD12479,31-08-2026,CUS1007,Priya Nair,P003,3,0.05,Completed
ORD12767,31-08-2026,CUS1014,Sneha Rao,P007,2,0.1,Completed
ORD13117,31-08-2026,CUS1015,Anjali Mehta,P001,2,0.15,Completed
ORD13413,31-08-2026,CUS1004,Vikram Singh,P003,1,0.15,Completed
ORD13708,31-08-2026,CUS1009,Kiran Kumar,P007,3,0.0,Completed
ORD14176,31-08-2026,CUS1013,Vikram Singh,P002,3,0.1,Completed
ORD14723,31-08-2026,CUS1004,Kiran Kumar,P002,1,0.15,Completed
ORD14889,31-08-2026,CUS1004,Amit Sharma,P002,4,0.1,Completed
ORD14895,31-08-2026,CUS1017,Priya Nair,P008,4,0.15,Cancelled
ORD10290,01-09-2026,CUS1019,Anjali Mehta,P009,2,0.05,Completed
ORD10603,01-09-2026,CUS1014,Rahul Verma,P002,3,0.1,Completed
ORD11324,01-09-2026,CUS1013,Kiran Kumar,P007,2,0.0,Completed
ORD12020,01-09-2026,CUS1013,Anjali Mehta,P008,7,0.1,Completed
ORD12627,01-09-2026,CUS1012,Kiran Kumar,P003,2,0.05,Completed
ORD12801,01-09-2026,CUS1005,Kiran Kumar,P001,2,0.1,Cancelled
ORD12960,01-09-2026,CUS1011,Rahul Verma,P004,7,0.0,Completed
ORD13682,01-09-2026,CUS1020,Amit Sharma,P003,2,0.0,Completed
ORD13713,01-09-2026,CUS1003,Neha Joshi,P005,3,0.1,Completed
ORD14070,01-09-2026,CUS1012,Kiran Kumar,P001,1,0.0,Completed
ORD14713,01-09-2026,CUS1016,Sneha Rao,P002,5,0.0,Completed
ORD10018,02-09-2026,CUS1013,Anjali Mehta,P001,1,0.1,Completed
ORD10053,02-09-2026,CUS1005,Priya Nair,P005,3,0.0,Completed
ORD10342,02-09-2026,CUS1002,Kiran Kumar,P009,7,0.0,Completed
ORD10472,02-09-2026,CUS1015,Kiran Kumar,P003,1,0.0,Completed
ORD10922,02-09-2026,CUS1009,Amit Sharma,P008,2,0.05,Completed
ORD10996,02-09-2026,CUS1020,Amit Sharma,P009,6,0.15,Returned
ORD11220,02-09-2026,CUS1009,Vikram Singh,P010,8,0.1,Completed
ORD11810,02-09-2026,CUS1020,Neha Joshi,P004,7,0.15,Completed
ORD12367,02-09-2026,CUS1010,Sneha Rao,P009,8,0.05,Completed
ORD12644,02-09-2026,CUS1013,Rahul Verma,P004,1,0.05,Completed
ORD14824,02-09-2026,CUS1002,Priya Nair,P008,4,0.05,Completed
ORD10346,03-09-2026,CUS1008,Anjali Mehta,P008,3,0.05,Completed
ORD11100,03-09-2026,CUS1011,Vikram Singh,P009,1,0.0,Completed
ORD11847,03-09-2026,CUS1008,Amit Sharma,P007,3,0.0,Completed
ORD12482,03-09-2026,CUS1009,Amit Sharma,P005,1,0.15,Completed
ORD12616,03-09-2026,CUS1003,Anjali Mehta,P007,8,0.1,Completed
ORD13027,03-09-2026,CUS1004,Anjali Mehta,P007,4,0.1,Completed
ORD13089,03-09-2026,CUS1018,Sneha Rao,P009,1,0.0,Completed
ORD13099,03-09-2026,CUS1009,Sneha Rao,P001,1,0.05,Completed
ORD13377,03-09-2026,CUS1014,Rahul Verma,P009,2,0.0,Completed
ORD13434,03-09-2026,CUS1002,Kiran Kumar,P008,2,0.1,Completed
ORD14450,03-09-2026,CUS1009,Kiran Kumar,P009,1,0.1,Completed
ORD14721,03-09-2026,CUS1005,Priya Nair,P001,5,0.0,Completed
ORD10271,04-09-2026,CUS1016,Vikram Singh,P007,2,0.15,Completed
ORD10401,04-09-2026,CUS1018,Vikram Singh,P005,1,0.2,Completed
ORD10564,04-09-2026,CUS1009,Kiran Kumar,P007,1,0.0,Completed
ORD11424,04-09-2026,CUS1019,Amit Sharma,P005,2,0.1,Completed
ORD11446,04-09-2026,CUS1019,Neha Joshi,P008,2,0.0,Completed
ORD11494,04-09-2026,CUS1010,Neha Joshi,P003,2,0.05,Completed
ORD11888,04-09-2026,CUS1013,Kiran Kumar,P003,2,0.0,Completed
ORD12890,04-09-2026,CUS1013,Kiran Kumar,P008,2,0.05,Cancelled
ORD12939,04-09-2026,CUS1013,Kiran Kumar,P005,3,0.05,Completed
ORD13571,04-09-2026,CUS1005,Kiran Kumar,P007,1,0.05,Completed
ORD13761,04-09-2026,CUS1004,Anjali Mehta,P006,1,0.05,Completed
ORD13785,04-09-2026,CUS1015,Amit Sharma,P007,1,0.15,Completed
ORD14583,04-09-2026,CUS1005,Kiran Kumar,P008,1,0.0,Completed
ORD14777,04-09-2026,CUS1005,Anjali Mehta,P002,2,0.0,Completed
ORD10211,05-09-2026,CUS1004,Kiran Kumar,P009,3,0.15,Completed
ORD10611,05-09-2026,CUS1002,Anjali Mehta,P001,2,0.15,Completed
ORD11146,05-09-2026,CUS1015,Priya Nair,P006,3,0.05,Completed
ORD11522,05-09-2026,CUS1001,Vikram Singh,P002,1,0.05,Completed
ORD11578,05-09-2026,CUS1012,Sneha Rao,P010,3,0.0,Completed
ORD11851,05-09-2026,CUS1014,Neha Joshi,P009,1,0.1,Completed
ORD11896,05-09-2026,CUS1008,Anjali Mehta,P007,1,0.0,Completed
ORD12124,05-09-2026,CUS1014,Priya Nair,P006,4,0.1,Returned
ORD13068,05-09-2026,CUS1009,Sneha Rao,P002,4,0.05,Completed
ORD14019,05-09-2026,CUS1018,Anjali Mehta,P006,2,0.1,Completed
ORD14452,05-09-2026,CUS1013,Amit Sharma,P004,1,0.05,Completed
ORD14958,05-09-2026,CUS1013,Vikram Singh,P004,5,0.05,Completed
ORD10421,06-09-2026,CUS1001,Priya Nair,P004,2,0.0,Completed
ORD10481,06-09-2026,CUS1019,Priya Nair,P002,3,0.15,Completed
ORD10694,06-09-2026,CUS1010,Sneha Rao,P001,3,0.1,Completed
ORD11121,06-09-2026,CUS1015,Anjali Mehta,P007,5,0.05,Completed
ORD11475,06-09-2026,CUS1005,Sneha Rao,P010,1,0.05,Completed
ORD11526,06-09-2026,CUS1009,Neha Joshi,P007,1,0.0,Completed
ORD11599,06-09-2026,CUS1019,Rahul Verma,P001,1,0.0,Completed
ORD12117,06-09-2026,CUS1020,Vikram Singh,P008,3,0.0,Completed
ORD12332,06-09-2026,CUS1015,Vikram Singh,P005,5,0.0,Completed
ORD12403,06-09-2026,CUS1016,Kiran Kumar,P009,1,0.05,Completed
ORD12689,06-09-2026,CUS1001,Kiran Kumar,P009,5,0.0,Completed
ORD13519,06-09-2026,CUS1012,Kiran Kumar,P009,3,0.05,Completed
ORD13606,06-09-2026,CUS1012,Vikram Singh,P009,1,0.0,Completed
ORD13952,06-09-2026,CUS1013,Amit Sharma,P008,1,0.0,Completed
ORD14214,06-09-2026,CUS1019,Amit Sharma,P007,5,0.0,Completed
ORD14361,06-09-2026,CUS1012,Kiran Kumar,P002,3,0.1,Completed
ORD14656,06-09-2026,CUS1016,Rahul Verma,P005,2,0.05,Completed
ORD14711,06-09-2026,CUS1015,Vikram Singh,P004,1,0.0,Completed
ORD10192,07-09-2026,CUS1001,Amit Sharma,P005,8,0.05,Completed
ORD10333,07-09-2026,CUS1010,Vikram Singh,P007,2,0.1,Completed
ORD10610,07-09-2026,CUS1011,Anjali Mehta,P009,1,0.0,Completed
ORD11316,07-09-2026,CUS1015,Amit Sharma,P007,3,0.05,Completed
ORD11370,07-09-2026,CUS1009,Sneha Rao,P009,3,0.1,Completed
ORD11792,07-09-2026,CUS1009,Sneha Rao,P007,1,0.05,Completed
ORD11816,07-09-2026,CUS1004,Vikram Singh,P008,4,0.1,Completed
ORD11878,07-09-2026,CUS1003,Kiran Kumar,P007,1,0.05,Completed
ORD12663,07-09-2026,CUS1012,Neha Joshi,P010,5,0.15,Completed
ORD13051,07-09-2026,CUS1012,Vikram Singh,P004,5,0.1,Completed
ORD13130,07-09-2026,CUS1017,Kiran Kumar,P006,2,0.0,Completed
ORD13946,07-09-2026,CUS1004,Sneha Rao,P009,1,0.0,Completed
ORD14198,07-09-2026,CUS1012,Vikram Singh,P003,6,0.2,Completed
ORD14556,07-09-2026,CUS1008,Anjali Mehta,P009,3,0.1,Completed
ORD14963,07-09-2026,CUS1010,Rahul Verma,P002,1,0.05,Completed
ORD10203,08-09-2026,CUS1004,Vikram Singh,P001,1,0.0,Completed
ORD10449,08-09-2026,CUS1013,Kiran Kumar,P002,2,0.0,Completed
ORD11012,08-09-2026,CUS1007,Amit Sharma,P007,1,0.05,Completed
ORD11226,08-09-2026,CUS1016,Kiran Kumar,P007,3,0.0,Completed
ORD11546,08-09-2026,CUS1019,Priya Nair,P009,8,0.0,Completed
ORD11598,08-09-2026,CUS1018,Vikram Singh,P005,9,0.05,Completed
ORD11619,08-09-2026,CUS1020,Anjali Mehta,P003,1,0.0,Completed
ORD11842,08-09-2026,CUS1006,Priya Nair,P009,1,0.0,Completed
ORD12041,08-09-2026,CUS1011,Vikram Singh,P001,1,0.05,Completed
ORD12248,08-09-2026,CUS1019,Anjali Mehta,P004,5,0.2,Completed
ORD12845,08-09-2026,CUS1013,Vikram Singh,P007,1,0.15,Completed
ORD12990,08-09-2026,CUS1016,Amit Sharma,P006,3,0.1,Completed
ORD13418,08-09-2026,CUS1016,Rahul Verma,P009,2,0.0,Completed
ORD13591,08-09-2026,CUS1004,Priya Nair,P001,3,0.05,Completed
ORD14166,08-09-2026,CUS1016,Sneha Rao,P008,1,0.05,Completed
ORD14203,08-09-2026,CUS1005,Kiran Kumar,P009,1,0.1,Completed
ORD14215,08-09-2026,CUS1005,Rahul Verma,P004,4,0.0,Completed
ORD14358,08-09-2026,CUS1016,Anjali Mehta,P009,7,0.05,Completed
ORD10511,09-09-2026,CUS1009,Priya Nair,P001,2,0.15,Completed
ORD10565,09-09-2026,CUS1007,Neha Joshi,P002,2,0.15,Completed
ORD11019,09-09-2026,CUS1001,Vikram Singh,P004,2,0.1,Completed
ORD12629,09-09-2026,CUS1012,Kiran Kumar,P003,3,0.0,Completed
ORD12775,09-09-2026,CUS1001,Kiran Kumar,P009,2,0.1,Completed
ORD12833,09-09-2026,CUS1014,Sneha Rao,P009,2,0.0,Completed
ORD14191,09-09-2026,CUS1017,Rahul Verma,P001,6,0.1,Completed
ORD14349,09-09-2026,CUS1002,Vikram Singh,P005,6,0.1,Completed
ORD14607,09-09-2026,CUS1018,Vikram Singh,P009,3,0.1,Completed
ORD14930,09-09-2026,CUS1008,Amit Sharma,P010,4,0.0,Completed
ORD10505,10-09-2026,CUS1016,Kiran Kumar,P009,1,0.05,Completed
ORD10596,10-09-2026,CUS1019,Sneha Rao,P005,4,0.05,Completed
ORD10686,10-09-2026,CUS1011,Neha Joshi,P001,4,0.0,Completed
ORD10692,10-09-2026,CUS1009,Rahul Verma,P001,3,0.0,Completed
ORD10973,10-09-2026,CUS1012,Rahul Verma,P008,2,0.1,Completed
ORD11180,10-09-2026,CUS1011,Amit Sharma,P008,1,0.0,Completed
ORD11346,10-09-2026,CUS1019,Amit Sharma,P002,1,0.05,Completed
ORD11410,10-09-2026,CUS1005,Sneha Rao,P004,3,0.0,Returned
ORD12063,10-09-2026,CUS1009,Priya Nair,P009,2,0.05,Completed
ORD13282,10-09-2026,CUS1015,Amit Sharma,P004,3,0.0,Completed
ORD13334,10-09-2026,CUS1009,Kiran Kumar,P007,4,0.1,Completed
ORD13930,10-09-2026,CUS1008,Anjali Mehta,P007,3,0.05,Completed
ORD14382,10-09-2026,CUS1002,Vikram Singh,P007,2,0.0,Completed
ORD10235,11-09-2026,CUS1007,Sneha Rao,P009,7,0.15,Completed
ORD10447,11-09-2026,CUS1005,Anjali Mehta,P007,4,0.1,Completed
ORD10974,11-09-2026,CUS1008,Anjali Mehta,P002,3,0.1,Cancelled
ORD11748,11-09-2026,CUS1012,Vikram Singh,P001,1,0.0,Completed
ORD12051,11-09-2026,CUS1009,Sneha Rao,P008,2,0.05,Completed
ORD12312,11-09-2026,CUS1018,Sneha Rao,P010,3,0.1,Completed
ORD12534,11-09-2026,CUS1012,Priya Nair,P008,1,0.0,Returned
ORD12578,11-09-2026,CUS1017,Amit Sharma,P009,4,0.1,Completed
ORD13022,11-09-2026,CUS1018,Sneha Rao,P009,2,0.1,Completed
ORD13062,11-09-2026,CUS1003,Amit Sharma,P004,1,0.05,Completed
ORD13684,11-09-2026,CUS1009,Anjali Mehta,P007,9,0.15,Completed
ORD14116,11-09-2026,CUS1011,Sneha Rao,P002,1,0.1,Completed
ORD10451,12-09-2026,CUS1004,Priya Nair,P004,6,0.1,Completed
ORD11078,12-09-2026,CUS1018,Neha Joshi,P010,10,0.05,Completed
ORD11341,12-09-2026,CUS1018,Vikram Singh,P010,1,0.0,Completed
ORD11472,12-09-2026,CUS1011,Anjali Mehta,P004,5,0.1,Completed
ORD12483,12-09-2026,CUS1016,Sneha Rao,P010,9,0.0,Returned
ORD12536,12-09-2026,CUS1016,Anjali Mehta,P009,7,0.15,Completed
ORD12642,12-09-2026,CUS1020,Kiran Kumar,P004,2,0.05,Completed
ORD12904,12-09-2026,CUS1020,Anjali Mehta,P001,5,0.0,Completed
ORD12941,12-09-2026,CUS1015,Sneha Rao,P009,2,0.05,Completed
ORD13004,12-09-2026,CUS1003,Sneha Rao,P001,2,0.15,Completed
ORD13513,12-09-2026,CUS1003,Vikram Singh,P006,1,0.05,Completed
ORD13986,12-09-2026,CUS1014,Anjali Mehta,P009,7,0.2,Completed
ORD14219,12-09-2026,CUS1012,Priya Nair,P001,3,0.05,Completed
ORD14257,12-09-2026,CUS1019,Kiran Kumar,P001,2,0.05,Completed
ORD14943,12-09-2026,CUS1002,Priya Nair,P010,5,0.05,Cancelled
ORD10090,13-09-2026,CUS1017,Sneha Rao,P010,2,0.1,Completed
ORD10223,13-09-2026,CUS1010,Anjali Mehta,P007,5,0.0,Completed
ORD10528,13-09-2026,CUS1020,Neha Joshi,P009,5,0.0,Completed
ORD10557,13-09-2026,CUS1020,Priya Nair,P009,4,0.0,Returned
ORD11274,13-09-2026,CUS1009,Anjali Mehta,P009,1,0.05,Completed
ORD12225,13-09-2026,CUS1020,Amit Sharma,P008,7,0.05,Completed
ORD12963,13-09-2026,CUS1020,Kiran Kumar,P010,1,0.1,Completed
ORD13616,13-09-2026,CUS1006,Kiran Kumar,P010,7,0.1,Completed
ORD13626,13-09-2026,CUS1013,Kiran Kumar,P004,9,0.2,Completed
ORD10084,14-09-2026,CUS1018,Vikram Singh,P003,3,0.0,Cancelled
ORD10341,14-09-2026,CUS1011,Kiran Kumar,P002,1,0.1,Completed
ORD10849,14-09-2026,CUS1007,Vikram Singh,P008,1,0.1,Completed
ORD11793,14-09-2026,CUS1020,Rahul Verma,P002,2,0.05,Cancelled
ORD12255,14-09-2026,CUS1018,Vikram Singh,P002,4,0.2,Completed
ORD12961,14-09-2026,CUS1016,Anjali Mehta,P006,4,0.05,Completed
ORD13352,14-09-2026,CUS1016,Rahul Verma,P006,1,0.05,Completed
ORD13821,14-09-2026,CUS1019,Kiran Kumar,P002,10,0.0,Completed
ORD14171,14-09-2026,CUS1016,Amit Sharma,P007,10,0.2,Cancelled
ORD14330,14-09-2026,CUS1003,Anjali Mehta,P002,5,0.05,Completed
ORD14655,14-09-2026,CUS1014,Kiran Kumar,P002,5,0.15,Completed
ORD14768,14-09-2026,CUS1017,Sneha Rao,P010,6,0.05,Completed
ORD10233,15-09-2026,CUS1014,Neha Joshi,P002,1,0.05,Completed
ORD10935,15-09-2026,CUS1012,Kiran Kumar,P005,2,0.0,Completed
ORD10985,15-09-2026,CUS1015,Kiran Kumar,P004,2,0.15,Completed
ORD11122,15-09-2026,CUS1004,Anjali Mehta,P002,2,0.0,Completed
ORD11332,15-09-2026,CUS1016,Vikram Singh,P005,1,0.1,Completed
ORD12155,15-09-2026,CUS1004,Kiran Kumar,P009,3,0.0,Completed
ORD12357,15-09-2026,CUS1014,Priya Nair,P008,1,0.0,Completed
ORD13689,15-09-2026,CUS1016,Rahul Verma,P009,1,0.0,Completed
ORD13969,15-09-2026,CUS1019,Rahul Verma,P001,2,0.15,Completed
ORD14431,15-09-2026,CUS1013,Anjali Mehta,P002,1,0.0,Completed
ORD10080,16-09-2026,CUS1019,Kiran Kumar,P010,1,0.15,Completed
ORD10352,16-09-2026,CUS1012,Kiran Kumar,P001,3,0.0,Completed
ORD10658,16-09-2026,CUS1018,Vikram Singh,P009,2,0.05,Completed
ORD10696,16-09-2026,CUS1005,Neha Joshi,P001,6,0.05,Completed
ORD11659,16-09-2026,CUS1003,Priya Nair,P001,2,0.2,Returned
ORD12024,16-09-2026,CUS1019,Rahul Verma,P010,2,0.0,Completed
ORD12158,16-09-2026,CUS1011,Anjali Mehta,P006,2,0.05,Completed
ORD12868,16-09-2026,CUS1009,Anjali Mehta,P004,4,0.0,Completed
ORD13090,16-09-2026,CUS1020,Rahul Verma,P008,4,0.1,Completed
ORD13510,16-09-2026,CUS1016,Kiran Kumar,P009,5,0.15,Completed
ORD13599,16-09-2026,CUS1013,Amit Sharma,P004,2,0.0,Completed
ORD13769,16-09-2026,CUS1016,Vikram Singh,P008,3,0.1,Completed
ORD14033,16-09-2026,CUS1004,Anjali Mehta,P001,2,0.1,Completed
ORD14613,16-09-2026,CUS1018,Anjali Mehta,P002,4,0.1,Completed
ORD14728,16-09-2026,CUS1013,Rahul Verma,P007,1,0.05,Completed
ORD14990,16-09-2026,CUS1005,Kiran Kumar,P002,4,0.0,Cancelled
ORD10296,17-09-2026,CUS1005,Amit Sharma,P005,1,0.15,Completed
ORD11036,17-09-2026,CUS1007,Anjali Mehta,P001,4,0.05,Completed
ORD11096,17-09-2026,CUS1019,Anjali Mehta,P009,9,0.05,Completed
ORD11444,17-09-2026,CUS1004,Amit Sharma,P001,1,0.0,Cancelled
ORD11768,17-09-2026,CUS1016,Rahul Verma,P006,1,0.15,Completed
ORD12488,17-09-2026,CUS1018,Sneha Rao,P004,1,0.0,Completed
ORD12643,17-09-2026,CUS1012,Anjali Mehta,P007,1,0.0,Completed
ORD12744,17-09-2026,CUS1012,Amit Sharma,P004,2,0.05,Completed
ORD13864,17-09-2026,CUS1003,Priya Nair,P006,3,0.15,Completed
ORD14187,17-09-2026,CUS1006,Priya Nair,P006,2,0.05,Completed
ORD14471,17-09-2026,CUS1019,Anjali Mehta,P004,2,0.2,Completed
ORD14491,17-09-2026,CUS1016,Neha Joshi,P001,2,0.15,Completed
ORD10364,18-09-2026,CUS1019,Neha Joshi,P003,3,0.1,Completed
ORD11398,18-09-2026,CUS1019,Sneha Rao,P004,1,0.0,Completed
ORD12579,18-09-2026,CUS1013,Rahul Verma,P007,2,0.05,Completed
ORD12599,18-09-2026,CUS1007,Rahul Verma,P001,2,0.15,Completed
ORD12917,18-09-2026,CUS1019,Vikram Singh,P002,1,0.05,Returned
ORD13177,18-09-2026,CUS1005,Kiran Kumar,P001,2,0.05,Completed
ORD14201,18-09-2026,CUS1020,Sneha Rao,P001,2,0.05,Completed
ORD10841,19-09-2026,CUS1004,Rahul Verma,P007,1,0.05,Completed
ORD10964,19-09-2026,CUS1020,Vikram Singh,P007,2,0.15,Completed
ORD11182,19-09-2026,CUS1018,Anjali Mehta,P006,2,0.1,Completed
ORD11289,19-09-2026,CUS1019,Anjali Mehta,P010,2,0.15,Completed
ORD11396,19-09-2026,CUS1005,Anjali Mehta,P009,2,0.15,Completed
ORD11434,19-09-2026,CUS1013,Kiran Kumar,P009,2,0.1,Completed
ORD11437,19-09-2026,CUS1013,Anjali Mehta,P001,1,0.0,Completed
ORD11656,19-09-2026,CUS1013,Rahul Verma,P002,2,0.05,Completed
ORD12382,19-09-2026,CUS1009,Sneha Rao,P010,6,0.05,Completed
ORD13551,19-09-2026,CUS1020,Kiran Kumar,P002,3,0.0,Completed
ORD13948,19-09-2026,CUS1005,Amit Sharma,P006,8,0.05,Completed
ORD10213,20-09-2026,CUS1010,Kiran Kumar,P008,1,0.05,Completed
ORD10422,20-09-2026,CUS1011,Amit Sharma,P007,2,0.05,Completed
ORD10979,20-09-2026,CUS1011,Rahul Verma,P002,5,0.1,Cancelled
ORD11039,20-09-2026,CUS1011,Priya Nair,P001,4,0.15,Completed
ORD11043,20-09-2026,CUS1020,Kiran Kumar,P003,2,0.0,Completed
ORD11126,20-09-2026,CUS1012,Kiran Kumar,P004,1,0.0,Completed
ORD11165,20-09-2026,CUS1001,Vikram Singh,P004,1,0.05,Completed
ORD11310,20-09-2026,CUS1019,Amit Sharma,P008,1,0.05,Returned
ORD11638,20-09-2026,CUS1018,Kiran Kumar,P007,4,0.05,Completed
ORD11706,20-09-2026,CUS1009,Sneha Rao,P001,2,0.05,Completed
ORD11769,20-09-2026,CUS1020,Vikram Singh,P002,4,0.0,Completed
ORD12199,20-09-2026,CUS1010,Anjali Mehta,P002,3,0.05,Cancelled
ORD12340,20-09-2026,CUS1018,Sneha Rao,P008,1,0.1,Completed
ORD12380,20-09-2026,CUS1009,Vikram Singh,P008,2,0.0,Cancelled
ORD12770,20-09-2026,CUS1019,Anjali Mehta,P002,6,0.05,Completed
ORD12839,20-09-2026,CUS1005,Anjali Mehta,P005,2,0.0,Completed
ORD13369,20-09-2026,CUS1007,Priya Nair,P007,1,0.0,Completed
ORD13564,20-09-2026,CUS1001,Priya Nair,P007,2,0.1,Completed
ORD13703,20-09-2026,CUS1016,Neha Joshi,P008,2,0.15,Completed
ORD13835,20-09-2026,CUS1008,Anjali Mehta,P001,1,0.1,Completed
ORD14428,20-09-2026,CUS1013,Kiran Kumar,P009,4,0.2,Completed
ORD14459,20-09-2026,CUS1016,Priya Nair,P002,2,0.1,Completed
ORD14686,20-09-2026,CUS1004,Kiran Kumar,P010,3,0.05,Completed
ORD14934,20-09-2026,CUS1012,Vikram Singh,P009,2,0.0,Completed
ORD10142,21-09-2026,CUS1019,Vikram Singh,P007,4,0.15,Completed
ORD10295,21-09-2026,CUS1013,Kiran Kumar,P008,3,0.05,Completed
ORD10338,21-09-2026,CUS1019,Vikram Singh,P006,1,0.0,Cancelled
ORD10427,21-09-2026,CUS1011,Sneha Rao,P004,8,0.05,Completed
ORD10595,21-09-2026,CUS1005,Vikram Singh,P009,2,0.05,Cancelled
ORD10599,21-09-2026,CUS1004,Sneha Rao,P005,2,0.15,Completed
ORD11584,21-09-2026,CUS1013,Anjali Mehta,P004,1,0.05,Completed
ORD12300,21-09-2026,CUS1016,Priya Nair,P001,2,0.1,Completed
ORD12719,21-09-2026,CUS1018,Anjali Mehta,P001,2,0.05,Completed
ORD12879,21-09-2026,CUS1019,Amit Sharma,P001,3,0.1,Completed
ORD12933,21-09-2026,CUS1018,Anjali Mehta,P007,1,0.1,Completed
ORD13341,21-09-2026,CUS1011,Sneha Rao,P007,3,0.0,Completed
ORD14026,21-09-2026,CUS1007,Rahul Verma,P007,6,0.0,Completed
ORD14046,21-09-2026,CUS1018,Anjali Mehta,P003,1,0.05,Completed
ORD14321,21-09-2026,CUS1007,Neha Joshi,P010,4,0.05,Completed
ORD10411,22-09-2026,CUS1012,Sneha Rao,P001,3,0.05,Completed
ORD10520,22-09-2026,CUS1002,Sneha Rao,P005,4,0.05,Completed
ORD11167,22-09-2026,CUS1004,Sneha Rao,P008,1,0.05,Completed
ORD11614,22-09-2026,CUS1002,Vikram Singh,P003,5,0.05,Completed
ORD13201,22-09-2026,CUS1012,Kiran Kumar,P002,1,0.1,Returned
ORD13315,22-09-2026,CUS1014,Anjali Mehta,P009,4,0.05,Completed
ORD13935,22-09-2026,CUS1001,Rahul Verma,P007,1,0.0,Completed
ORD14071,22-09-2026,CUS1007,Priya Nair,P001,2,0.0,Completed
ORD14296,22-09-2026,CUS1009,Anjali Mehta,P001,3,0.1,Completed
ORD14312,22-09-2026,CUS1012,Amit Sharma,P007,3,0.15,Completed
ORD10674,23-09-2026,CUS1020,Amit Sharma,P003,1,0.05,Cancelled
ORD11360,23-09-2026,CUS1016,Anjali Mehta,P007,1,0.0,Completed
ORD11594,23-09-2026,CUS1011,Vikram Singh,P004,2,0.05,Completed
ORD12097,23-09-2026,CUS1013,Anjali Mehta,P007,1,0.0,Completed
ORD12198,23-09-2026,CUS1001,Sneha Rao,P001,7,0.05,Completed
ORD12400,23-09-2026,CUS1019,Kiran Kumar,P008,4,0.05,Cancelled
ORD12439,23-09-2026,CUS1004,Vikram Singh,P009,1,0.0,Cancelled
ORD12457,23-09-2026,CUS1012,Vikram Singh,P002,2,0.0,Completed
ORD13009,23-09-2026,CUS1013,Amit Sharma,P002,1,0.1,Completed
ORD13563,23-09-2026,CUS1002,Kiran Kumar,P008,4,0.15,Completed
ORD14739,23-09-2026,CUS1014,Vikram Singh,P005,8,0.05,Completed
ORD10020,24-09-2026,CUS1011,Priya Nair,P005,4,0.2,Completed
ORD10251,24-09-2026,CUS1013,Sneha Rao,P002,3,0.1,Completed
ORD10414,24-09-2026,CUS1018,Neha Joshi,P007,2,0.0,Completed
ORD10527,24-09-2026,CUS1012,Kiran Kumar,P004,3,0.05,Completed
ORD11041,24-09-2026,CUS1014,Vikram Singh,P002,1,0.05,Completed
ORD11223,24-09-2026,CUS1018,Anjali Mehta,P009,1,0.1,Completed
ORD11414,24-09-2026,CUS1011,Anjali Mehta,P007,5,0.1,Completed
ORD11587,24-09-2026,CUS1018,Kiran Kumar,P004,7,0.0,Completed
ORD12017,24-09-2026,CUS1013,Vikram Singh,P009,3,0.0,Completed
ORD12698,24-09-2026,CUS1011,Amit Sharma,P007,1,0.0,Completed
ORD13031,24-09-2026,CUS1009,Rahul Verma,P001,4,0.15,Completed
ORD13537,24-09-2026,CUS1009,Sneha Rao,P001,7,0.1,Completed
ORD13595,24-09-2026,CUS1018,Amit Sharma,P009,2,0.0,Completed
ORD13932,24-09-2026,CUS1016,Anjali Mehta,P001,6,0.15,Completed
ORD14044,24-09-2026,CUS1017,Sneha Rao,P007,5,0.1,Completed
ORD14307,24-09-2026,CUS1018,Vikram Singh,P001,1,0.15,Completed
ORD14834,24-09-2026,CUS1020,Vikram Singh,P010,2,0.05,Completed
ORD14931,24-09-2026,CUS1017,Rahul Verma,P007,1,0.15,Completed
ORD10563,25-09-2026,CUS1014,Vikram Singh,P007,1,0.05,Completed
ORD11439,25-09-2026,CUS1011,Amit Sharma,P004,1,0.05,Completed
ORD11700,25-09-2026,CUS1016,Rahul Verma,P007,3,0.2,Cancelled
ORD11757,25-09-2026,CUS1003,Neha Joshi,P010,3,0.05,Completed
ORD12688,25-09-2026,CUS1016,Sneha Rao,P004,1,0.05,Completed
ORD13607,25-09-2026,CUS1009,Vikram Singh,P009,6,0.0,Completed
ORD13755,25-09-2026,CUS1013,Anjali Mehta,P001,3,0.05,Returned
ORD13916,25-09-2026,CUS1019,Sneha Rao,P010,1,0.0,Completed
ORD13945,25-09-2026,CUS1011,Kiran Kumar,P007,1,0.05,Completed
ORD14093,25-09-2026,CUS1002,Amit Sharma,P001,2,0.0,Completed
ORD14195,25-09-2026,CUS1009,Sneha Rao,P006,6,0.05,Completed
ORD14505,25-09-2026,CUS1005,Kiran Kumar,P001,1,0.05,Returned
ORD14660,25-09-2026,CUS1020,Kiran Kumar,P004,5,0.1,Completed
ORD10232,26-09-2026,CUS1016,Kiran Kumar,P008,4,0.1,Completed
ORD10246,26-09-2026,CUS1019,Vikram Singh,P002,2,0.1,Completed
ORD11703,26-09-2026,CUS1016,Anjali Mehta,P001,1,0.2,Completed
ORD11807,26-09-2026,CUS1018,Kiran Kumar,P001,2,0.1,Completed
ORD11979,26-09-2026,CUS1011,Kiran Kumar,P007,6,0.1,Completed
ORD12191,26-09-2026,CUS1018,Rahul Verma,P001,3,0.0,Completed
ORD13471,26-09-2026,CUS1016,Priya Nair,P008,1,0.0,Completed
ORD13557,26-09-2026,CUS1004,Rahul Verma,P002,1,0.05,Completed
ORD10159,27-09-2026,CUS1012,Anjali Mehta,P008,3,0.05,Completed
ORD10570,27-09-2026,CUS1017,Sneha Rao,P009,1,0.0,Completed
ORD10637,27-09-2026,CUS1016,Amit Sharma,P002,2,0.0,Completed
ORD10656,27-09-2026,CUS1002,Neha Joshi,P008,2,0.05,Completed
ORD10894,27-09-2026,CUS1012,Kiran Kumar,P004,1,0.0,Completed
ORD12974,27-09-2026,CUS1011,Kiran Kumar,P006,4,0.05,Completed
ORD13770,27-09-2026,CUS1020,Vikram Singh,P008,2,0.1,Completed
ORD14709,27-09-2026,CUS1020,Sneha Rao,P002,6,0.15,Completed
ORD14973,27-09-2026,CUS1020,Priya Nair,P004,2,0.05,Completed
ORD10024,28-09-2026,CUS1005,Rahul Verma,P010,5,0.0,Returned
ORD10190,28-09-2026,CUS1017,Priya Nair,P002,6,0.05,Completed
ORD10206,28-09-2026,CUS1016,Amit Sharma,P002,3,0.05,Cancelled
ORD11698,28-09-2026,CUS1005,Rahul Verma,P010,5,0.05,Completed
ORD11980,28-09-2026,CUS1011,Amit Sharma,P002,3,0.15,Completed
ORD12499,28-09-2026,CUS1004,Amit Sharma,P008,4,0.05,Cancelled
ORD12580,28-09-2026,CUS1019,Amit Sharma,P001,2,0.05,Completed
ORD13423,28-09-2026,CUS1019,Kiran Kumar,P007,3,0.05,Returned
ORD13504,28-09-2026,CUS1009,Sneha Rao,P009,1,0.1,Cancelled
ORD13522,28-09-2026,CUS1019,Amit Sharma,P010,5,0.05,Completed
ORD13874,28-09-2026,CUS1005,Kiran Kumar,P010,4,0.05,Completed
ORD14147,28-09-2026,CUS1020,Kiran Kumar,P001,3,0.1,Completed
ORD10508,29-09-2026,CUS1019,Sneha Rao,P002,2,0.0,Completed
ORD10919,29-09-2026,CUS1015,Sneha Rao,P002,1,0.05,Completed
ORD11194,29-09-2026,CUS1005,Amit Sharma,P008,5,0.15,Cancelled
ORD11431,29-09-2026,CUS1006,Sneha Rao,P007,1,0.1,Completed
ORD11728,29-09-2026,CUS1012,Vikram Singh,P008,8,0.15,Completed
ORD12002,29-09-2026,CUS1007,Vikram Singh,P001,5,0.1,Completed
ORD12139,29-09-2026,CUS1008,Priya Nair,P007,2,0.0,Completed
ORD12150,29-09-2026,CUS1011,Anjali Mehta,P007,4,0.05,Completed
ORD12806,29-09-2026,CUS1012,Vikram Singh,P008,3,0.15,Completed
ORD14982,29-09-2026,CUS1007,Vikram Singh,P002,4,0.15,Cancelled
ORD10034,30-09-2026,CUS1016,Anjali Mehta,P006,2,0.0,Completed
ORD10723,30-09-2026,CUS1012,Priya Nair,P002,1,0.05,Completed
ORD11168,30-09-2026,CUS1004,Amit Sharma,P002,1,0.1,Completed
ORD11322,30-09-2026,CUS1009,Anjali Mehta,P002,6,0.0,Returned
ORD11611,30-09-2026,CUS1020,Vikram Singh,P001,3,0.1,Completed
ORD11849,30-09-2026,CUS1013,Amit Sharma,P007,2,0.05,Completed
ORD11925,30-09-2026,CUS1013,Vikram Singh,P002,10,0.0,Completed
ORD12630,30-09-2026,CUS1015,Kiran Kumar,P003,1,0.2,Completed
ORD12980,30-09-2026,CUS1012,Vikram Singh,P008,1,0.15,Completed
ORD13484,30-09-2026,CUS1009,Amit Sharma,P001,1,0.1,Completed
ORD13485,30-09-2026,CUS1013,Anjali Mehta,P006,1,0.1,Completed
ORD13538,30-09-2026,CUS1001,Sneha Rao,P004,1,0.05,Returned
ORD13686,30-09-2026,CUS1017,Sneha Rao,P009,2,0.1,Completed
ORD13804,30-09-2026,CUS1020,Priya Nair,P004,8,0.0,Completed
ORD13883,30-09-2026,CUS1009,Kiran Kumar,P009,4,0.0,Completed
ORD14098,30-09-2026,CUS1004,Anjali Mehta,P001,3,0.05,Completed
ORD14364,30-09-2026,CUS1004,Vikram Singh,P008,4,0.15,Completed
ORD14458,30-09-2026,CUS1018,Vikram Singh,P004,2,0.15,Completed
ORD14696,30-09-2026,CUS1012,Kiran Kumar,P008,2,0.0,Completed
ORD10640,01-10-2026,CUS1020,Anjali Mehta,P009,6,0.1,Completed
ORD10648,01-10-2026,CUS1019,Anjali Mehta,P003,1,0.15,Completed
ORD11251,01-10-2026,CUS1019,Kiran Kumar,P001,1,0.0,Completed
ORD12033,01-10-2026,CUS1019,Anjali Mehta,P010,2,0.1,Cancelled
ORD13388,01-10-2026,CUS1010,Vikram Singh,P002,3,0.15,Completed
ORD13654,01-10-2026,CUS1016,Sneha Rao,P006,1,0.15,Completed
ORD14031,01-10-2026,CUS1018,Vikram Singh,P010,2,0.0,Completed
ORD10238,02-10-2026,CUS1012,Kiran Kumar,P007,2,0.05,Completed
ORD10461,02-10-2026,CUS1010,Sneha Rao,P001,2,0.1,Completed
ORD10562,02-10-2026,CUS1010,Vikram Singh,P001,3,0.1,Completed
ORD10832,02-10-2026,CUS1016,Kiran Kumar,P001,5,0.15,Completed
ORD11064,02-10-2026,CUS1020,Priya Nair,P001,2,0.05,Completed
ORD11148,02-10-2026,CUS1002,Anjali Mehta,P004,1,0.05,Completed
ORD11227,02-10-2026,CUS1017,Kiran Kumar,P009,1,0.1,Completed
ORD11447,02-10-2026,CUS1003,Rahul Verma,P001,1,0.0,Completed
ORD11906,02-10-2026,CUS1011,Priya Nair,P001,2,0.0,Completed
ORD12091,02-10-2026,CUS1019,Anjali Mehta,P007,3,0.0,Completed
ORD12270,02-10-2026,CUS1019,Amit Sharma,P008,8,0.0,Completed
ORD12342,02-10-2026,CUS1005,Vikram Singh,P004,5,0.1,Completed
ORD12725,02-10-2026,CUS1020,Vikram Singh,P003,10,0.1,Completed
ORD13220,02-10-2026,CUS1013,Vikram Singh,P001,1,0.05,Completed
ORD13476,02-10-2026,CUS1011,Sneha Rao,P010,1,0.0,Completed
ORD13826,02-10-2026,CUS1016,Vikram Singh,P001,1,0.1,Cancelled
ORD14020,02-10-2026,CUS1003,Neha Joshi,P007,1,0.0,Completed
ORD14400,02-10-2026,CUS1009,Priya Nair,P005,5,0.0,Completed
ORD10708,03-10-2026,CUS1017,Sneha Rao,P008,2,0.1,Completed
ORD11557,03-10-2026,CUS1015,Sneha Rao,P007,2,0.15,Completed
ORD11884,03-10-2026,CUS1014,Amit Sharma,P010,2,0.0,Completed
ORD12178,03-10-2026,CUS1016,Neha Joshi,P009,1,0.05,Completed
ORD12240,03-10-2026,CUS1002,Vikram Singh,P004,2,0.15,Completed
ORD12265,03-10-2026,CUS1002,Neha Joshi,P007,1,0.15,Cancelled
ORD12369,03-10-2026,CUS1014,Amit Sharma,P001,1,0.1,Cancelled
ORD12820,03-10-2026,CUS1009,Vikram Singh,P001,2,0.0,Completed
ORD12877,03-10-2026,CUS1017,Kiran Kumar,P004,3,0.05,Completed
ORD13479,03-10-2026,CUS1018,Amit Sharma,P009,1,0.1,Completed
ORD13796,03-10-2026,CUS1020,Priya Nair,P002,5,0.1,Completed
ORD13896,03-10-2026,CUS1012,Anjali Mehta,P007,3,0.0,Completed
ORD13920,03-10-2026,CUS1005,Anjali Mehta,P010,8,0.05,Completed
ORD14298,03-10-2026,CUS1020,Vikram Singh,P009,2,0.05,Completed
ORD14380,03-10-2026,CUS1011,Anjali Mehta,P004,1,0.1,Completed
ORD14528,03-10-2026,CUS1005,Amit Sharma,P009,1,0.0,Completed
ORD10218,04-10-2026,CUS1014,Amit Sharma,P006,7,0.1,Completed
ORD10977,04-10-2026,CUS1020,Sneha Rao,P002,1,0.05,Cancelled
ORD11981,04-10-2026,CUS1005,Rahul Verma,P006,4,0.05,Completed
ORD12067,04-10-2026,CUS1014,Vikram Singh,P005,2,0.0,Completed
ORD12118,04-10-2026,CUS1012,Amit Sharma,P010,1,0.0,Completed
ORD12168,04-10-2026,CUS1018,Sneha Rao,P007,1,0.05,Completed
ORD12302,04-10-2026,CUS1005,Vikram Singh,P001,1,0.0,Returned
ORD12310,04-10-2026,CUS1012,Amit Sharma,P008,6,0.0,Completed
ORD12503,04-10-2026,CUS1018,Kiran Kumar,P008,1,0.1,Completed
ORD12571,04-10-2026,CUS1010,Sneha Rao,P007,7,0.05,Completed
ORD12923,04-10-2026,CUS1020,Priya Nair,P002,2,0.0,Completed
ORD13187,04-10-2026,CUS1012,Kiran Kumar,P010,1,0.1,Completed
ORD14041,04-10-2026,CUS1010,Amit Sharma,P007,3,0.0,Cancelled
ORD14410,04-10-2026,CUS1007,Priya Nair,P003,1,0.1,Completed
ORD14442,04-10-2026,CUS1005,Priya Nair,P001,8,0.15,Completed
ORD14787,04-10-2026,CUS1003,Sneha Rao,P009,3,0.2,Completed
ORD14804,04-10-2026,CUS1008,Neha Joshi,P009,3,0.05,Completed
ORD10294,05-10-2026,CUS1002,Sneha Rao,P008,1,0.1,Completed
ORD10350,05-10-2026,CUS1019,Sneha Rao,P006,6,0.05,Completed
ORD10378,05-10-2026,CUS1015,Kiran Kumar,P008,1,0.05,Completed
ORD11256,05-10-2026,CUS1020,Amit Sharma,P002,4,0.1,Completed
ORD11542,05-10-2026,CUS1004,Amit Sharma,P001,3,0.2,Cancelled
ORD11550,05-10-2026,CUS1018,Priya Nair,P002,9,0.05,Completed
ORD11778,05-10-2026,CUS1002,Anjali Mehta,P006,5,0.0,Completed
ORD12053,05-10-2026,CUS1005,Anjali Mehta,P010,3,0.05,Completed
ORD12344,05-10-2026,CUS1013,Kiran Kumar,P001,1,0.0,Completed
ORD12481,05-10-2026,CUS1013,Kiran Kumar,P001,4,0.05,Completed
ORD12569,05-10-2026,CUS1014,Vikram Singh,P002,4,0.0,Completed
ORD13049,05-10-2026,CUS1020,Rahul Verma,P004,2,0.2,Completed
ORD13059,05-10-2026,CUS1005,Neha Joshi,P001,3,0.05,Completed
ORD13424,05-10-2026,CUS1012,Kiran Kumar,P004,4,0.05,Completed
ORD14246,05-10-2026,CUS1018,Priya Nair,P008,4,0.1,Completed
ORD14514,05-10-2026,CUS1002,Rahul Verma,P009,2,0.1,Completed
ORD14746,05-10-2026,CUS1016,Amit Sharma,P002,6,0.1,Completed
ORD10507,06-10-2026,CUS1005,Anjali Mehta,P007,1,0.05,Completed
ORD10605,06-10-2026,CUS1016,Kiran Kumar,P001,2,0.1,Returned
ORD10755,06-10-2026,CUS1013,Anjali Mehta,P006,1,0.0,Completed
ORD10989,06-10-2026,CUS1004,Vikram Singh,P002,3,0.15,Completed
ORD11091,06-10-2026,CUS1010,Neha Joshi,P007,1,0.0,Completed
ORD11337,06-10-2026,CUS1015,Vikram Singh,P010,1,0.1,Completed
ORD11498,06-10-2026,CUS1014,Neha Joshi,P007,2,0.0,Completed
ORD11549,06-10-2026,CUS1004,Amit Sharma,P007,1,0.15,Completed
ORD11749,06-10-2026,CUS1002,Neha Joshi,P005,9,0.15,Completed
ORD11817,06-10-2026,CUS1019,Sneha Rao,P004,1,0.15,Cancelled
ORD12175,06-10-2026,CUS1005,Vikram Singh,P009,1,0.05,Completed
ORD12625,06-10-2026,CUS1015,Rahul Verma,P007,1,0.0,Completed
ORD12684,06-10-2026,CUS1002,Rahul Verma,P002,8,0.2,Completed
ORD12918,06-10-2026,CUS1016,Neha Joshi,P001,1,0.15,Completed
ORD13235,06-10-2026,CUS1013,Kiran Kumar,P001,2,0.2,Completed
ORD13408,06-10-2026,CUS1016,Priya Nair,P001,4,0.05,Completed
ORD13428,06-10-2026,CUS1009,Vikram Singh,P007,5,0.0,Completed
ORD14056,06-10-2026,CUS1013,Neha Joshi,P003,1,0.15,Completed
ORD14374,06-10-2026,CUS1007,Kiran Kumar,P009,1,0.1,Completed
ORD14516,06-10-2026,CUS1003,Vikram Singh,P003,5,0.15,Completed
ORD14642,06-10-2026,CUS1012,Sneha Rao,P009,1,0.15,Completed
ORD14658,06-10-2026,CUS1016,Amit Sharma,P009,2,0.1,Returned
ORD10189,07-10-2026,CUS1010,Kiran Kumar,P002,1,0.0,Cancelled
ORD10459,07-10-2026,CUS1008,Kiran Kumar,P002,1,0.05,Completed
ORD10636,07-10-2026,CUS1014,Priya Nair,P010,4,0.05,Completed
ORD11023,07-10-2026,CUS1019,Vikram Singh,P001,1,0.0,Completed
ORD11184,07-10-2026,CUS1005,Anjali Mehta,P001,4,0.15,Completed
ORD11848,07-10-2026,CUS1009,Sneha Rao,P007,1,0.0,Cancelled
ORD11973,07-10-2026,CUS1004,Kiran Kumar,P002,7,0.05,Completed
ORD12092,07-10-2026,CUS1016,Vikram Singh,P002,5,0.2,Completed
ORD12577,07-10-2026,CUS1012,Neha Joshi,P007,7,0.05,Completed
ORD13121,07-10-2026,CUS1017,Amit Sharma,P003,2,0.15,Completed
ORD13161,07-10-2026,CUS1005,Kiran Kumar,P004,2,0.0,Completed
ORD13368,07-10-2026,CUS1012,Sneha Rao,P010,4,0.0,Returned
ORD13409,07-10-2026,CUS1011,Neha Joshi,P006,2,0.05,Completed
ORD13605,07-10-2026,CUS1018,Anjali Mehta,P004,1,0.05,Completed
ORD14486,07-10-2026,CUS1012,Anjali Mehta,P007,1,0.15,Completed
ORD14581,07-10-2026,CUS1001,Rahul Verma,P009,1,0.05,Completed
ORD14983,07-10-2026,CUS1005,Priya Nair,P009,3,0.1,Completed
ORD15000,07-10-2026,CUS1010,Priya Nair,P008,2,0.15,Completed
ORD10515,08-10-2026,CUS1012,Neha Joshi,P007,1,0.0,Completed
ORD10948,08-10-2026,CUS1015,Neha Joshi,P001,7,0.15,Completed
ORD11151,08-10-2026,CUS1017,Neha Joshi,P008,4,0.1,Returned
ORD11188,08-10-2026,CUS1008,Rahul Verma,P005,2,0.1,Completed
ORD12203,08-10-2026,CUS1005,Vikram Singh,P002,4,0.0,Completed
ORD12524,08-10-2026,CUS1009,Kiran Kumar,P005,2,0.05,Completed
ORD12679,08-10-2026,CUS1005,Vikram Singh,P001,2,0.1,Completed
ORD12807,08-10-2026,CUS1013,Amit Sharma,P002,1,0.15,Completed
ORD13286,08-10-2026,CUS1020,Anjali Mehta,P004,2,0.0,Completed
ORD13750,08-10-2026,CUS1007,Rahul Verma,P010,6,0.0,Completed
ORD14309,08-10-2026,CUS1016,Amit Sharma,P003,2,0.15,Completed
ORD10653,09-10-2026,CUS1002,Anjali Mehta,P005,1,0.1,Completed
ORD10717,09-10-2026,CUS1016,Vikram Singh,P004,1,0.2,Completed
ORD11359,09-10-2026,CUS1017,Priya Nair,P002,2,0.1,Completed
ORD11461,09-10-2026,CUS1012,Priya Nair,P007,1,0.15,Completed
ORD12057,09-10-2026,CUS1012,Neha Joshi,P009,3,0.05,Completed
ORD12115,09-10-2026,CUS1020,Vikram Singh,P007,2,0.05,Completed
ORD12929,09-10-2026,CUS1004,Amit Sharma,P008,2,0.0,Completed
ORD13267,09-10-2026,CUS1013,Anjali Mehta,P002,2,0.15,Completed
ORD13385,09-10-2026,CUS1010,Kiran Kumar,P002,2,0.05,Completed
ORD14242,09-10-2026,CUS1018,Neha Joshi,P007,1,0.0,Completed
ORD14571,09-10-2026,CUS1011,Vikram Singh,P005,4,0.05,Completed
ORD14596,09-10-2026,CUS1012,Vikram Singh,P001,1,0.05,Completed
ORD10135,10-10-2026,CUS1019,Kiran Kumar,P004,3,0.0,Completed
ORD10277,10-10-2026,CUS1008,Vikram Singh,P004,5,0.0,Completed
ORD10534,10-10-2026,CUS1018,Kiran Kumar,P002,2,0.2,Completed
ORD10701,10-10-2026,CUS1017,Vikram Singh,P009,2,0.0,Completed
ORD10848,10-10-2026,CUS1013,Vikram Singh,P009,1,0.05,Completed
ORD10926,10-10-2026,CUS1005,Kiran Kumar,P007,1,0.0,Completed
ORD11467,10-10-2026,CUS1012,Anjali Mehta,P007,3,0.1,Completed
ORD11853,10-10-2026,CUS1018,Sneha Rao,P007,9,0.05,Completed
ORD12970,10-10-2026,CUS1011,Anjali Mehta,P004,6,0.05,Completed
ORD13072,10-10-2026,CUS1002,Neha Joshi,P006,5,0.15,Completed
ORD13469,10-10-2026,CUS1005,Neha Joshi,P003,2,0.1,Completed
ORD13611,10-10-2026,CUS1006,Sneha Rao,P009,2,0.2,Completed
ORD11617,11-10-2026,CUS1006,Rahul Verma,P007,6,0.15,Completed
ORD12347,11-10-2026,CUS1002,Kiran Kumar,P003,1,0.15,Completed
ORD13224,11-10-2026,CUS1017,Rahul Verma,P001,3,0.15,Completed
ORD13520,11-10-2026,CUS1018,Amit Sharma,P009,2,0.15,Completed
ORD13628,11-10-2026,CUS1020,Amit Sharma,P001,3,0.15,Completed
ORD13648,11-10-2026,CUS1009,Neha Joshi,P010,2,0.05,Completed
ORD13853,11-10-2026,CUS1020,Amit Sharma,P009,4,0.1,Completed
ORD13984,11-10-2026,CUS1018,Vikram Singh,P004,6,0.0,Completed
ORD14461,11-10-2026,CUS1005,Kiran Kumar,P009,3,0.05,Completed
ORD14558,11-10-2026,CUS1019,Vikram Singh,P007,3,0.05,Completed
ORD14593,11-10-2026,CUS1004,Sneha Rao,P003,8,0.0,Completed
ORD14901,11-10-2026,CUS1014,Vikram Singh,P005,3,0.1,Completed
ORD10625,12-10-2026,CUS1018,Rahul Verma,P006,4,0.05,Completed
ORD11340,12-10-2026,CUS1005,Amit Sharma,P008,5,0.0,Completed
ORD11477,12-10-2026,CUS1014,Amit Sharma,P009,2,0.2,Completed
ORD11669,12-10-2026,CUS1013,Rahul Verma,P007,2,0.0,Completed
ORD11767,12-10-2026,CUS1001,Amit Sharma,P004,4,0.05,Completed
ORD12843,12-10-2026,CUS1002,Neha Joshi,P005,4,0.0,Completed
ORD13028,12-10-2026,CUS1001,Amit Sharma,P002,8,0.0,Completed
ORD10149,13-10-2026,CUS1007,Vikram Singh,P002,9,0.1,Completed
ORD10269,13-10-2026,CUS1005,Amit Sharma,P002,2,0.15,Cancelled
ORD10282,13-10-2026,CUS1014,Anjali Mehta,P003,1,0.05,Completed
ORD11110,13-10-2026,CUS1005,Priya Nair,P010,2,0.1,Completed
ORD11405,13-10-2026,CUS1009,Priya Nair,P001,1,0.1,Completed
ORD11678,13-10-2026,CUS1017,Vikram Singh,P001,7,0.2,Completed
ORD11705,13-10-2026,CUS1002,Neha Joshi,P001,1,0.0,Completed
ORD11753,13-10-2026,CUS1012,Kiran Kumar,P009,1,0.0,Completed
ORD11879,13-10-2026,CUS1005,Sneha Rao,P006,2,0.0,Completed
ORD12423,13-10-2026,CUS1005,Rahul Verma,P010,1,0.1,Completed
ORD12489,13-10-2026,CUS1013,Vikram Singh,P001,8,0.05,Completed
ORD12832,13-10-2026,CUS1005,Rahul Verma,P007,5,0.2,Completed
ORD13156,13-10-2026,CUS1010,Amit Sharma,P002,3,0.0,Completed
ORD13248,13-10-2026,CUS1016,Anjali Mehta,P010,1,0.1,Completed
ORD13683,13-10-2026,CUS1011,Neha Joshi,P009,2,0.05,Completed
ORD13791,13-10-2026,CUS1012,Rahul Verma,P007,3,0.0,Completed
ORD13818,13-10-2026,CUS1011,Kiran Kumar,P007,1,0.0,Completed
ORD14089,13-10-2026,CUS1008,Kiran Kumar,P007,1,0.05,Completed
ORD14250,13-10-2026,CUS1010,Sneha Rao,P004,4,0.05,Completed
ORD14688,13-10-2026,CUS1020,Neha Joshi,P001,3,0.05,Completed
ORD14937,13-10-2026,CUS1016,Rahul Verma,P010,1,0.1,Completed
ORD10130,14-10-2026,CUS1016,Priya Nair,P007,8,0.1,Completed
ORD10356,14-10-2026,CUS1008,Kiran Kumar,P007,2,0.0,Completed
ORD10691,14-10-2026,CUS1002,Sneha Rao,P009,4,0.1,Completed
ORD10715,14-10-2026,CUS1008,Kiran Kumar,P009,1,0.15,Completed
ORD11470,14-10-2026,CUS1011,Neha Joshi,P002,2,0.1,Completed
ORD11765,14-10-2026,CUS1013,Kiran Kumar,P003,1,0.05,Completed
ORD11771,14-10-2026,CUS1001,Kiran Kumar,P010,4,0.05,Completed
ORD12504,14-10-2026,CUS1002,Neha Joshi,P007,1,0.0,Completed
ORD14008,14-10-2026,CUS1012,Kiran Kumar,P002,1,0.0,Completed
ORD14028,14-10-2026,CUS1004,Kiran Kumar,P002,1,0.1,Completed
ORD10045,15-10-2026,CUS1020,Anjali Mehta,P002,2,0.0,Completed
ORD10057,15-10-2026,CUS1013,Amit Sharma,P009,4,0.1,Completed
ORD10065,15-10-2026,CUS1018,Vikram Singh,P006,3,0.0,Completed
ORD10301,15-10-2026,CUS1020,Vikram Singh,P007,3,0.0,Completed
ORD10308,15-10-2026,CUS1010,Amit Sharma,P006,4,0.15,Cancelled
ORD10502,15-10-2026,CUS1003,Anjali Mehta,P009,2,0.15,Completed
ORD10802,15-10-2026,CUS1018,Neha Joshi,P009,4,0.0,Completed
ORD10888,15-10-2026,CUS1013,Anjali Mehta,P009,2,0.0,Completed
ORD11017,15-10-2026,CUS1011,Kiran Kumar,P004,3,0.05,Returned
ORD11495,15-10-2026,CUS1011,Kiran Kumar,P001,5,0.1,Completed
ORD11539,15-10-2026,CUS1017,Neha Joshi,P007,6,0.1,Completed
ORD11571,15-10-2026,CUS1013,Rahul Verma,P009,2,0.1,Completed
ORD11695,15-10-2026,CUS1002,Vikram Singh,P006,1,0.05,Completed
ORD12078,15-10-2026,CUS1020,Kiran Kumar,P009,1,0.2,Completed
ORD12277,15-10-2026,CUS1017,Amit Sharma,P001,2,0.1,Completed
ORD12634,15-10-2026,CUS1012,Neha Joshi,P009,4,0.15,Completed
ORD12691,15-10-2026,CUS1016,Sneha Rao,P002,1,0.0,Completed
ORD13579,15-10-2026,CUS1020,Neha Joshi,P009,5,0.05,Completed
ORD13881,15-10-2026,CUS1012,Sneha Rao,P002,7,0.05,Completed
ORD14523,15-10-2026,CUS1017,Amit Sharma,P003,9,0.0,Completed
ORD14605,15-10-2026,CUS1016,Vikram Singh,P006,4,0.0,Completed
ORD14754,15-10-2026,CUS1019,Amit Sharma,P007,2,0.15,Completed
ORD14855,15-10-2026,CUS1002,Amit Sharma,P008,3,0.05,Completed
ORD10241,16-10-2026,CUS1008,Kiran Kumar,P002,1,0.0,Completed
ORD11241,16-10-2026,CUS1001,Kiran Kumar,P007,3,0.05,Completed
ORD11438,16-10-2026,CUS1013,Kiran Kumar,P002,2,0.05,Completed
ORD11610,16-10-2026,CUS1005,Kiran Kumar,P008,4,0.1,Completed
ORD11928,16-10-2026,CUS1008,Vikram Singh,P009,3,0.1,Completed
ORD12206,16-10-2026,CUS1004,Kiran Kumar,P004,1,0.0,Completed
ORD13675,16-10-2026,CUS1012,Kiran Kumar,P004,6,0.1,Completed
ORD10262,17-10-2026,CUS1005,Vikram Singh,P002,1,0.0,Completed
ORD10736,17-10-2026,CUS1016,Anjali Mehta,P002,5,0.05,Completed
ORD11327,17-10-2026,CUS1014,Amit Sharma,P008,1,0.0,Completed
ORD11468,17-10-2026,CUS1009,Amit Sharma,P002,10,0.05,Completed
ORD11486,17-10-2026,CUS1002,Priya Nair,P003,4,0.1,Completed
ORD11615,17-10-2026,CUS1018,Kiran Kumar,P010,6,0.05,Completed
ORD11689,17-10-2026,CUS1004,Kiran Kumar,P007,3,0.1,Completed
ORD11970,17-10-2026,CUS1005,Vikram Singh,P006,3,0.05,Completed
ORD11995,17-10-2026,CUS1005,Amit Sharma,P006,3,0.05,Completed
ORD12058,17-10-2026,CUS1001,Anjali Mehta,P007,1,0.0,Cancelled
ORD13079,17-10-2026,CUS1018,Amit Sharma,P010,4,0.05,Completed
ORD13489,17-10-2026,CUS1013,Anjali Mehta,P006,3,0.05,Completed
ORD13621,17-10-2026,CUS1016,Priya Nair,P004,2,0.0,Completed
ORD13630,17-10-2026,CUS1005,Priya Nair,P002,5,0.05,Completed
ORD14550,17-10-2026,CUS1001,Sneha Rao,P002,3,0.05,Completed
ORD14932,17-10-2026,CUS1018,Kiran Kumar,P006,3,0.05,Completed
ORD14939,17-10-2026,CUS1012,Amit Sharma,P007,1,0.0,Completed
ORD10991,18-10-2026,CUS1001,Priya Nair,P010,2,0.15,Completed
ORD11206,18-10-2026,CUS1002,Priya Nair,P005,1,0.1,Completed
ORD11429,18-10-2026,CUS1010,Amit Sharma,P002,3,0.05,Completed
ORD11441,18-10-2026,CUS1001,Amit Sharma,P009,2,0.0,Completed
ORD11646,18-10-2026,CUS1013,Priya Nair,P004,3,0.15,Completed
ORD11666,18-10-2026,CUS1020,Sneha Rao,P007,1,0.15,Completed
ORD11891,18-10-2026,CUS1017,Vikram Singh,P001,1,0.15,Completed
ORD12290,18-10-2026,CUS1012,Anjali Mehta,P005,2,0.0,Completed
ORD12609,18-10-2026,CUS1014,Anjali Mehta,P001,2,0.05,Completed
ORD13053,18-10-2026,CUS1007,Kiran Kumar,P001,1,0.05,Completed
ORD13330,18-10-2026,CUS1020,Vikram Singh,P004,3,0.0,Completed
ORD13353,18-10-2026,CUS1019,Anjali Mehta,P008,6,0.1,Completed
ORD13426,18-10-2026,CUS1010,Amit Sharma,P004,5,0.0,Returned
ORD13941,18-10-2026,CUS1015,Anjali Mehta,P010,1,0.1,Completed
ORD14527,18-10-2026,CUS1013,Sneha Rao,P007,3,0.15,Completed
ORD14639,18-10-2026,CUS1007,Rahul Verma,P009,1,0.05,Completed
ORD10104,19-10-2026,CUS1005,Sneha Rao,P007,3,0.05,Completed
ORD10143,19-10-2026,CUS1013,Anjali Mehta,P007,1,0.0,Completed
ORD10228,19-10-2026,CUS1004,Amit Sharma,P009,2,0.1,Completed
ORD10379,19-10-2026,CUS1020,Kiran Kumar,P001,1,0.0,Completed
ORD10544,19-10-2026,CUS1003,Vikram Singh,P007,1,0.05,Completed
ORD10745,19-10-2026,CUS1016,Vikram Singh,P002,9,0.1,Completed
ORD10978,19-10-2026,CUS1005,Rahul Verma,P002,2,0.1,Completed
ORD11061,19-10-2026,CUS1020,Amit Sharma,P001,1,0.0,Completed
ORD11239,19-10-2026,CUS1009,Kiran Kumar,P007,6,0.2,Completed
ORD11503,19-10-2026,CUS1020,Sneha Rao,P007,1,0.1,Completed
ORD11904,19-10-2026,CUS1019,Sneha Rao,P009,1,0.05,Completed
ORD12098,19-10-2026,CUS1020,Vikram Singh,P009,8,0.1,Cancelled
ORD12220,19-10-2026,CUS1005,Rahul Verma,P009,1,0.05,Completed
ORD12718,19-10-2026,CUS1002,Kiran Kumar,P007,7,0.15,Completed
ORD12803,19-10-2026,CUS1020,Anjali Mehta,P002,1,0.05,Completed
ORD13562,19-10-2026,CUS1020,Amit Sharma,P007,1,0.2,Completed
ORD13745,19-10-2026,CUS1020,Amit Sharma,P006,2,0.05,Completed
ORD14489,19-10-2026,CUS1016,Priya Nair,P002,4,0.05,Cancelled
ORD14640,19-10-2026,CUS1020,Priya Nair,P001,2,0.15,Completed
ORD10023,20-10-2026,CUS1017,Anjali Mehta,P007,3,0.1,Completed
ORD10539,20-10-2026,CUS1007,Anjali Mehta,P009,3,0.0,Completed
ORD10576,20-10-2026,CUS1013,Vikram Singh,P002,6,0.0,Completed
ORD10786,20-10-2026,CUS1002,Kiran Kumar,P001,6,0.1,Completed
ORD11320,20-10-2026,CUS1012,Amit Sharma,P007,6,0.05,Completed
ORD11373,20-10-2026,CUS1013,Amit Sharma,P009,7,0.15,Completed
ORD11511,20-10-2026,CUS1001,Kiran Kumar,P010,8,0.0,Completed
ORD11581,20-10-2026,CUS1009,Amit Sharma,P003,2,0.05,Completed
ORD11841,20-10-2026,CUS1012,Vikram Singh,P005,4,0.15,Completed
ORD13073,20-10-2026,CUS1018,Anjali Mehta,P007,2,0.1,Completed
ORD14035,20-10-2026,CUS1003,Anjali Mehta,P009,2,0.05,Completed
ORD14562,20-10-2026,CUS1020,Neha Joshi,P001,5,0.05,Completed
ORD14585,20-10-2026,CUS1011,Vikram Singh,P001,2,0.1,Completed
ORD14680,20-10-2026,CUS1012,Amit Sharma,P002,1,0.05,Returned
ORD14848,20-10-2026,CUS1013,Amit Sharma,P007,1,0.05,Completed
ORD10503,21-10-2026,CUS1019,Priya Nair,P008,1,0.0,Completed
ORD11969,21-10-2026,CUS1010,Kiran Kumar,P002,3,0.15,Completed
ORD12389,21-10-2026,CUS1001,Anjali Mehta,P009,4,0.0,Completed
ORD12444,21-10-2026,CUS1010,Vikram Singh,P007,2,0.0,Completed
ORD12463,21-10-2026,CUS1015,Sneha Rao,P007,3,0.05,Completed
ORD12601,21-10-2026,CUS1003,Amit Sharma,P007,5,0.1,Completed
ORD12738,21-10-2026,CUS1007,Anjali Mehta,P001,4,0.15,Completed
ORD13251,21-10-2026,CUS1016,Rahul Verma,P007,9,0.05,Completed
ORD14684,21-10-2026,CUS1018,Anjali Mehta,P001,3,0.0,Completed
ORD10394,22-10-2026,CUS1009,Vikram Singh,P007,3,0.1,Completed
ORD10858,22-10-2026,CUS1017,Neha Joshi,P006,3,0.0,Completed
ORD11240,22-10-2026,CUS1011,Rahul Verma,P004,3,0.0,Completed
ORD11280,22-10-2026,CUS1012,Priya Nair,P005,4,0.15,Completed
ORD11481,22-10-2026,CUS1012,Sneha Rao,P007,1,0.05,Completed
ORD11895,22-10-2026,CUS1016,Amit Sharma,P001,3,0.0,Cancelled
ORD12246,22-10-2026,CUS1015,Vikram Singh,P001,3,0.1,Completed
ORD12267,22-10-2026,CUS1007,Vikram Singh,P006,3,0.15,Completed
ORD12368,22-10-2026,CUS1015,Priya Nair,P004,6,0.05,Completed
ORD12442,22-10-2026,CUS1007,Kiran Kumar,P005,1,0.15,Cancelled
ORD12888,22-10-2026,CUS1012,Vikram Singh,P002,3,0.2,Completed
ORD12946,22-10-2026,CUS1013,Kiran Kumar,P001,1,0.2,Completed
ORD13046,22-10-2026,CUS1001,Anjali Mehta,P002,4,0.0,Completed
ORD13280,22-10-2026,CUS1002,Priya Nair,P001,3,0.15,Completed
ORD13555,22-10-2026,CUS1020,Rahul Verma,P002,4,0.05,Completed
ORD13724,22-10-2026,CUS1012,Vikram Singh,P001,3,0.0,Completed
ORD13878,22-10-2026,CUS1016,Sneha Rao,P002,1,0.15,Completed
ORD13936,22-10-2026,CUS1016,Sneha Rao,P002,1,0.0,Completed
ORD14068,22-10-2026,CUS1011,Kiran Kumar,P005,4,0.05,Completed
ORD14092,22-10-2026,CUS1020,Amit Sharma,P007,2,0.05,Completed
ORD14104,22-10-2026,CUS1003,Anjali Mehta,P001,3,0.0,Completed
ORD14273,22-10-2026,CUS1012,Anjali Mehta,P007,5,0.0,Completed
ORD14378,22-10-2026,CUS1019,Anjali Mehta,P003,1,0.05,Completed
ORD14988,22-10-2026,CUS1010,Kiran Kumar,P009,6,0.0,Completed
ORD10037,23-10-2026,CUS1002,Rahul Verma,P007,3,0.1,Cancelled
ORD10152,23-10-2026,CUS1005,Amit Sharma,P008,4,0.05,Completed
ORD10720,23-10-2026,CUS1011,Amit Sharma,P005,1,0.05,Completed
ORD11278,23-10-2026,CUS1007,Priya Nair,P006,1,0.15,Completed
ORD11463,23-10-2026,CUS1006,Amit Sharma,P004,1,0.0,Completed
ORD11687,23-10-2026,CUS1012,Kiran Kumar,P002,3,0.0,Completed
ORD11821,23-10-2026,CUS1011,Anjali Mehta,P004,2,0.0,Completed
ORD11858,23-10-2026,CUS1018,Anjali Mehta,P009,3,0.0,Cancelled
ORD11885,23-10-2026,CUS1019,Vikram Singh,P007,1,0.0,Completed
ORD12196,23-10-2026,CUS1009,Anjali Mehta,P008,6,0.05,Completed
ORD12346,23-10-2026,CUS1012,Amit Sharma,P008,10,0.0,Returned
ORD12470,23-10-2026,CUS1013,Amit Sharma,P006,1,0.0,Completed
ORD12805,23-10-2026,CUS1014,Kiran Kumar,P010,3,0.1,Completed
ORD12884,23-10-2026,CUS1016,Vikram Singh,P010,1,0.05,Completed
ORD13211,23-10-2026,CUS1017,Vikram Singh,P007,1,0.1,Completed
ORD13277,23-10-2026,CUS1008,Anjali Mehta,P009,1,0.05,Cancelled
ORD13379,23-10-2026,CUS1007,Anjali Mehta,P007,1,0.0,Completed
ORD14153,23-10-2026,CUS1009,Amit Sharma,P001,1,0.0,Completed
ORD14497,23-10-2026,CUS1007,Kiran Kumar,P009,1,0.05,Completed
ORD14539,23-10-2026,CUS1012,Priya Nair,P008,4,0.1,Completed
ORD14610,23-10-2026,CUS1019,Vikram Singh,P009,6,0.05,Completed
ORD14956,23-10-2026,CUS1006,Kiran Kumar,P004,4,0.05,Completed
ORD14981,23-10-2026,CUS1002,Vikram Singh,P007,1,0.1,Completed
ORD10280,24-10-2026,CUS1010,Amit Sharma,P009,1,0.0,Cancelled
ORD10417,24-10-2026,CUS1020,Sneha Rao,P010,1,0.1,Completed
ORD10590,24-10-2026,CUS1017,Sneha Rao,P007,3,0.1,Completed
ORD10877,24-10-2026,CUS1009,Anjali Mehta,P009,1,0.1,Completed
ORD10944,24-10-2026,CUS1017,Vikram Singh,P008,2,0.0,Completed
ORD11545,24-10-2026,CUS1002,Amit Sharma,P009,4,0.1,Completed
ORD11650,24-10-2026,CUS1016,Anjali Mehta,P006,2,0.0,Completed
ORD11752,24-10-2026,CUS1016,Vikram Singh,P009,1,0.0,Completed
ORD12018,24-10-2026,CUS1009,Kiran Kumar,P004,1,0.0,Completed
ORD12174,24-10-2026,CUS1015,Amit Sharma,P002,2,0.05,Completed
ORD12521,24-10-2026,CUS1012,Sneha Rao,P009,4,0.2,Completed
ORD12645,24-10-2026,CUS1010,Sneha Rao,P010,3,0.1,Completed
ORD13359,24-10-2026,CUS1018,Anjali Mehta,P009,3,0.0,Completed
ORD13415,24-10-2026,CUS1020,Anjali Mehta,P004,4,0.0,Completed
ORD13567,24-10-2026,CUS1017,Sneha Rao,P009,1,0.05,Completed
ORD13743,24-10-2026,CUS1002,Anjali Mehta,P002,2,0.15,Completed
ORD13777,24-10-2026,CUS1017,Amit Sharma,P009,8,0.1,Completed
ORD14086,24-10-2026,CUS1007,Amit Sharma,P004,5,0.05,Completed
ORD14174,24-10-2026,CUS1014,Neha Joshi,P003,7,0.05,Completed
ORD14899,24-10-2026,CUS1012,Sneha Rao,P009,2,0.05,Cancelled
ORD14914,24-10-2026,CUS1002,Sneha Rao,P002,2,0.1,Completed
ORD10514,25-10-2026,CUS1017,Amit Sharma,P009,1,0.0,Completed
ORD10813,25-10-2026,CUS1018,Amit Sharma,P003,1,0.1,Completed
ORD11272,25-10-2026,CUS1011,Priya Nair,P002,1,0.0,Completed
ORD11497,25-10-2026,CUS1017,Anjali Mehta,P009,2,0.0,Completed
ORD12587,25-10-2026,CUS1002,Rahul Verma,P007,3,0.0,Completed
ORD12711,25-10-2026,CUS1020,Kiran Kumar,P004,9,0.1,Completed
ORD12988,25-10-2026,CUS1012,Kiran Kumar,P007,1,0.1,Completed
ORD13436,25-10-2026,CUS1012,Sneha Rao,P004,1,0.05,Completed
ORD13453,25-10-2026,CUS1012,Priya Nair,P002,6,0.0,Completed
ORD13735,25-10-2026,CUS1011,Priya Nair,P004,2,0.05,Completed
ORD13971,25-10-2026,CUS1004,Neha Joshi,P006,9,0.05,Completed
ORD10030,26-10-2026,CUS1005,Anjali Mehta,P007,2,0.1,Cancelled
ORD10810,26-10-2026,CUS1003,Amit Sharma,P010,5,0.05,Completed
ORD11694,26-10-2026,CUS1011,Sneha Rao,P001,1,0.05,Completed
ORD12107,26-10-2026,CUS1011,Neha Joshi,P008,3,0.05,Returned
ORD12815,26-10-2026,CUS1011,Anjali Mehta,P004,1,0.05,Cancelled
ORD13895,26-10-2026,CUS1002,Rahul Verma,P001,1,0.0,Completed
ORD13963,26-10-2026,CUS1011,Kiran Kumar,P007,1,0.05,Cancelled
ORD13978,26-10-2026,CUS1016,Kiran Kumar,P007,7,0.1,Completed
ORD14034,26-10-2026,CUS1005,Priya Nair,P003,3,0.05,Completed
ORD14415,26-10-2026,CUS1004,Rahul Verma,P008,2,0.0,Completed
ORD14738,26-10-2026,CUS1016,Vikram Singh,P009,7,0.1,Completed
ORD10049,27-10-2026,CUS1018,Amit Sharma,P008,1,0.15,Completed
ORD10058,27-10-2026,CUS1018,Sneha Rao,P008,5,0.0,Completed
ORD10728,27-10-2026,CUS1003,Amit Sharma,P002,1,0.0,Completed
ORD10903,27-10-2026,CUS1005,Neha Joshi,P008,1,0.05,Completed
ORD11759,27-10-2026,CUS1016,Neha Joshi,P001,7,0.0,Returned
ORD11930,27-10-2026,CUS1015,Rahul Verma,P001,5,0.0,Completed
ORD12568,27-10-2026,CUS1019,Kiran Kumar,P009,4,0.0,Completed
ORD12651,27-10-2026,CUS1011,Amit Sharma,P004,2,0.05,Completed
ORD12998,27-10-2026,CUS1013,Amit Sharma,P009,4,0.0,Completed
ORD14333,27-10-2026,CUS1007,Anjali Mehta,P001,1,0.0,Completed
ORD14604,27-10-2026,CUS1012,Vikram Singh,P006,5,0.0,Completed
ORD14850,27-10-2026,CUS1001,Anjali Mehta,P001,1,0.1,Completed
ORD14871,27-10-2026,CUS1005,Kiran Kumar,P006,7,0.15,Returned
ORD14874,27-10-2026,CUS1013,Sneha Rao,P006,1,0.05,Completed
ORD10477,28-10-2026,CUS1014,Rahul Verma,P002,2,0.1,Completed
ORD10552,28-10-2026,CUS1017,Vikram Singh,P006,8,0.1,Completed
ORD10587,28-10-2026,CUS1005,Amit Sharma,P008,3,0.1,Completed
ORD10647,28-10-2026,CUS1019,Neha Joshi,P004,3,0.05,Cancelled
ORD11406,28-10-2026,CUS1011,Kiran Kumar,P007,1,0.0,Completed
ORD11465,28-10-2026,CUS1017,Amit Sharma,P002,1,0.0,Completed
ORD11560,28-10-2026,CUS1010,Kiran Kumar,P007,4,0.15,Completed
ORD11709,28-10-2026,CUS1012,Vikram Singh,P001,5,0.1,Completed
ORD11831,28-10-2026,CUS1020,Amit Sharma,P009,3,0.0,Completed
ORD12308,28-10-2026,CUS1005,Priya Nair,P005,5,0.0,Completed
ORD12887,28-10-2026,CUS1014,Amit Sharma,P002,3,0.15,Completed
ORD12983,28-10-2026,CUS1017,Rahul Verma,P007,5,0.05,Completed
ORD13115,28-10-2026,CUS1013,Anjali Mehta,P009,8,0.15,Completed
ORD13556,28-10-2026,CUS1010,Anjali Mehta,P004,1,0.15,Completed
ORD13587,28-10-2026,CUS1020,Amit Sharma,P007,3,0.0,Completed
ORD13817,28-10-2026,CUS1005,Vikram Singh,P008,5,0.05,Completed
ORD14927,28-10-2026,CUS1020,Amit Sharma,P010,1,0.05,Cancelled
ORD10436,29-10-2026,CUS1020,Kiran Kumar,P007,1,0.0,Completed
ORD10807,29-10-2026,CUS1001,Sneha Rao,P008,2,0.0,Completed
ORD10892,29-10-2026,CUS1019,Kiran Kumar,P008,2,0.1,Completed
ORD11080,29-10-2026,CUS1012,Kiran Kumar,P008,5,0.05,Completed
ORD11114,29-10-2026,CUS1001,Anjali Mehta,P001,3,0.15,Completed
ORD11641,29-10-2026,CUS1001,Kiran Kumar,P002,1,0.1,Completed
ORD12224,29-10-2026,CUS1011,Vikram Singh,P001,5,0.0,Completed
ORD12694,29-10-2026,CUS1005,Kiran Kumar,P001,2,0.0,Completed
ORD12880,29-10-2026,CUS1016,Amit Sharma,P008,2,0.05,Completed
ORD13446,29-10-2026,CUS1013,Amit Sharma,P004,1,0.05,Completed
ORD13726,29-10-2026,CUS1017,Anjali Mehta,P001,5,0.05,Completed
ORD13900,29-10-2026,CUS1002,Sneha Rao,P004,5,0.1,Completed
ORD14192,29-10-2026,CUS1005,Sneha Rao,P004,5,0.05,Completed
ORD14614,29-10-2026,CUS1016,Kiran Kumar,P003,6,0.05,Completed
ORD14726,29-10-2026,CUS1005,Vikram Singh,P008,3,0.15,Completed
ORD10115,30-10-2026,CUS1012,Kiran Kumar,P008,5,0.05,Completed
ORD10147,30-10-2026,CUS1012,Sneha Rao,P001,2,0.0,Completed
ORD10420,30-10-2026,CUS1016,Amit Sharma,P002,1,0.0,Completed
ORD10424,30-10-2026,CUS1002,Sneha Rao,P006,2,0.05,Completed
ORD10500,30-10-2026,CUS1015,Anjali Mehta,P003,3,0.15,Completed
ORD10852,30-10-2026,CUS1018,Neha Joshi,P007,3,0.15,Completed
ORD11077,30-10-2026,CUS1002,Amit Sharma,P001,4,0.1,Returned
ORD11279,30-10-2026,CUS1004,Vikram Singh,P004,1,0.0,Completed
ORD11381,30-10-2026,CUS1015,Priya Nair,P010,2,0.1,Completed
ORD12427,30-10-2026,CUS1005,Sneha Rao,P009,8,0.15,Completed
ORD12451,30-10-2026,CUS1007,Amit Sharma,P004,4,0.0,Completed
ORD12860,30-10-2026,CUS1011,Amit Sharma,P005,1,0.0,Cancelled
ORD13042,30-10-2026,CUS1017,Rahul Verma,P009,1,0.0,Completed
ORD10347,31-10-2026,CUS1009,Sneha Rao,P007,4,0.0,Completed
ORD10369,31-10-2026,CUS1007,Amit Sharma,P009,1,0.0,Cancelled
ORD10416,31-10-2026,CUS1016,Vikram Singh,P003,5,0.2,Completed
ORD12135,31-10-2026,CUS1016,Vikram Singh,P003,1,0.05,Completed
ORD12821,31-10-2026,CUS1017,Neha Joshi,P009,2,0.15,Cancelled
ORD12987,31-10-2026,CUS1016,Anjali Mehta,P004,4,0.05,Completed
ORD13085,31-10-2026,CUS1012,Sneha Rao,P007,3,0.0,Completed
ORD13113,31-10-2026,CUS1011,Kiran Kumar,P007,3,0.1,Completed
ORD13245,31-10-2026,CUS1001,Vikram Singh,P004,2,0.0,Completed
ORD13362,31-10-2026,CUS1005,Amit Sharma,P008,1,0.05,Returned
ORD13501,31-10-2026,CUS1015,Kiran Kumar,P004,5,0.05,Cancelled
ORD13877,31-10-2026,CUS1011,Kiran Kumar,P009,3,0.05,Cancelled
ORD13915,31-10-2026,CUS1002,Anjali Mehta,P004,4,0.15,Completed
ORD14037,31-10-2026,CUS1012,Priya Nair,P002,5,0.1,Completed
ORD14063,31-10-2026,CUS1020,Anjali Mehta,P004,2,0.0,Completed
ORD14476,31-10-2026,CUS1018,Kiran Kumar,P007,1,0.1,Cancelled
ORD14906,31-10-2026,CUS1015,Amit Sharma,P003,2,0.05,Completed
ORD10245,01-11-2026,CUS1020,Anjali Mehta,P002,5,0.1,Completed
ORD11230,01-11-2026,CUS1012,Vikram Singh,P001,1,0.1,Completed
ORD11517,01-11-2026,CUS1016,Sneha Rao,P002,1,0.1,Completed
ORD11616,01-11-2026,CUS1004,Rahul Verma,P001,4,0.0,Completed
ORD12035,01-11-2026,CUS1013,Kiran Kumar,P008,10,0.05,Completed
ORD12602,01-11-2026,CUS1005,Amit Sharma,P008,8,0.15,Completed
ORD13083,01-11-2026,CUS1002,Amit Sharma,P006,1,0.05,Completed
ORD13716,01-11-2026,CUS1013,Vikram Singh,P001,1,0.05,Completed
ORD13875,01-11-2026,CUS1005,Anjali Mehta,P008,1,0.05,Completed
ORD14440,01-11-2026,CUS1020,Vikram Singh,P007,8,0.05,Completed
ORD14477,01-11-2026,CUS1013,Rahul Verma,P010,4,0.1,Completed
ORD14564,01-11-2026,CUS1002,Sneha Rao,P007,2,0.0,Completed
ORD10151,02-11-2026,CUS1002,Amit Sharma,P010,7,0.0,Completed
ORD10278,02-11-2026,CUS1005,Sneha Rao,P007,3,0.15,Cancelled
ORD10650,02-11-2026,CUS1019,Anjali Mehta,P007,7,0.05,Completed
ORD11454,02-11-2026,CUS1004,Amit Sharma,P006,1,0.0,Completed
ORD11501,02-11-2026,CUS1002,Anjali Mehta,P009,3,0.15,Completed
ORD11640,02-11-2026,CUS1019,Amit Sharma,P004,2,0.15,Completed
ORD11982,02-11-2026,CUS1009,Vikram Singh,P009,1,0.05,Completed
ORD12120,02-11-2026,CUS1001,Vikram Singh,P004,6,0.1,Completed
ORD12908,02-11-2026,CUS1010,Kiran Kumar,P009,3,0.05,Returned
ORD12942,02-11-2026,CUS1004,Sneha Rao,P009,3,0.1,Completed
ORD12984,02-11-2026,CUS1011,Amit Sharma,P002,1,0.0,Completed
ORD13442,02-11-2026,CUS1010,Kiran Kumar,P002,10,0.1,Completed
ORD14005,02-11-2026,CUS1001,Amit Sharma,P004,1,0.05,Completed
ORD14014,02-11-2026,CUS1015,Priya Nair,P007,3,0.15,Completed
ORD14224,02-11-2026,CUS1001,Amit Sharma,P009,5,0.0,Cancelled
ORD14512,02-11-2026,CUS1010,Rahul Verma,P009,3,0.05,Completed
ORD14628,02-11-2026,CUS1005,Anjali Mehta,P002,2,0.0,Completed
ORD14796,02-11-2026,CUS1019,Sneha Rao,P006,1,0.05,Completed
ORD10828,03-11-2026,CUS1017,Anjali Mehta,P007,1,0.05,Completed
ORD10997,03-11-2026,CUS1009,Kiran Kumar,P002,1,0.15,Completed
ORD11131,03-11-2026,CUS1005,Vikram Singh,P007,1,0.1,Completed
ORD11186,03-11-2026,CUS1013,Amit Sharma,P004,3,0.0,Completed
ORD11284,03-11-2026,CUS1009,Anjali Mehta,P004,2,0.15,Completed
ORD11428,03-11-2026,CUS1013,Anjali Mehta,P008,2,0.05,Completed
ORD11625,03-11-2026,CUS1019,Amit Sharma,P001,5,0.05,Completed
ORD11917,03-11-2026,CUS1020,Sneha Rao,P004,3,0.15,Completed
ORD12728,03-11-2026,CUS1002,Neha Joshi,P010,1,0.2,Completed
ORD13403,03-11-2026,CUS1004,Neha Joshi,P007,2,0.05,Cancelled
ORD13405,03-11-2026,CUS1020,Sneha Rao,P002,2,0.15,Completed
ORD13546,03-11-2026,CUS1007,Vikram Singh,P007,4,0.0,Completed
ORD13688,03-11-2026,CUS1019,Rahul Verma,P004,3,0.05,Completed
ORD13748,03-11-2026,CUS1001,Kiran Kumar,P001,4,0.0,Completed
ORD14047,03-11-2026,CUS1017,Amit Sharma,P009,3,0.0,Completed
ORD14085,03-11-2026,CUS1011,Anjali Mehta,P008,1,0.0,Completed
ORD14218,03-11-2026,CUS1008,Vikram Singh,P009,4,0.2,Completed
ORD14328,03-11-2026,CUS1019,Vikram Singh,P009,3,0.0,Returned
ORD14598,03-11-2026,CUS1011,Sneha Rao,P002,5,0.05,Cancelled
ORD10033,04-11-2026,CUS1005,Anjali Mehta,P004,1,0.0,Completed
ORD10092,04-11-2026,CUS1019,Anjali Mehta,P001,8,0.1,Cancelled
ORD10196,04-11-2026,CUS1008,Amit Sharma,P008,1,0.15,Completed
ORD10729,04-11-2026,CUS1012,Neha Joshi,P009,1,0.1,Completed
ORD11242,04-11-2026,CUS1008,Rahul Verma,P008,2,0.05,Completed
ORD11265,04-11-2026,CUS1010,Neha Joshi,P001,6,0.0,Completed
ORD11920,04-11-2026,CUS1013,Neha Joshi,P003,1,0.0,Completed
ORD12739,04-11-2026,CUS1001,Anjali Mehta,P004,3,0.0,Completed
ORD13233,04-11-2026,CUS1007,Sneha Rao,P009,2,0.05,Completed
ORD13585,04-11-2026,CUS1019,Vikram Singh,P004,1,0.2,Completed
ORD14117,04-11-2026,CUS1008,Amit Sharma,P007,4,0.05,Completed
ORD14276,04-11-2026,CUS1012,Vikram Singh,P007,1,0.05,Completed
ORD14414,04-11-2026,CUS1010,Amit Sharma,P004,2,0.0,Completed
ORD14797,04-11-2026,CUS1010,Kiran Kumar,P009,4,0.1,Completed
ORD14831,04-11-2026,CUS1006,Anjali Mehta,P007,2,0.0,Completed
ORD14883,04-11-2026,CUS1020,Sneha Rao,P009,3,0.1,Cancelled
ORD10800,05-11-2026,CUS1005,Vikram Singh,P009,1,0.05,Completed
ORD12073,05-11-2026,CUS1017,Anjali Mehta,P007,2,0.0,Completed
ORD12151,05-11-2026,CUS1011,Anjali Mehta,P007,4,0.05,Returned
ORD12614,05-11-2026,CUS1016,Neha Joshi,P001,9,0.0,Completed
ORD13348,05-11-2026,CUS1004,Amit Sharma,P007,2,0.0,Completed
ORD13637,05-11-2026,CUS1016,Amit Sharma,P009,6,0.2,Completed
ORD14022,05-11-2026,CUS1004,Sneha Rao,P010,5,0.05,Completed
ORD14129,05-11-2026,CUS1004,Vikram Singh,P008,2,0.1,Completed
ORD14522,05-11-2026,CUS1013,Priya Nair,P009,1,0.15,Completed
ORD14941,05-11-2026,CUS1017,Amit Sharma,P009,1,0.2,Completed
ORD10332,06-11-2026,CUS1016,Amit Sharma,P002,1,0.05,Completed
ORD10386,06-11-2026,CUS1012,Anjali Mehta,P002,3,0.0,Completed
ORD10412,06-11-2026,CUS1010,Amit Sharma,P010,1,0.05,Completed
ORD10550,06-11-2026,CUS1003,Amit Sharma,P008,1,0.15,Completed
ORD10661,06-11-2026,CUS1015,Anjali Mehta,P001,2,0.0,Completed
ORD11107,06-11-2026,CUS1006,Kiran Kumar,P007,3,0.1,Completed
ORD11613,06-11-2026,CUS1020,Vikram Singh,P006,1,0.1,Completed
ORD11956,06-11-2026,CUS1017,Sneha Rao,P005,3,0.0,Completed
ORD12000,06-11-2026,CUS1019,Kiran Kumar,P004,3,0.1,Completed
ORD12475,06-11-2026,CUS1018,Anjali Mehta,P009,7,0.05,Completed
ORD13695,06-11-2026,CUS1016,Anjali Mehta,P008,4,0.0,Completed
ORD13807,06-11-2026,CUS1014,Amit Sharma,P007,2,0.1,Completed
ORD13947,06-11-2026,CUS1013,Sneha Rao,P008,4,0.05,Completed
ORD14197,06-11-2026,CUS1011,Anjali Mehta,P010,8,0.0,Completed
ORD14568,06-11-2026,CUS1020,Priya Nair,P001,5,0.15,Completed
ORD10082,07-11-2026,CUS1004,Sneha Rao,P001,5,0.05,Completed
ORD10555,07-11-2026,CUS1017,Amit Sharma,P006,6,0.1,Completed
ORD10727,07-11-2026,CUS1019,Kiran Kumar,P009,6,0.0,Completed
ORD11758,07-11-2026,CUS1013,Sneha Rao,P004,1,0.1,Completed
ORD12243,07-11-2026,CUS1002,Anjali Mehta,P006,4,0.05,Completed
ORD12281,07-11-2026,CUS1018,Sneha Rao,P010,2,0.0,Completed
ORD12778,07-11-2026,CUS1019,Kiran Kumar,P002,3,0.0,Completed
ORD12804,07-11-2026,CUS1017,Vikram Singh,P001,2,0.0,Completed
ORD13534,07-11-2026,CUS1005,Vikram Singh,P005,2,0.05,Completed
ORD13988,07-11-2026,CUS1008,Neha Joshi,P008,3,0.1,Completed
ORD14130,07-11-2026,CUS1013,Sneha Rao,P001,3,0.0,Completed
ORD14157,07-11-2026,CUS1019,Neha Joshi,P005,4,0.1,Completed
ORD10453,08-11-2026,CUS1002,Kiran Kumar,P003,9,0.05,Completed
ORD10651,08-11-2026,CUS1002,Priya Nair,P010,2,0.05,Completed
ORD10670,08-11-2026,CUS1013,Anjali Mehta,P009,2,0.0,Completed
ORD10756,08-11-2026,CUS1014,Sneha Rao,P001,1,0.1,Completed
ORD10890,08-11-2026,CUS1002,Kiran Kumar,P006,2,0.1,Completed
ORD10988,08-11-2026,CUS1006,Kiran Kumar,P003,1,0.0,Completed
ORD11161,08-11-2026,CUS1017,Sneha Rao,P009,3,0.0,Completed
ORD11243,08-11-2026,CUS1001,Amit Sharma,P008,9,0.1,Cancelled
ORD11835,08-11-2026,CUS1014,Amit Sharma,P007,2,0.1,Cancelled
ORD12003,08-11-2026,CUS1017,Amit Sharma,P004,1,0.0,Completed
ORD12298,08-11-2026,CUS1012,Vikram Singh,P006,2,0.05,Completed
ORD12490,08-11-2026,CUS1011,Amit Sharma,P003,1,0.1,Completed
ORD13112,08-11-2026,CUS1009,Priya Nair,P002,2,0.1,Completed
ORD13216,08-11-2026,CUS1009,Anjali Mehta,P009,3,0.05,Completed
ORD13226,08-11-2026,CUS1013,Priya Nair,P008,2,0.05,Completed
ORD13497,08-11-2026,CUS1011,Priya Nair,P002,1,0.1,Completed
ORD13960,08-11-2026,CUS1013,Anjali Mehta,P007,2,0.0,Completed
ORD14272,08-11-2026,CUS1005,Anjali Mehta,P010,1,0.05,Completed
ORD14448,08-11-2026,CUS1011,Vikram Singh,P009,10,0.15,Completed
ORD10317,09-11-2026,CUS1011,Anjali Mehta,P009,3,0.1,Returned
ORD10752,09-11-2026,CUS1008,Anjali Mehta,P002,3,0.05,Completed
ORD11924,09-11-2026,CUS1018,Vikram Singh,P001,3,0.2,Returned
ORD11971,09-11-2026,CUS1019,Amit Sharma,P001,1,0.2,Completed
ORD11988,09-11-2026,CUS1012,Kiran Kumar,P003,3,0.0,Completed
ORD12230,09-11-2026,CUS1014,Kiran Kumar,P009,5,0.05,Completed
ORD12731,09-11-2026,CUS1002,Vikram Singh,P009,1,0.15,Completed
ORD12802,09-11-2026,CUS1007,Priya Nair,P009,3,0.1,Completed
ORD13762,09-11-2026,CUS1016,Vikram Singh,P003,1,0.0,Completed
ORD13839,09-11-2026,CUS1016,Vikram Singh,P010,1,0.1,Completed
ORD13910,09-11-2026,CUS1016,Kiran Kumar,P007,4,0.0,Completed
ORD14784,09-11-2026,CUS1020,Amit Sharma,P004,8,0.15,Completed
ORD14803,09-11-2026,CUS1020,Amit Sharma,P003,1,0.0,Completed
ORD14984,09-11-2026,CUS1013,Sneha Rao,P005,6,0.1,Completed
ORD10455,10-11-2026,CUS1002,Amit Sharma,P002,2,0.05,Completed
ORD10485,10-11-2026,CUS1004,Kiran Kumar,P002,6,0.1,Completed
ORD12066,10-11-2026,CUS1012,Priya Nair,P002,1,0.0,Completed
ORD12454,10-11-2026,CUS1002,Sneha Rao,P004,4,0.2,Completed
ORD12540,10-11-2026,CUS1013,Anjali Mehta,P004,3,0.0,Completed
ORD12566,10-11-2026,CUS1020,Anjali Mehta,P004,1,0.15,Completed
ORD12755,10-11-2026,CUS1007,Amit Sharma,P009,2,0.0,Cancelled
ORD12893,10-11-2026,CUS1009,Kiran Kumar,P001,9,0.05,Completed
ORD12976,10-11-2026,CUS1016,Kiran Kumar,P002,2,0.1,Completed
ORD13303,10-11-2026,CUS1005,Kiran Kumar,P007,4,0.05,Completed
ORD13355,10-11-2026,CUS1012,Neha Joshi,P003,3,0.1,Completed
ORD13673,10-11-2026,CUS1019,Kiran Kumar,P005,1,0.1,Completed
ORD13782,10-11-2026,CUS1010,Rahul Verma,P002,1,0.15,Completed
ORD13923,10-11-2026,CUS1018,Amit Sharma,P002,1,0.1,Completed
ORD14430,10-11-2026,CUS1014,Vikram Singh,P004,2,0.0,Completed
ORD14574,10-11-2026,CUS1016,Amit Sharma,P001,1,0.05,Completed
ORD10125,11-11-2026,CUS1001,Priya Nair,P004,2,0.15,Completed
ORD10372,11-11-2026,CUS1006,Rahul Verma,P010,2,0.0,Completed
ORD10387,11-11-2026,CUS1002,Kiran Kumar,P010,1,0.1,Completed
ORD10571,11-11-2026,CUS1016,Anjali Mehta,P008,1,0.05,Completed
ORD11179,11-11-2026,CUS1007,Amit Sharma,P006,2,0.05,Returned
ORD11772,11-11-2026,CUS1008,Rahul Verma,P001,1,0.0,Completed
ORD12257,11-11-2026,CUS1007,Rahul Verma,P002,1,0.15,Completed
ORD12434,11-11-2026,CUS1002,Vikram Singh,P004,5,0.0,Cancelled
ORD12799,11-11-2026,CUS1011,Amit Sharma,P007,3,0.0,Completed
ORD13331,11-11-2026,CUS1017,Amit Sharma,P010,2,0.0,Completed
ORD13757,11-11-2026,CUS1015,Vikram Singh,P002,8,0.15,Completed
ORD14741,11-11-2026,CUS1005,Kiran Kumar,P007,9,0.1,Completed
ORD10091,12-11-2026,CUS1020,Anjali Mehta,P004,1,0.0,Cancelled
ORD10123,12-11-2026,CUS1009,Vikram Singh,P009,2,0.0,Completed
ORD10180,12-11-2026,CUS1016,Kiran Kumar,P002,5,0.2,Completed
ORD10549,12-11-2026,CUS1005,Rahul Verma,P001,2,0.2,Completed
ORD11628,12-11-2026,CUS1018,Neha Joshi,P007,1,0.0,Completed
ORD11867,12-11-2026,CUS1013,Priya Nair,P002,5,0.0,Completed
ORD12334,12-11-2026,CUS1014,Kiran Kumar,P008,2,0.15,Completed
ORD12480,12-11-2026,CUS1020,Sneha Rao,P001,4,0.0,Returned
ORD12966,12-11-2026,CUS1014,Kiran Kumar,P007,1,0.05,Cancelled
ORD13036,12-11-2026,CUS1003,Anjali Mehta,P010,4,0.05,Completed
ORD13592,12-11-2026,CUS1006,Amit Sharma,P009,2,0.0,Completed
ORD13838,12-11-2026,CUS1012,Amit Sharma,P006,1,0.05,Completed
ORD14338,12-11-2026,CUS1001,Amit Sharma,P002,2,0.05,Completed
ORD10069,13-11-2026,CUS1002,Kiran Kumar,P010,3,0.05,Completed
ORD10370,13-11-2026,CUS1005,Kiran Kumar,P006,1,0.0,Completed
ORD10626,13-11-2026,CUS1007,Vikram Singh,P001,6,0.05,Completed
ORD11355,13-11-2026,CUS1007,Kiran Kumar,P004,3,0.05,Completed
ORD11363,13-11-2026,CUS1016,Sneha Rao,P009,2,0.15,Completed
ORD11596,13-11-2026,CUS1011,Kiran Kumar,P008,2,0.1,Completed
ORD11661,13-11-2026,CUS1011,Sneha Rao,P007,1,0.0,Completed
ORD12022,13-11-2026,CUS1019,Vikram Singh,P002,4,0.0,Completed
ORD12359,13-11-2026,CUS1012,Rahul Verma,P008,1,0.1,Completed
ORD12364,13-11-2026,CUS1017,Neha Joshi,P003,1,0.0,Completed
ORD12397,13-11-2026,CUS1008,Kiran Kumar,P004,2,0.1,Completed
ORD12706,13-11-2026,CUS1012,Neha Joshi,P006,4,0.05,Completed
ORD12906,13-11-2026,CUS1019,Anjali Mehta,P009,2,0.05,Completed
ORD13227,13-11-2026,CUS1013,Priya Nair,P003,4,0.0,Completed
ORD13447,13-11-2026,CUS1013,Sneha Rao,P009,6,0.05,Completed
ORD13740,13-11-2026,CUS1002,Priya Nair,P002,8,0.05,Completed
ORD14317,13-11-2026,CUS1017,Amit Sharma,P003,2,0.1,Completed
ORD14366,13-11-2026,CUS1012,Neha Joshi,P006,3,0.15,Completed
ORD14500,13-11-2026,CUS1018,Anjali Mehta,P008,2,0.05,Completed
ORD10521,14-11-2026,CUS1016,Anjali Mehta,P009,3,0.15,Completed
ORD10536,14-11-2026,CUS1016,Kiran Kumar,P009,3,0.05,Completed
ORD10598,14-11-2026,CUS1004,Sneha Rao,P008,2,0.1,Completed
ORD11276,14-11-2026,CUS1019,Sneha Rao,P009,8,0.0,Completed
ORD11383,14-11-2026,CUS1020,Amit Sharma,P009,3,0.05,Returned
ORD11433,14-11-2026,CUS1005,Sneha Rao,P007,4,0.1,Completed
ORD11450,14-11-2026,CUS1013,Sneha Rao,P004,2,0.15,Completed
ORD12661,14-11-2026,CUS1019,Anjali Mehta,P001,1,0.0,Completed
ORD12816,14-11-2026,CUS1001,Priya Nair,P004,3,0.0,Completed
ORD12875,14-11-2026,CUS1001,Sneha Rao,P010,3,0.0,Completed
ORD13685,14-11-2026,CUS1016,Amit Sharma,P004,5,0.05,Completed
ORD13825,14-11-2026,CUS1011,Anjali Mehta,P004,6,0.0,Completed
ORD13859,14-11-2026,CUS1017,Vikram Singh,P009,3,0.0,Completed
ORD13987,14-11-2026,CUS1013,Sneha Rao,P006,2,0.05,Completed
ORD14756,14-11-2026,CUS1013,Sneha Rao,P010,2,0.1,Completed
ORD14766,14-11-2026,CUS1007,Amit Sharma,P001,3,0.0,Completed
ORD14916,14-11-2026,CUS1013,Anjali Mehta,P001,6,0.05,Cancelled
ORD14986,14-11-2026,CUS1020,Anjali Mehta,P010,4,0.1,Completed
ORD14999,14-11-2026,CUS1003,Kiran Kumar,P005,7,0.05,Completed
ORD10518,15-11-2026,CUS1002,Anjali Mehta,P006,3,0.05,Completed
ORD11108,15-11-2026,CUS1013,Neha Joshi,P008,6,0.05,Completed
ORD11626,15-11-2026,CUS1018,Anjali Mehta,P010,6,0.1,Cancelled
ORD11814,15-11-2026,CUS1012,Vikram Singh,P003,1,0.05,Completed
ORD12095,15-11-2026,CUS1005,Kiran Kumar,P007,5,0.1,Cancelled
ORD12307,15-11-2026,CUS1011,Sneha Rao,P009,5,0.05,Returned
ORD12818,15-11-2026,CUS1020,Vikram Singh,P003,2,0.0,Returned
ORD12863,15-11-2026,CUS1016,Anjali Mehta,P007,2,0.05,Completed
ORD13094,15-11-2026,CUS1005,Kiran Kumar,P008,2,0.05,Completed
ORD13190,15-11-2026,CUS1002,Sneha Rao,P008,1,0.05,Returned
ORD13514,15-11-2026,CUS1016,Amit Sharma,P001,2,0.1,Completed
ORD13560,15-11-2026,CUS1020,Sneha Rao,P009,6,0.05,Completed
ORD13610,15-11-2026,CUS1011,Kiran Kumar,P004,2,0.1,Completed
ORD13802,15-11-2026,CUS1006,Sneha Rao,P002,3,0.1,Completed
ORD14439,15-11-2026,CUS1009,Vikram Singh,P007,3,0.2,Completed
ORD14695,15-11-2026,CUS1010,Kiran Kumar,P009,4,0.1,Completed
ORD10106,16-11-2026,CUS1011,Rahul Verma,P005,6,0.0,Cancelled
ORD10171,16-11-2026,CUS1005,Anjali Mehta,P003,6,0.15,Completed
ORD10293,16-11-2026,CUS1002,Priya Nair,P002,2,0.05,Returned
ORD10633,16-11-2026,CUS1012,Rahul Verma,P004,3,0.15,Completed
ORD10864,16-11-2026,CUS1013,Priya Nair,P001,1,0.0,Cancelled
ORD10872,16-11-2026,CUS1016,Priya Nair,P001,7,0.05,Completed
ORD10912,16-11-2026,CUS1020,Priya Nair,P001,2,0.0,Completed
ORD10915,16-11-2026,CUS1011,Kiran Kumar,P001,3,0.0,Completed
ORD10923,16-11-2026,CUS1017,Anjali Mehta,P002,6,0.0,Completed
ORD11339,16-11-2026,CUS1018,Vikram Singh,P006,2,0.05,Completed
ORD11929,16-11-2026,CUS1012,Vikram Singh,P007,1,0.1,Completed
ORD12181,16-11-2026,CUS1019,Anjali Mehta,P007,3,0.05,Completed
ORD12564,16-11-2026,CUS1012,Vikram Singh,P004,1,0.1,Completed
ORD13544,16-11-2026,CUS1005,Kiran Kumar,P005,3,0.05,Completed
ORD13550,16-11-2026,CUS1002,Priya Nair,P004,3,0.05,Completed
ORD14105,16-11-2026,CUS1017,Kiran Kumar,P007,8,0.0,Completed
ORD10017,17-11-2026,CUS1010,Kiran Kumar,P004,1,0.0,Completed
ORD10305,17-11-2026,CUS1002,Kiran Kumar,P008,2,0.0,Completed
ORD10354,17-11-2026,CUS1002,Priya Nair,P010,1,0.0,Completed
ORD10881,17-11-2026,CUS1016,Kiran Kumar,P003,2,0.0,Completed
ORD11014,17-11-2026,CUS1012,Neha Joshi,P009,1,0.05,Completed
ORD11191,17-11-2026,CUS1008,Kiran Kumar,P007,1,0.0,Completed
ORD11813,17-11-2026,CUS1017,Anjali Mehta,P010,1,0.05,Completed
ORD11912,17-11-2026,CUS1017,Kiran Kumar,P009,3,0.1,Completed
ORD12415,17-11-2026,CUS1011,Anjali Mehta,P006,4,0.0,Completed
ORD12573,17-11-2026,CUS1017,Sneha Rao,P007,1,0.15,Completed
ORD13125,17-11-2026,CUS1016,Vikram Singh,P007,2,0.0,Completed
ORD13126,17-11-2026,CUS1018,Anjali Mehta,P001,1,0.0,Completed
ORD13402,17-11-2026,CUS1016,Anjali Mehta,P001,2,0.1,Completed
ORD14143,17-11-2026,CUS1012,Kiran Kumar,P007,1,0.0,Completed
ORD10085,18-11-2026,CUS1016,Sneha Rao,P005,3,0.0,Completed
ORD10381,18-11-2026,CUS1016,Anjali Mehta,P006,1,0.1,Completed
ORD10629,18-11-2026,CUS1019,Sneha Rao,P002,1,0.0,Completed
ORD11010,18-11-2026,CUS1012,Kiran Kumar,P009,3,0.0,Completed
ORD12496,18-11-2026,CUS1011,Kiran Kumar,P005,4,0.05,Completed
ORD12670,18-11-2026,CUS1004,Vikram Singh,P009,2,0.05,Completed
ORD13232,18-11-2026,CUS1019,Vikram Singh,P002,6,0.05,Completed
ORD13264,18-11-2026,CUS1020,Amit Sharma,P001,1,0.0,Completed
ORD13840,18-11-2026,CUS1003,Kiran Kumar,P003,6,0.0,Completed
ORD10138,19-11-2026,CUS1013,Sneha Rao,P010,1,0.0,Completed
ORD10224,19-11-2026,CUS1017,Neha Joshi,P009,2,0.05,Completed
ORD10730,19-11-2026,CUS1012,Kiran Kumar,P002,4,0.1,Completed
ORD11304,19-11-2026,CUS1012,Amit Sharma,P006,2,0.15,Completed
ORD11644,19-11-2026,CUS1012,Amit Sharma,P009,2,0.0,Cancelled
ORD12167,19-11-2026,CUS1002,Vikram Singh,P007,3,0.15,Cancelled
ORD12825,19-11-2026,CUS1013,Rahul Verma,P004,4,0.05,Completed
ORD13317,19-11-2026,CUS1009,Kiran Kumar,P003,1,0.2,Completed
ORD13322,19-11-2026,CUS1020,Amit Sharma,P007,2,0.0,Completed
ORD13614,19-11-2026,CUS1018,Kiran Kumar,P002,2,0.15,Completed
ORD13775,19-11-2026,CUS1013,Neha Joshi,P002,5,0.0,Completed
ORD14144,19-11-2026,CUS1005,Vikram Singh,P004,2,0.05,Completed
ORD14164,19-11-2026,CUS1014,Anjali Mehta,P007,3,0.05,Returned
ORD14436,19-11-2026,CUS1018,Anjali Mehta,P002,5,0.05,Cancelled
ORD14517,19-11-2026,CUS1009,Vikram Singh,P003,1,0.2,Completed
ORD14770,19-11-2026,CUS1002,Vikram Singh,P008,4,0.15,Completed
ORD10086,20-11-2026,CUS1019,Anjali Mehta,P001,5,0.0,Completed
ORD10585,20-11-2026,CUS1014,Vikram Singh,P010,2,0.15,Completed
ORD10622,20-11-2026,CUS1001,Amit Sharma,P004,4,0.0,Completed
ORD10886,20-11-2026,CUS1017,Vikram Singh,P002,1,0.0,Completed
ORD12317,20-11-2026,CUS1019,Vikram Singh,P005,3,0.0,Completed
ORD12885,20-11-2026,CUS1016,Anjali Mehta,P007,2,0.05,Completed
ORD12975,20-11-2026,CUS1005,Vikram Singh,P002,4,0.05,Completed
ORD13462,20-11-2026,CUS1009,Neha Joshi,P002,2,0.0,Completed
ORD14180,20-11-2026,CUS1013,Kiran Kumar,P002,1,0.05,Completed
ORD14292,20-11-2026,CUS1005,Sneha Rao,P002,1,0.05,Completed
ORD14552,20-11-2026,CUS1013,Amit Sharma,P007,5,0.1,Completed
ORD14555,20-11-2026,CUS1015,Kiran Kumar,P009,2,0.1,Completed
ORD10175,21-11-2026,CUS1005,Sneha Rao,P003,1,0.0,Completed
ORD10202,21-11-2026,CUS1012,Kiran Kumar,P007,4,0.0,Completed
ORD10494,21-11-2026,CUS1017,Amit Sharma,P008,4,0.0,Completed
ORD10702,21-11-2026,CUS1002,Amit Sharma,P006,3,0.1,Completed
ORD11124,21-11-2026,CUS1019,Amit Sharma,P005,2,0.0,Completed
ORD11390,21-11-2026,CUS1017,Kiran Kumar,P004,4,0.0,Completed
ORD12366,21-11-2026,CUS1012,Vikram Singh,P005,1,0.0,Returned
ORD12620,21-11-2026,CUS1012,Sneha Rao,P007,10,0.05,Completed
ORD12797,21-11-2026,CUS1012,Kiran Kumar,P009,1,0.0,Completed
ORD12883,21-11-2026,CUS1007,Amit Sharma,P004,4,0.0,Completed
ORD13681,21-11-2026,CUS1005,Amit Sharma,P001,2,0.0,Completed
ORD14007,21-11-2026,CUS1006,Kiran Kumar,P001,1,0.05,Completed
ORD14167,21-11-2026,CUS1003,Sneha Rao,P002,1,0.15,Completed
ORD14396,21-11-2026,CUS1013,Rahul Verma,P006,4,0.15,Completed
ORD14878,21-11-2026,CUS1016,Vikram Singh,P003,2,0.1,Completed
ORD14947,21-11-2026,CUS1012,Vikram Singh,P008,1,0.05,Completed
ORD11372,22-11-2026,CUS1001,Anjali Mehta,P004,1,0.1,Completed
ORD11382,22-11-2026,CUS1001,Vikram Singh,P002,2,0.15,Completed
ORD11874,22-11-2026,CUS1013,Sneha Rao,P004,2,0.0,Cancelled
ORD11921,22-11-2026,CUS1016,Sneha Rao,P007,5,0.1,Completed
ORD12054,22-11-2026,CUS1017,Kiran Kumar,P002,5,0.15,Completed
ORD12074,22-11-2026,CUS1009,Amit Sharma,P002,8,0.05,Completed
ORD12130,22-11-2026,CUS1017,Kiran Kumar,P004,1,0.0,Cancelled
ORD12253,22-11-2026,CUS1011,Neha Joshi,P002,1,0.2,Completed
ORD12304,22-11-2026,CUS1005,Rahul Verma,P007,1,0.15,Completed
ORD12477,22-11-2026,CUS1005,Vikram Singh,P002,2,0.05,Completed
ORD13096,22-11-2026,CUS1012,Neha Joshi,P001,1,0.1,Completed
ORD13475,22-11-2026,CUS1005,Sneha Rao,P007,3,0.1,Completed
ORD13552,22-11-2026,CUS1020,Rahul Verma,P004,4,0.0,Completed
ORD13732,22-11-2026,CUS1002,Sneha Rao,P007,1,0.0,Completed
ORD13824,22-11-2026,CUS1002,Amit Sharma,P001,1,0.0,Completed
ORD14024,22-11-2026,CUS1005,Neha Joshi,P001,3,0.15,Completed
ORD14938,22-11-2026,CUS1013,Vikram Singh,P008,7,0.2,Completed
ORD10205,23-11-2026,CUS1012,Anjali Mehta,P004,1,0.05,Completed
ORD10287,23-11-2026,CUS1009,Sneha Rao,P009,2,0.1,Completed
ORD10588,23-11-2026,CUS1008,Anjali Mehta,P003,8,0.15,Returned
ORD11116,23-11-2026,CUS1016,Vikram Singh,P005,1,0.15,Completed
ORD11562,23-11-2026,CUS1010,Neha Joshi,P006,2,0.1,Completed
ORD12595,23-11-2026,CUS1013,Neha Joshi,P006,1,0.1,Completed
ORD12724,23-11-2026,CUS1001,Priya Nair,P008,2,0.05,Completed
ORD13050,23-11-2026,CUS1008,Vikram Singh,P005,2,0.0,Completed
ORD13109,23-11-2026,CUS1001,Vikram Singh,P002,1,0.1,Completed
ORD13131,23-11-2026,CUS1015,Vikram Singh,P007,4,0.0,Completed
ORD13234,23-11-2026,CUS1016,Kiran Kumar,P009,4,0.1,Completed
ORD13333,23-11-2026,CUS1006,Vikram Singh,P009,5,0.0,Completed
ORD13662,23-11-2026,CUS1004,Rahul Verma,P010,1,0.1,Completed
ORD13794,23-11-2026,CUS1007,Amit Sharma,P001,1,0.05,Completed
ORD14499,23-11-2026,CUS1013,Sneha Rao,P005,6,0.15,Completed
ORD14749,23-11-2026,CUS1007,Amit Sharma,P009,1,0.0,Completed
ORD14751,23-11-2026,CUS1005,Amit Sharma,P010,1,0.05,Cancelled
ORD10632,24-11-2026,CUS1012,Priya Nair,P002,3,0.1,Completed
ORD11076,24-11-2026,CUS1016,Priya Nair,P003,1,0.05,Completed
ORD11440,24-11-2026,CUS1019,Priya Nair,P009,2,0.2,Cancelled
ORD12440,24-11-2026,CUS1009,Sneha Rao,P009,7,0.1,Completed
ORD13129,24-11-2026,CUS1012,Amit Sharma,P007,1,0.05,Completed
ORD13258,24-11-2026,CUS1020,Vikram Singh,P003,3,0.1,Completed
ORD13378,24-11-2026,CUS1003,Amit Sharma,P001,1,0.0,Completed
ORD13976,24-11-2026,CUS1019,Priya Nair,P006,3,0.1,Completed
ORD14061,24-11-2026,CUS1015,Vikram Singh,P009,2,0.15,Cancelled
ORD14485,24-11-2026,CUS1012,Vikram Singh,P004,2,0.0,Completed
ORD14501,24-11-2026,CUS1007,Anjali Mehta,P006,5,0.0,Completed
ORD14636,24-11-2026,CUS1005,Amit Sharma,P001,2,0.15,Completed
ORD14743,24-11-2026,CUS1014,Amit Sharma,P004,8,0.1,Cancelled
ORD14861,24-11-2026,CUS1016,Rahul Verma,P008,8,0.1,Completed
ORD14880,24-11-2026,CUS1013,Kiran Kumar,P009,6,0.15,Cancelled
ORD14890,24-11-2026,CUS1014,Rahul Verma,P007,1,0.0,Completed
ORD10122,25-11-2026,CUS1011,Vikram Singh,P009,3,0.1,Completed
ORD10239,25-11-2026,CUS1018,Sneha Rao,P002,3,0.0,Completed
ORD10361,25-11-2026,CUS1016,Amit Sharma,P001,3,0.05,Completed
ORD10615,25-11-2026,CUS1010,Sneha Rao,P002,1,0.05,Completed
ORD10811,25-11-2026,CUS1014,Rahul Verma,P007,2,0.0,Completed
ORD10920,25-11-2026,CUS1011,Sneha Rao,P001,3,0.05,Completed
ORD11379,25-11-2026,CUS1009,Kiran Kumar,P009,2,0.0,Completed
ORD12273,25-11-2026,CUS1002,Anjali Mehta,P010,2,0.1,Completed
ORD13496,25-11-2026,CUS1016,Vikram Singh,P007,6,0.1,Completed
ORD13869,25-11-2026,CUS1017,Anjali Mehta,P001,4,0.05,Completed
ORD14293,25-11-2026,CUS1016,Vikram Singh,P009,3,0.15,Returned
ORD14577,25-11-2026,CUS1018,Kiran Kumar,P008,4,0.0,Completed
ORD14637,25-11-2026,CUS1004,Vikram Singh,P002,3,0.0,Completed
ORD10059,26-11-2026,CUS1018,Anjali Mehta,P009,2,0.05,Completed
ORD10137,26-11-2026,CUS1016,Kiran Kumar,P010,1,0.0,Completed
ORD10928,26-11-2026,CUS1019,Amit Sharma,P010,2,0.1,Completed
ORD11097,26-11-2026,CUS1012,Amit Sharma,P009,5,0.0,Completed
ORD12861,26-11-2026,CUS1008,Kiran Kumar,P007,5,0.0,Completed
ORD13647,26-11-2026,CUS1013,Vikram Singh,P009,3,0.0,Completed
ORD13849,26-11-2026,CUS1004,Rahul Verma,P004,1,0.05,Completed
ORD13870,26-11-2026,CUS1012,Kiran Kumar,P009,2,0.05,Completed
ORD14039,26-11-2026,CUS1014,Priya Nair,P006,3,0.15,Completed
ORD14530,26-11-2026,CUS1009,Vikram Singh,P010,5,0.05,Completed
ORD14896,26-11-2026,CUS1018,Neha Joshi,P004,3,0.15,Completed
ORD11459,27-11-2026,CUS1005,Vikram Singh,P006,2,0.05,Completed
ORD11869,27-11-2026,CUS1011,Vikram Singh,P007,2,0.2,Completed
ORD12219,27-11-2026,CUS1009,Anjali Mehta,P007,2,0.1,Cancelled
ORD12757,27-11-2026,CUS1005,Vikram Singh,P001,4,0.05,Cancelled
ORD13202,27-11-2026,CUS1015,Sneha Rao,P007,1,0.05,Completed
ORD13259,27-11-2026,CUS1018,Sneha Rao,P007,6,0.1,Completed
ORD13908,27-11-2026,CUS1006,Kiran Kumar,P007,5,0.15,Completed
ORD14641,27-11-2026,CUS1018,Vikram Singh,P002,2,0.1,Completed
ORD14955,27-11-2026,CUS1019,Kiran Kumar,P009,1,0.1,Completed
ORD14992,27-11-2026,CUS1017,Amit Sharma,P008,3,0.05,Completed
ORD10220,28-11-2026,CUS1013,Vikram Singh,P003,4,0.0,Completed
ORD11529,28-11-2026,CUS1011,Amit Sharma,P004,2,0.1,Cancelled
ORD11957,28-11-2026,CUS1016,Kiran Kumar,P007,2,0.15,Completed
ORD12231,28-11-2026,CUS1017,Sneha Rao,P004,5,0.05,Completed
ORD12410,28-11-2026,CUS1007,Priya Nair,P009,1,0.0,Returned
ORD12447,28-11-2026,CUS1005,Sneha Rao,P007,2,0.2,Completed
ORD12761,28-11-2026,CUS1011,Amit Sharma,P002,1,0.05,Cancelled
ORD13242,28-11-2026,CUS1018,Priya Nair,P006,2,0.05,Completed
ORD13481,28-11-2026,CUS1002,Amit Sharma,P008,3,0.0,Completed
ORD13858,28-11-2026,CUS1011,Sneha Rao,P009,4,0.1,Completed
ORD14101,28-11-2026,CUS1010,Sneha Rao,P001,5,0.0,Completed
ORD14518,28-11-2026,CUS1020,Anjali Mehta,P007,2,0.1,Completed
ORD14595,28-11-2026,CUS1004,Vikram Singh,P003,6,0.05,Completed
ORD14817,28-11-2026,CUS1018,Anjali Mehta,P003,2,0.05,Completed
ORD10126,29-11-2026,CUS1005,Vikram Singh,P001,2,0.05,Completed
ORD10456,29-11-2026,CUS1016,Priya Nair,P001,1,0.1,Completed
ORD10553,29-11-2026,CUS1016,Neha Joshi,P007,6,0.15,Completed
ORD10577,29-11-2026,CUS1017,Amit Sharma,P003,3,0.05,Completed
ORD10938,29-11-2026,CUS1014,Amit Sharma,P010,4,0.15,Completed
ORD11331,29-11-2026,CUS1005,Neha Joshi,P001,4,0.15,Completed
ORD11618,29-11-2026,CUS1016,Amit Sharma,P007,1,0.05,Completed
ORD11805,29-11-2026,CUS1002,Amit Sharma,P004,3,0.0,Completed
ORD11876,29-11-2026,CUS1012,Vikram Singh,P008,2,0.05,Completed
ORD12204,29-11-2026,CUS1004,Kiran Kumar,P007,5,0.0,Completed
ORD12275,29-11-2026,CUS1020,Kiran Kumar,P003,2,0.05,Completed
ORD12756,29-11-2026,CUS1017,Kiran Kumar,P004,1,0.05,Completed
ORD12758,29-11-2026,CUS1005,Neha Joshi,P006,1,0.0,Completed
ORD14447,29-11-2026,CUS1005,Priya Nair,P001,2,0.05,Completed
ORD14466,29-11-2026,CUS1018,Sneha Rao,P008,1,0.05,Completed
ORD14654,29-11-2026,CUS1005,Vikram Singh,P008,3,0.0,Completed
ORD14662,29-11-2026,CUS1011,Kiran Kumar,P010,8,0.05,Completed
ORD10163,30-11-2026,CUS1004,Vikram Singh,P006,5,0.0,Completed
ORD11139,30-11-2026,CUS1014,Vikram Singh,P009,3,0.15,Completed
ORD11568,30-11-2026,CUS1016,Anjali Mehta,P008,4,0.0,Returned
ORD11991,30-11-2026,CUS1014,Priya Nair,P007,9,0.0,Completed
ORD11999,30-11-2026,CUS1020,Anjali Mehta,P004,5,0.1,Completed
ORD12015,30-11-2026,CUS1018,Rahul Verma,P010,2,0.0,Completed
ORD12040,30-11-2026,CUS1012,Kiran Kumar,P001,1,0.05,Completed
ORD12138,30-11-2026,CUS1010,Anjali Mehta,P010,3,0.0,Completed
ORD12750,30-11-2026,CUS1013,Anjali Mehta,P001,4,0.05,Completed
ORD13326,30-11-2026,CUS1013,Priya Nair,P002,1,0.05,Completed
ORD14081,30-11-2026,CUS1018,Anjali Mehta,P006,4,0.05,Completed
ORD14480,30-11-2026,CUS1020,Vikram Singh,P009,2,0.0,Completed
ORD14510,30-11-2026,CUS1020,Anjali Mehta,P001,2,0.15,Completed
ORD14563,30-11-2026,CUS1012,Anjali Mehta,P006,5,0.05,Completed
ORD14884,30-11-2026,CUS1013,Vikram Singh,P004,9,0.1,Cancelled
ORD10529,01-12-2026,CUS1019,Vikram Singh,P009,5,0.05,Cancelled
ORD10790,01-12-2026,CUS1002,Kiran Kumar,P009,5,0.1,Completed
ORD10793,01-12-2026,CUS1005,Neha Joshi,P002,7,0.05,Completed
ORD11004,01-12-2026,CUS1017,Amit Sharma,P010,1,0.1,Completed
ORD11140,01-12-2026,CUS1016,Sneha Rao,P010,6,0.1,Completed
ORD11218,01-12-2026,CUS1001,Kiran Kumar,P005,1,0.0,Completed
ORD11350,01-12-2026,CUS1013,Anjali Mehta,P002,8,0.05,Completed
ORD11376,01-12-2026,CUS1009,Priya Nair,P001,3,0.05,Completed
ORD11378,01-12-2026,CUS1015,Amit Sharma,P010,3,0.0,Completed
ORD11903,01-12-2026,CUS1007,Kiran Kumar,P007,3,0.0,Completed
ORD11919,01-12-2026,CUS1018,Amit Sharma,P009,3,0.0,Completed
ORD12269,01-12-2026,CUS1008,Amit Sharma,P001,3,0.05,Completed
ORD12772,01-12-2026,CUS1016,Anjali Mehta,P006,1,0.05,Completed
ORD13012,01-12-2026,CUS1010,Amit Sharma,P002,3,0.05,Completed
ORD13139,01-12-2026,CUS1013,Vikram Singh,P001,3,0.05,Completed
ORD13247,01-12-2026,CUS1013,Sneha Rao,P001,2,0.1,Completed
ORD13437,01-12-2026,CUS1001,Anjali Mehta,P007,1,0.2,Completed
ORD13742,01-12-2026,CUS1001,Kiran Kumar,P009,3,0.05,Completed
ORD13816,01-12-2026,CUS1014,Anjali Mehta,P007,3,0.15,Completed
ORD10480,02-12-2026,CUS1002,Amit Sharma,P008,3,0.1,Completed
ORD10581,02-12-2026,CUS1013,Sneha Rao,P005,3,0.0,Completed
ORD10667,02-12-2026,CUS1006,Priya Nair,P009,1,0.05,Completed
ORD10677,02-12-2026,CUS1010,Vikram Singh,P009,1,0.0,Completed
ORD10950,02-12-2026,CUS1011,Rahul Verma,P004,1,0.0,Completed
ORD11204,02-12-2026,CUS1020,Priya Nair,P007,3,0.1,Cancelled
ORD11333,02-12-2026,CUS1019,Anjali Mehta,P004,1,0.1,Returned
ORD12189,02-12-2026,CUS1011,Vikram Singh,P004,3,0.0,Completed
ORD12448,02-12-2026,CUS1016,Vikram Singh,P002,4,0.05,Completed
ORD12653,02-12-2026,CUS1011,Priya Nair,P001,3,0.2,Completed
ORD13419,02-12-2026,CUS1009,Sneha Rao,P004,1,0.0,Returned
ORD13603,02-12-2026,CUS1019,Priya Nair,P004,2,0.05,Completed
ORD13996,02-12-2026,CUS1002,Amit Sharma,P007,2,0.05,Completed
ORD14289,02-12-2026,CUS1012,Sneha Rao,P009,4,0.05,Completed
ORD14369,02-12-2026,CUS1019,Neha Joshi,P001,3,0.1,Completed
ORD10582,03-12-2026,CUS1013,Rahul Verma,P004,2,0.1,Completed
ORD10866,03-12-2026,CUS1011,Kiran Kumar,P007,4,0.15,Completed
ORD11507,03-12-2026,CUS1020,Sneha Rao,P006,3,0.15,Completed
ORD11866,03-12-2026,CUS1007,Anjali Mehta,P007,8,0.0,Cancelled
ORD12320,03-12-2026,CUS1017,Anjali Mehta,P008,3,0.05,Completed
ORD12959,03-12-2026,CUS1020,Sneha Rao,P009,4,0.0,Completed
ORD13612,03-12-2026,CUS1001,Anjali Mehta,P009,1,0.05,Completed
ORD13752,03-12-2026,CUS1019,Vikram Singh,P001,4,0.0,Cancelled
ORD13797,03-12-2026,CUS1020,Anjali Mehta,P002,4,0.05,Completed
ORD13928,03-12-2026,CUS1005,Priya Nair,P006,5,0.2,Completed
ORD14359,03-12-2026,CUS1009,Anjali Mehta,P007,3,0.0,Completed
ORD14907,03-12-2026,CUS1016,Amit Sharma,P003,10,0.05,Completed
ORD10380,04-12-2026,CUS1013,Neha Joshi,P005,3,0.05,Completed
ORD10474,04-12-2026,CUS1016,Vikram Singh,P003,1,0.1,Completed
ORD10930,04-12-2026,CUS1011,Priya Nair,P007,4,0.0,Completed
ORD11044,04-12-2026,CUS1017,Anjali Mehta,P007,1,0.1,Completed
ORD11934,04-12-2026,CUS1012,Neha Joshi,P009,1,0.0,Completed
ORD12433,04-12-2026,CUS1017,Kiran Kumar,P002,7,0.1,Completed
ORD12556,04-12-2026,CUS1016,Rahul Verma,P004,1,0.2,Completed
ORD12894,04-12-2026,CUS1001,Vikram Singh,P003,1,0.0,Completed
ORD13138,04-12-2026,CUS1008,Vikram Singh,P010,2,0.0,Completed
ORD13160,04-12-2026,CUS1013,Kiran Kumar,P007,1,0.0,Completed
ORD13427,04-12-2026,CUS1016,Amit Sharma,P007,3,0.1,Completed
ORD13970,04-12-2026,CUS1016,Sneha Rao,P002,2,0.0,Completed
ORD14027,04-12-2026,CUS1017,Neha Joshi,P007,8,0.05,Returned
ORD14100,04-12-2026,CUS1011,Anjali Mehta,P004,4,0.0,Completed
ORD14216,04-12-2026,CUS1013,Kiran Kumar,P008,1,0.0,Cancelled
ORD14248,04-12-2026,CUS1018,Kiran Kumar,P007,1,0.0,Completed
ORD14795,04-12-2026,CUS1016,Sneha Rao,P002,8,0.1,Completed
ORD14987,04-12-2026,CUS1001,Kiran Kumar,P001,1,0.05,Completed
ORD10112,05-12-2026,CUS1012,Kiran Kumar,P007,3,0.05,Completed
ORD10900,05-12-2026,CUS1007,Kiran Kumar,P002,1,0.05,Completed
ORD10976,05-12-2026,CUS1009,Anjali Mehta,P001,2,0.1,Completed
ORD11388,05-12-2026,CUS1014,Rahul Verma,P010,1,0.05,Completed
ORD11559,05-12-2026,CUS1016,Rahul Verma,P009,4,0.05,Completed
ORD13002,05-12-2026,CUS1017,Sneha Rao,P001,2,0.2,Completed
ORD13208,05-12-2026,CUS1011,Vikram Singh,P007,1,0.05,Completed
ORD13487,05-12-2026,CUS1002,Neha Joshi,P010,1,0.05,Completed
ORD14252,05-12-2026,CUS1018,Anjali Mehta,P009,4,0.05,Completed
ORD14435,05-12-2026,CUS1001,Amit Sharma,P007,1,0.05,Completed
ORD14473,05-12-2026,CUS1002,Anjali Mehta,P008,2,0.2,Completed
ORD14957,05-12-2026,CUS1018,Anjali Mehta,P009,1,0.05,Completed
ORD14969,05-12-2026,CUS1012,Anjali Mehta,P008,4,0.1,Completed
ORD10498,06-12-2026,CUS1012,Sneha Rao,P007,2,0.0,Completed
ORD10803,06-12-2026,CUS1014,Sneha Rao,P007,9,0.1,Completed
ORD10968,06-12-2026,CUS1016,Amit Sharma,P002,3,0.2,Completed
ORD11138,06-12-2026,CUS1017,Sneha Rao,P001,4,0.1,Completed
ORD11707,06-12-2026,CUS1005,Sneha Rao,P008,6,0.0,Completed
ORD11865,06-12-2026,CUS1013,Amit Sharma,P001,3,0.05,Completed
ORD12465,06-12-2026,CUS1013,Amit Sharma,P004,2,0.1,Completed
ORD12550,06-12-2026,CUS1020,Vikram Singh,P004,2,0.2,Returned
ORD12603,06-12-2026,CUS1014,Vikram Singh,P007,1,0.05,Completed
ORD14737,06-12-2026,CUS1013,Kiran Kumar,P007,2,0.2,Completed
ORD14912,06-12-2026,CUS1018,Anjali Mehta,P007,3,0.05,Completed
ORD14998,06-12-2026,CUS1012,Kiran Kumar,P007,1,0.05,Completed
ORD10027,07-12-2026,CUS1012,Vikram Singh,P007,1,0.0,Completed
ORD10178,07-12-2026,CUS1020,Amit Sharma,P008,9,0.05,Completed
ORD10237,07-12-2026,CUS1015,Neha Joshi,P008,6,0.05,Completed
ORD10309,07-12-2026,CUS1020,Vikram Singh,P007,8,0.05,Completed
ORD10402,07-12-2026,CUS1005,Sneha Rao,P002,6,0.05,Completed
ORD10464,07-12-2026,CUS1011,Amit Sharma,P005,5,0.05,Completed
ORD11086,07-12-2026,CUS1004,Kiran Kumar,P001,3,0.1,Completed
ORD11193,07-12-2026,CUS1004,Amit Sharma,P002,5,0.05,Completed
ORD11491,07-12-2026,CUS1019,Kiran Kumar,P004,2,0.0,Completed
ORD11565,07-12-2026,CUS1005,Sneha Rao,P002,1,0.0,Completed
ORD11603,07-12-2026,CUS1012,Sneha Rao,P007,4,0.15,Completed
ORD11683,07-12-2026,CUS1016,Rahul Verma,P003,3,0.0,Completed
ORD11943,07-12-2026,CUS1015,Sneha Rao,P001,1,0.05,Completed
ORD12438,07-12-2026,CUS1013,Neha Joshi,P009,1,0.0,Completed
ORD12502,07-12-2026,CUS1005,Rahul Verma,P002,1,0.0,Completed
ORD12510,07-12-2026,CUS1001,Priya Nair,P010,2,0.1,Completed
ORD12813,07-12-2026,CUS1009,Priya Nair,P003,3,0.1,Completed
ORD13194,07-12-2026,CUS1009,Anjali Mehta,P005,4,0.1,Completed
ORD14083,07-12-2026,CUS1004,Amit Sharma,P002,8,0.0,Completed
ORD14288,07-12-2026,CUS1011,Kiran Kumar,P008,1,0.1,Completed
ORD14609,07-12-2026,CUS1019,Anjali Mehta,P001,2,0.0,Completed
ORD10133,08-12-2026,CUS1015,Anjali Mehta,P005,1,0.05,Completed
ORD10705,08-12-2026,CUS1018,Vikram Singh,P009,2,0.0,Completed
ORD11502,08-12-2026,CUS1016,Amit Sharma,P004,2,0.0,Completed
ORD11774,08-12-2026,CUS1019,Neha Joshi,P007,2,0.05,Completed
ORD12464,08-12-2026,CUS1019,Priya Nair,P004,3,0.0,Completed
ORD12913,08-12-2026,CUS1012,Amit Sharma,P001,1,0.2,Completed
ORD13039,08-12-2026,CUS1019,Anjali Mehta,P005,8,0.0,Completed
ORD13778,08-12-2026,CUS1011,Amit Sharma,P001,4,0.1,Completed
ORD14084,08-12-2026,CUS1020,Amit Sharma,P006,1,0.2,Completed
ORD14269,08-12-2026,CUS1012,Sneha Rao,P006,1,0.0,Completed
ORD14412,08-12-2026,CUS1013,Neha Joshi,P010,1,0.05,Completed
ORD14467,08-12-2026,CUS1003,Vikram Singh,P009,5,0.0,Completed
ORD14673,08-12-2026,CUS1019,Neha Joshi,P004,2,0.1,Cancelled
ORD10063,09-12-2026,CUS1013,Amit Sharma,P004,3,0.05,Completed
ORD10099,09-12-2026,CUS1015,Priya Nair,P001,5,0.1,Completed
ORD10335,09-12-2026,CUS1020,Amit Sharma,P009,7,0.0,Completed
ORD10889,09-12-2026,CUS1016,Neha Joshi,P007,7,0.15,Completed
ORD10954,09-12-2026,CUS1012,Vikram Singh,P009,1,0.05,Completed
ORD11092,09-12-2026,CUS1020,Sneha Rao,P007,1,0.1,Completed
ORD11357,09-12-2026,CUS1020,Anjali Mehta,P009,3,0.05,Completed
ORD11553,09-12-2026,CUS1013,Rahul Verma,P002,6,0.05,Completed
ORD12247,09-12-2026,CUS1018,Amit Sharma,P001,1,0.15,Completed
ORD12252,09-12-2026,CUS1020,Sneha Rao,P004,1,0.0,Completed
ORD13080,09-12-2026,CUS1016,Anjali Mehta,P005,1,0.0,Cancelled
ORD13290,09-12-2026,CUS1006,Sneha Rao,P001,1,0.1,Cancelled
ORD13899,09-12-2026,CUS1016,Rahul Verma,P001,2,0.05,Completed
ORD14230,09-12-2026,CUS1002,Anjali Mehta,P010,1,0.1,Completed
ORD14314,09-12-2026,CUS1004,Amit Sharma,P009,2,0.0,Completed
ORD14576,09-12-2026,CUS1013,Vikram Singh,P009,3,0.0,Completed
ORD14633,09-12-2026,CUS1006,Vikram Singh,P007,1,0.1,Completed
ORD14868,09-12-2026,CUS1011,Anjali Mehta,P007,1,0.0,Completed
ORD10008,10-12-2026,CUS1020,Sneha Rao,P009,1,0.05,Completed
ORD10200,10-12-2026,CUS1019,Vikram Singh,P002,9,0.0,Completed
ORD10526,10-12-2026,CUS1019,Vikram Singh,P007,1,0.1,Completed
ORD10764,10-12-2026,CUS1016,Vikram Singh,P006,2,0.05,Completed
ORD11150,10-12-2026,CUS1011,Vikram Singh,P003,2,0.05,Completed
ORD11173,10-12-2026,CUS1003,Sneha Rao,P007,2,0.0,Completed
ORD11389,10-12-2026,CUS1017,Anjali Mehta,P007,4,0.15,Completed
ORD11624,10-12-2026,CUS1016,Amit Sharma,P007,3,0.0,Completed
ORD11857,10-12-2026,CUS1002,Anjali Mehta,P008,7,0.15,Completed
ORD12361,10-12-2026,CUS1018,Amit Sharma,P008,1,0.0,Completed
ORD13367,10-12-2026,CUS1001,Vikram Singh,P006,1,0.1,Completed
ORD14313,10-12-2026,CUS1020,Rahul Verma,P004,2,0.15,Completed
ORD14362,10-12-2026,CUS1002,Priya Nair,P009,6,0.1,Cancelled
ORD14383,10-12-2026,CUS1017,Sneha Rao,P007,1,0.15,Completed
ORD14578,10-12-2026,CUS1011,Neha Joshi,P007,1,0.0,Completed
ORD14668,10-12-2026,CUS1016,Neha Joshi,P009,1,0.2,Completed
ORD10833,11-12-2026,CUS1020,Vikram Singh,P009,4,0.0,Completed
ORD10855,11-12-2026,CUS1012,Vikram Singh,P008,1,0.15,Cancelled
ORD10925,11-12-2026,CUS1019,Sneha Rao,P009,3,0.1,Completed
ORD11060,11-12-2026,CUS1019,Anjali Mehta,P002,5,0.1,Completed
ORD11342,11-12-2026,CUS1020,Amit Sharma,P004,2,0.1,Completed
ORD11397,11-12-2026,CUS1014,Priya Nair,P004,3,0.1,Cancelled
ORD11493,11-12-2026,CUS1011,Priya Nair,P009,5,0.0,Completed
ORD11894,11-12-2026,CUS1012,Anjali Mehta,P006,3,0.05,Completed
ORD12177,11-12-2026,CUS1020,Priya Nair,P009,1,0.05,Completed
ORD12288,11-12-2026,CUS1012,Amit Sharma,P002,1,0.05,Completed
ORD12705,11-12-2026,CUS1005,Amit Sharma,P005,1,0.05,Completed
ORD12849,11-12-2026,CUS1005,Vikram Singh,P002,3,0.05,Completed
ORD13180,11-12-2026,CUS1012,Vikram Singh,P007,2,0.15,Completed
ORD13729,11-12-2026,CUS1004,Amit Sharma,P004,3,0.1,Completed
ORD14303,11-12-2026,CUS1016,Sneha Rao,P003,5,0.0,Completed
ORD14465,11-12-2026,CUS1006,Sneha Rao,P005,2,0.1,Completed
ORD14791,11-12-2026,CUS1004,Vikram Singh,P004,1,0.05,Completed
ORD14839,11-12-2026,CUS1002,Vikram Singh,P005,5,0.05,Returned
ORD10158,12-12-2026,CUS1018,Sneha Rao,P007,1,0.1,Completed
ORD10240,12-12-2026,CUS1020,Rahul Verma,P007,2,0.1,Cancelled
ORD10303,12-12-2026,CUS1013,Anjali Mehta,P001,1,0.05,Completed
ORD10478,12-12-2026,CUS1014,Amit Sharma,P006,2,0.05,Returned
ORD10538,12-12-2026,CUS1013,Sneha Rao,P006,4,0.05,Completed
ORD10597,12-12-2026,CUS1017,Rahul Verma,P009,3,0.0,Returned
ORD10719,12-12-2026,CUS1004,Priya Nair,P004,2,0.1,Completed
ORD10943,12-12-2026,CUS1017,Anjali Mehta,P002,1,0.1,Completed
ORD11516,12-12-2026,CUS1017,Vikram Singh,P007,5,0.1,Completed
ORD11645,12-12-2026,CUS1015,Rahul Verma,P009,8,0.1,Completed
ORD11937,12-12-2026,CUS1017,Kiran Kumar,P002,9,0.1,Completed
ORD11944,12-12-2026,CUS1004,Anjali Mehta,P002,2,0.05,Cancelled
ORD11951,12-12-2026,CUS1012,Vikram Singh,P006,5,0.0,Completed
ORD12182,12-12-2026,CUS1010,Amit Sharma,P004,3,0.05,Completed
ORD12523,12-12-2026,CUS1004,Sneha Rao,P001,4,0.05,Completed
ORD12545,12-12-2026,CUS1002,Sneha Rao,P010,2,0.05,Completed
ORD12840,12-12-2026,CUS1013,Amit Sharma,P009,2,0.0,Completed
ORD12873,12-12-2026,CUS1018,Amit Sharma,P007,3,0.0,Cancelled
ORD13529,12-12-2026,CUS1005,Kiran Kumar,P008,1,0.2,Completed
ORD13663,12-12-2026,CUS1008,Anjali Mehta,P009,1,0.0,Cancelled
ORD14233,12-12-2026,CUS1020,Kiran Kumar,P002,2,0.05,Completed
ORD14258,12-12-2026,CUS1004,Kiran Kumar,P001,2,0.15,Completed
ORD14294,12-12-2026,CUS1014,Sneha Rao,P004,1,0.15,Completed
ORD14422,12-12-2026,CUS1018,Neha Joshi,P007,1,0.05,Cancelled
ORD10330,13-12-2026,CUS1007,Sneha Rao,P003,1,0.2,Completed
ORD10748,13-12-2026,CUS1002,Anjali Mehta,P007,1,0.15,Completed
ORD11137,13-12-2026,CUS1017,Neha Joshi,P001,2,0.05,Completed
ORD11521,13-12-2026,CUS1019,Kiran Kumar,P002,1,0.0,Completed
ORD11604,13-12-2026,CUS1020,Amit Sharma,P001,5,0.05,Completed
ORD11806,13-12-2026,CUS1020,Rahul Verma,P007,1,0.0,Completed
ORD12200,13-12-2026,CUS1013,Anjali Mehta,P002,2,0.0,Completed
ORD12667,13-12-2026,CUS1017,Amit Sharma,P008,2,0.15,Completed
ORD12668,13-12-2026,CUS1016,Anjali Mehta,P003,3,0.05,Completed
ORD14051,13-12-2026,CUS1017,Anjali Mehta,P010,1,0.15,Completed
ORD14375,13-12-2026,CUS1001,Rahul Verma,P008,5,0.05,Completed
ORD10320,14-12-2026,CUS1014,Vikram Singh,P001,6,0.05,Completed
ORD10829,14-12-2026,CUS1001,Kiran Kumar,P005,2,0.1,Completed
ORD11311,14-12-2026,CUS1008,Anjali Mehta,P003,1,0.05,Completed
ORD11567,14-12-2026,CUS1005,Vikram Singh,P006,2,0.1,Completed
ORD11575,14-12-2026,CUS1020,Kiran Kumar,P004,2,0.0,Completed
ORD11668,14-12-2026,CUS1017,Neha Joshi,P010,3,0.05,Completed
ORD11818,14-12-2026,CUS1014,Priya Nair,P006,1,0.0,Completed
ORD11870,14-12-2026,CUS1009,Vikram Singh,P006,2,0.0,Completed
ORD12851,14-12-2026,CUS1020,Kiran Kumar,P003,2,0.2,Completed
ORD13265,14-12-2026,CUS1005,Amit Sharma,P001,1,0.05,Completed
ORD13390,14-12-2026,CUS1008,Amit Sharma,P009,3,0.2,Completed
ORD13411,14-12-2026,CUS1012,Vikram Singh,P004,3,0.0,Completed
ORD13503,14-12-2026,CUS1019,Kiran Kumar,P008,3,0.05,Completed
ORD13660,14-12-2026,CUS1012,Sneha Rao,P007,4,0.2,Completed
ORD14069,14-12-2026,CUS1006,Anjali Mehta,P002,2,0.15,Completed
ORD14608,14-12-2026,CUS1004,Anjali Mehta,P007,5,0.05,Completed
ORD10254,15-12-2026,CUS1014,Anjali Mehta,P009,4,0.15,Completed
ORD10300,15-12-2026,CUS1016,Kiran Kumar,P006,2,0.1,Completed
ORD10566,15-12-2026,CUS1020,Vikram Singh,P010,1,0.15,Completed
ORD11519,15-12-2026,CUS1003,Sneha Rao,P007,2,0.05,Completed
ORD11794,15-12-2026,CUS1019,Vikram Singh,P007,1,0.15,Completed
ORD12251,15-12-2026,CUS1020,Priya Nair,P005,2,0.0,Cancelled
ORD12515,15-12-2026,CUS1011,Priya Nair,P010,4,0.0,Completed
ORD12704,15-12-2026,CUS1010,Neha Joshi,P003,9,0.15,Completed
ORD13287,15-12-2026,CUS1012,Kiran Kumar,P007,1,0.15,Cancelled
ORD13470,15-12-2026,CUS1014,Sneha Rao,P002,7,0.05,Completed
ORD13516,15-12-2026,CUS1012,Sneha Rao,P004,1,0.1,Completed
ORD14991,15-12-2026,CUS1016,Amit Sharma,P003,1,0.05,Completed
ORD10186,16-12-2026,CUS1009,Anjali Mehta,P002,1,0.05,Completed
ORD10620,16-12-2026,CUS1012,Vikram Singh,P009,2,0.1,Completed
ORD11153,16-12-2026,CUS1018,Kiran Kumar,P009,1,0.1,Completed
ORD11343,16-12-2026,CUS1012,Neha Joshi,P007,2,0.05,Completed
ORD11663,16-12-2026,CUS1012,Anjali Mehta,P007,1,0.05,Completed
ORD12071,16-12-2026,CUS1012,Kiran Kumar,P002,2,0.0,Completed
ORD12338,16-12-2026,CUS1018,Sneha Rao,P002,2,0.0,Completed
ORD12623,16-12-2026,CUS1005,Amit Sharma,P010,1,0.05,Completed
ORD12977,16-12-2026,CUS1005,Kiran Kumar,P006,2,0.1,Completed
ORD13196,16-12-2026,CUS1019,Kiran Kumar,P007,2,0.1,Completed
ORD13744,16-12-2026,CUS1016,Kiran Kumar,P009,2,0.1,Completed
ORD13790,16-12-2026,CUS1012,Sneha Rao,P009,3,0.15,Completed
ORD14924,16-12-2026,CUS1016,Priya Nair,P005,2,0.15,Completed
ORD10022,17-12-2026,CUS1014,Anjali Mehta,P003,2,0.0,Returned
ORD10405,17-12-2026,CUS1002,Vikram Singh,P009,2,0.1,Completed
ORD10531,17-12-2026,CUS1014,Anjali Mehta,P001,1,0.05,Completed
ORD11374,17-12-2026,CUS1008,Sneha Rao,P003,3,0.0,Completed
ORD12450,17-12-2026,CUS1005,Sneha Rao,P001,1,0.05,Completed
ORD12472,17-12-2026,CUS1013,Kiran Kumar,P004,2,0.1,Completed
ORD12841,17-12-2026,CUS1005,Anjali Mehta,P010,4,0.05,Completed
ORD13137,17-12-2026,CUS1012,Kiran Kumar,P008,5,0.05,Cancelled
ORD13642,17-12-2026,CUS1002,Priya Nair,P006,8,0.0,Completed
ORD13676,17-12-2026,CUS1015,Amit Sharma,P007,2,0.0,Completed
ORD13964,17-12-2026,CUS1002,Kiran Kumar,P003,3,0.05,Completed
ORD10302,18-12-2026,CUS1012,Amit Sharma,P007,5,0.0,Completed
ORD10382,18-12-2026,CUS1013,Amit Sharma,P007,1,0.15,Completed
ORD10475,18-12-2026,CUS1007,Anjali Mehta,P002,1,0.05,Completed
ORD10616,18-12-2026,CUS1004,Sneha Rao,P008,7,0.0,Completed
ORD10627,18-12-2026,CUS1013,Amit Sharma,P003,1,0.1,Completed
ORD10788,18-12-2026,CUS1017,Anjali Mehta,P007,1,0.05,Completed
ORD10955,18-12-2026,CUS1004,Vikram Singh,P006,3,0.1,Completed
ORD11033,18-12-2026,CUS1015,Kiran Kumar,P005,4,0.1,Completed
ORD11582,18-12-2026,CUS1004,Anjali Mehta,P003,1,0.1,Completed
ORD12947,18-12-2026,CUS1002,Anjali Mehta,P007,1,0.1,Completed
ORD13275,18-12-2026,CUS1020,Anjali Mehta,P004,2,0.1,Completed
ORD14251,18-12-2026,CUS1014,Rahul Verma,P002,1,0.1,Completed
ORD14463,18-12-2026,CUS1005,Vikram Singh,P009,2,0.05,Completed
ORD14521,18-12-2026,CUS1012,Priya Nair,P008,3,0.15,Completed
ORD14632,18-12-2026,CUS1002,Anjali Mehta,P007,2,0.0,Completed
ORD14704,18-12-2026,CUS1011,Anjali Mehta,P001,1,0.15,Completed
ORD14753,18-12-2026,CUS1007,Amit Sharma,P007,1,0.1,Completed
ORD10371,19-12-2026,CUS1018,Vikram Singh,P010,4,0.05,Completed
ORD11034,19-12-2026,CUS1014,Amit Sharma,P004,1,0.05,Completed
ORD11726,19-12-2026,CUS1016,Kiran Kumar,P003,2,0.05,Completed
ORD11834,19-12-2026,CUS1018,Anjali Mehta,P009,1,0.2,Completed
ORD11976,19-12-2026,CUS1014,Priya Nair,P002,3,0.05,Completed
ORD12360,19-12-2026,CUS1004,Vikram Singh,P002,1,0.0,Completed
ORD12865,19-12-2026,CUS1005,Neha Joshi,P010,3,0.0,Completed
ORD13241,19-12-2026,CUS1015,Kiran Kumar,P006,3,0.05,Cancelled
ORD13382,19-12-2026,CUS1003,Anjali Mehta,P007,2,0.05,Completed
ORD13541,19-12-2026,CUS1013,Amit Sharma,P009,1,0.05,Completed
ORD13561,19-12-2026,CUS1013,Kiran Kumar,P006,1,0.0,Completed
ORD13631,19-12-2026,CUS1013,Rahul Verma,P004,4,0.15,Completed
ORD13705,19-12-2026,CUS1015,Priya Nair,P001,2,0.05,Completed
ORD13929,19-12-2026,CUS1017,Kiran Kumar,P008,4,0.05,Completed
ORD13958,19-12-2026,CUS1016,Vikram Singh,P001,5,0.0,Completed
ORD14225,19-12-2026,CUS1016,Vikram Singh,P007,9,0.05,Cancelled
ORD14360,19-12-2026,CUS1001,Anjali Mehta,P007,2,0.05,Completed
ORD14772,19-12-2026,CUS1007,Sneha Rao,P005,1,0.05,Completed
ORD14865,19-12-2026,CUS1011,Kiran Kumar,P001,2,0.0,Completed
ORD10759,20-12-2026,CUS1014,Kiran Kumar,P009,1,0.05,Completed
ORD10769,20-12-2026,CUS1009,Anjali Mehta,P002,1,0.0,Completed
ORD11423,20-12-2026,CUS1015,Kiran Kumar,P009,2,0.2,Completed
ORD11655,20-12-2026,CUS1001,Vikram Singh,P007,5,0.0,Completed
ORD11760,20-12-2026,CUS1003,Anjali Mehta,P010,2,0.05,Completed
ORD11797,20-12-2026,CUS1017,Kiran Kumar,P001,2,0.05,Completed
ORD12192,20-12-2026,CUS1014,Kiran Kumar,P004,1,0.0,Completed
ORD12227,20-12-2026,CUS1012,Neha Joshi,P007,1,0.05,Completed
ORD12526,20-12-2026,CUS1011,Kiran Kumar,P009,3,0.15,Completed
ORD12916,20-12-2026,CUS1003,Kiran Kumar,P007,6,0.05,Completed
ORD13483,20-12-2026,CUS1016,Amit Sharma,P009,1,0.1,Completed
ORD13898,20-12-2026,CUS1012,Kiran Kumar,P002,2,0.2,Completed
ORD14256,20-12-2026,CUS1020,Vikram Singh,P001,3,0.15,Completed
ORD14335,20-12-2026,CUS1010,Kiran Kumar,P002,1,0.0,Completed
ORD14580,20-12-2026,CUS1017,Vikram Singh,P009,5,0.0,Completed
ORD14997,20-12-2026,CUS1005,Rahul Verma,P002,1,0.1,Cancelled
ORD10035,21-12-2026,CUS1002,Anjali Mehta,P009,1,0.05,Completed
ORD10094,21-12-2026,CUS1002,Amit Sharma,P007,1,0.1,Cancelled
ORD10426,21-12-2026,CUS1020,Sneha Rao,P007,5,0.1,Completed
ORD11170,21-12-2026,CUS1004,Vikram Singh,P002,2,0.05,Completed
ORD11420,21-12-2026,CUS1012,Sneha Rao,P001,4,0.0,Completed
ORD11556,21-12-2026,CUS1019,Amit Sharma,P007,4,0.1,Completed
ORD11685,21-12-2026,CUS1014,Neha Joshi,P009,6,0.1,Completed
ORD11776,21-12-2026,CUS1004,Vikram Singh,P009,3,0.0,Completed
ORD12314,21-12-2026,CUS1013,Kiran Kumar,P009,1,0.1,Completed
ORD12327,21-12-2026,CUS1002,Vikram Singh,P003,3,0.15,Completed
ORD12351,21-12-2026,CUS1005,Priya Nair,P007,2,0.05,Completed
ORD13404,21-12-2026,CUS1011,Amit Sharma,P001,2,0.2,Completed
ORD13416,21-12-2026,CUS1001,Kiran Kumar,P009,2,0.15,Completed
ORD13617,21-12-2026,CUS1013,Sneha Rao,P010,1,0.05,Completed
ORD14114,21-12-2026,CUS1014,Neha Joshi,P004,2,0.1,Cancelled
ORD14468,21-12-2026,CUS1020,Sneha Rao,P001,3,0.1,Completed
ORD14493,21-12-2026,CUS1009,Sneha Rao,P007,3,0.15,Completed
ORD14536,21-12-2026,CUS1020,Kiran Kumar,P009,1,0.1,Completed
ORD14755,21-12-2026,CUS1007,Anjali Mehta,P006,6,0.05,Completed
ORD14812,21-12-2026,CUS1011,Kiran Kumar,P004,8,0.1,Completed
ORD10107,22-12-2026,CUS1019,Rahul Verma,P003,2,0.0,Completed
ORD10183,22-12-2026,CUS1008,Amit Sharma,P009,3,0.0,Completed
ORD10392,22-12-2026,CUS1018,Kiran Kumar,P001,1,0.0,Completed
ORD10393,22-12-2026,CUS1019,Amit Sharma,P004,4,0.05,Completed
ORD10469,22-12-2026,CUS1020,Priya Nair,P002,4,0.1,Completed
ORD10574,22-12-2026,CUS1014,Priya Nair,P002,4,0.2,Completed
ORD11994,22-12-2026,CUS1017,Kiran Kumar,P008,1,0.0,Completed
ORD12157,22-12-2026,CUS1016,Rahul Verma,P004,4,0.15,Completed
ORD12305,22-12-2026,CUS1020,Kiran Kumar,P007,1,0.0,Cancelled
ORD12321,22-12-2026,CUS1020,Anjali Mehta,P007,1,0.05,Completed
ORD13252,22-12-2026,CUS1020,Vikram Singh,P007,7,0.0,Completed
ORD13296,22-12-2026,CUS1018,Vikram Singh,P003,7,0.1,Completed
ORD13336,22-12-2026,CUS1019,Sneha Rao,P009,5,0.2,Completed
ORD13847,22-12-2026,CUS1018,Kiran Kumar,P008,6,0.0,Completed
ORD13933,22-12-2026,CUS1016,Anjali Mehta,P009,1,0.0,Completed
ORD14075,22-12-2026,CUS1001,Priya Nair,P009,1,0.15,Cancelled
ORD14097,22-12-2026,CUS1004,Vikram Singh,P005,2,0.05,Completed
ORD14175,22-12-2026,CUS1011,Neha Joshi,P007,2,0.0,Completed
ORD14337,22-12-2026,CUS1012,Anjali Mehta,P003,1,0.1,Cancelled
ORD14449,22-12-2026,CUS1004,Amit Sharma,P007,1,0.05,Cancelled
ORD14483,22-12-2026,CUS1016,Vikram Singh,P007,2,0.05,Completed
ORD10195,23-12-2026,CUS1011,Amit Sharma,P007,2,0.15,Completed
ORD10491,23-12-2026,CUS1020,Priya Nair,P005,1,0.1,Completed
ORD10492,23-12-2026,CUS1013,Anjali Mehta,P004,3,0.1,Completed
ORD10601,23-12-2026,CUS1005,Kiran Kumar,P004,3,0.05,Cancelled
ORD11798,23-12-2026,CUS1006,Vikram Singh,P010,2,0.05,Completed
ORD12080,23-12-2026,CUS1016,Kiran Kumar,P009,4,0.1,Completed
ORD12241,23-12-2026,CUS1007,Kiran Kumar,P002,4,0.1,Cancelled
ORD12322,23-12-2026,CUS1016,Sneha Rao,P006,2,0.15,Completed
ORD12559,23-12-2026,CUS1004,Vikram Singh,P008,4,0.1,Completed
ORD12640,23-12-2026,CUS1014,Sneha Rao,P009,1,0.1,Cancelled
ORD12671,23-12-2026,CUS1005,Neha Joshi,P010,3,0.0,Completed
ORD12710,23-12-2026,CUS1016,Anjali Mehta,P007,3,0.1,Completed
ORD12955,23-12-2026,CUS1019,Amit Sharma,P001,9,0.05,Completed
ORD13033,23-12-2026,CUS1011,Neha Joshi,P003,2,0.05,Completed
ORD13069,23-12-2026,CUS1012,Priya Nair,P007,4,0.1,Completed
ORD13149,23-12-2026,CUS1005,Vikram Singh,P001,2,0.1,Completed
ORD13722,23-12-2026,CUS1013,Amit Sharma,P008,5,0.15,Completed
ORD14177,23-12-2026,CUS1005,Amit Sharma,P002,2,0.0,Completed
ORD14623,23-12-2026,CUS1005,Anjali Mehta,P003,1,0.05,Completed
ORD14897,23-12-2026,CUS1019,Rahul Verma,P003,2,0.05,Completed
ORD10165,24-12-2026,CUS1009,Rahul Verma,P002,3,0.05,Completed
ORD10390,24-12-2026,CUS1005,Neha Joshi,P006,1,0.2,Completed
ORD10454,24-12-2026,CUS1011,Neha Joshi,P009,5,0.1,Completed
ORD10537,24-12-2026,CUS1011,Anjali Mehta,P009,4,0.05,Completed
ORD10884,24-12-2026,CUS1017,Vikram Singh,P002,6,0.05,Completed
ORD10909,24-12-2026,CUS1013,Anjali Mehta,P004,2,0.0,Completed
ORD11312,24-12-2026,CUS1001,Anjali Mehta,P005,1,0.05,Completed
ORD12005,24-12-2026,CUS1014,Priya Nair,P009,6,0.05,Completed
ORD12012,24-12-2026,CUS1018,Kiran Kumar,P007,3,0.0,Completed
ORD12176,24-12-2026,CUS1002,Anjali Mehta,P009,8,0.1,Completed
ORD12598,24-12-2026,CUS1020,Anjali Mehta,P004,1,0.2,Cancelled
ORD12798,24-12-2026,CUS1014,Amit Sharma,P008,2,0.05,Completed
ORD13651,24-12-2026,CUS1012,Vikram Singh,P008,5,0.15,Completed
ORD13747,24-12-2026,CUS1013,Anjali Mehta,P009,1,0.15,Completed
ORD13776,24-12-2026,CUS1015,Anjali Mehta,P009,2,0.05,Completed
ORD14094,24-12-2026,CUS1012,Sneha Rao,P001,3,0.05,Completed
ORD14095,24-12-2026,CUS1016,Priya Nair,P009,5,0.05,Completed
ORD10429,25-12-2026,CUS1010,Rahul Verma,P001,2,0.0,Completed
ORD10776,25-12-2026,CUS1009,Rahul Verma,P007,1,0.0,Completed
ORD10842,25-12-2026,CUS1018,Priya Nair,P008,2,0.05,Completed
ORD11032,25-12-2026,CUS1020,Amit Sharma,P003,3,0.05,Completed
ORD11471,25-12-2026,CUS1002,Vikram Singh,P007,1,0.0,Completed
ORD11788,25-12-2026,CUS1019,Sneha Rao,P001,6,0.1,Completed
ORD11883,25-12-2026,CUS1001,Vikram Singh,P001,4,0.0,Completed
ORD12043,25-12-2026,CUS1009,Amit Sharma,P005,1,0.05,Completed
ORD12401,25-12-2026,CUS1013,Anjali Mehta,P007,2,0.0,Completed
ORD12436,25-12-2026,CUS1019,Priya Nair,P003,3,0.1,Completed
ORD12740,25-12-2026,CUS1002,Sneha Rao,P009,2,0.05,Completed
ORD12837,25-12-2026,CUS1012,Anjali Mehta,P002,4,0.05,Completed
ORD13313,25-12-2026,CUS1013,Sneha Rao,P007,10,0.0,Completed
ORD13414,25-12-2026,CUS1001,Vikram Singh,P010,2,0.0,Completed
ORD13422,25-12-2026,CUS1018,Kiran Kumar,P008,1,0.05,Completed
ORD13723,25-12-2026,CUS1002,Sneha Rao,P007,3,0.0,Completed
ORD14011,25-12-2026,CUS1020,Amit Sharma,P002,3,0.15,Cancelled
ORD14052,25-12-2026,CUS1019,Kiran Kumar,P002,3,0.0,Completed
ORD14786,25-12-2026,CUS1009,Anjali Mehta,P004,2,0.1,Completed
ORD14933,25-12-2026,CUS1013,Vikram Singh,P008,7,0.15,Completed
ORD14942,25-12-2026,CUS1010,Anjali Mehta,P007,1,0.0,Completed
ORD10242,26-12-2026,CUS1005,Amit Sharma,P008,2,0.15,Completed
ORD10408,26-12-2026,CUS1002,Priya Nair,P006,1,0.1,Completed
ORD10482,26-12-2026,CUS1012,Vikram Singh,P002,1,0.05,Completed
ORD11306,26-12-2026,CUS1008,Kiran Kumar,P010,2,0.0,Completed
ORD12060,26-12-2026,CUS1001,Anjali Mehta,P002,1,0.05,Completed
ORD12238,26-12-2026,CUS1012,Neha Joshi,P002,2,0.0,Completed
ORD12261,26-12-2026,CUS1016,Priya Nair,P006,4,0.05,Completed
ORD12387,26-12-2026,CUS1012,Kiran Kumar,P007,1,0.0,Completed
ORD12596,26-12-2026,CUS1002,Kiran Kumar,P002,5,0.15,Cancelled
ORD12666,26-12-2026,CUS1016,Vikram Singh,P006,1,0.0,Completed
ORD12683,26-12-2026,CUS1020,Kiran Kumar,P005,1,0.05,Completed
ORD12876,26-12-2026,CUS1012,Rahul Verma,P009,5,0.15,Completed
ORD13148,26-12-2026,CUS1012,Vikram Singh,P004,8,0.1,Completed
ORD13466,26-12-2026,CUS1019,Vikram Singh,P009,1,0.05,Completed
ORD13531,26-12-2026,CUS1018,Amit Sharma,P004,2,0.05,Completed
ORD14339,26-12-2026,CUS1020,Kiran Kumar,P002,4,0.1,Completed
ORD14511,26-12-2026,CUS1013,Anjali Mehta,P001,2,0.05,Completed
ORD14603,26-12-2026,CUS1009,Priya Nair,P008,2,0.0,Returned
ORD14892,26-12-2026,CUS1004,Vikram Singh,P005,7,0.0,Returned
ORD11020,27-12-2026,CUS1014,Sneha Rao,P009,3,0.15,Completed
ORD11554,27-12-2026,CUS1009,Kiran Kumar,P001,5,0.0,Completed
ORD11950,27-12-2026,CUS1007,Amit Sharma,P006,1,0.15,Completed
ORD12156,27-12-2026,CUS1002,Anjali Mehta,P002,1,0.0,Completed
ORD12210,27-12-2026,CUS1005,Priya Nair,P001,7,0.1,Completed
ORD12372,27-12-2026,CUS1016,Amit Sharma,P005,4,0.15,Completed
ORD13450,27-12-2026,CUS1012,Amit Sharma,P009,2,0.2,Completed
ORD13706,27-12-2026,CUS1019,Neha Joshi,P009,4,0.1,Completed
ORD14271,27-12-2026,CUS1006,Amit Sharma,P001,5,0.0,Completed
ORD14363,27-12-2026,CUS1011,Kiran Kumar,P008,5,0.0,Completed
ORD14372,27-12-2026,CUS1005,Vikram Singh,P004,4,0.0,Completed
ORD14547,27-12-2026,CUS1011,Amit Sharma,P008,2,0.05,Completed
ORD14644,27-12-2026,CUS1018,Amit Sharma,P004,3,0.0,Completed
ORD14760,27-12-2026,CUS1016,Amit Sharma,P001,5,0.05,Completed
ORD14765,27-12-2026,CUS1011,Kiran Kumar,P007,8,0.0,Completed
ORD14845,27-12-2026,CUS1002,Vikram Singh,P009,1,0.05,Completed
ORD14908,27-12-2026,CUS1019,Anjali Mehta,P004,7,0.05,Completed
ORD10060,28-12-2026,CUS1012,Amit Sharma,P007,1,0.1,Completed
ORD10766,28-12-2026,CUS1010,Priya Nair,P009,1,0.0,Completed
ORD10869,28-12-2026,CUS1010,Vikram Singh,P001,1,0.2,Completed
ORD11871,28-12-2026,CUS1009,Neha Joshi,P002,3,0.05,Completed
ORD12824,28-12-2026,CUS1004,Anjali Mehta,P010,1,0.0,Completed
ORD13339,28-12-2026,CUS1008,Rahul Verma,P001,1,0.0,Completed
ORD13370,28-12-2026,CUS1014,Sneha Rao,P002,3,0.05,Completed
ORD13384,28-12-2026,CUS1020,Rahul Verma,P008,1,0.15,Completed
ORD14764,28-12-2026,CUS1018,Priya Nair,P007,4,0.0,Completed
ORD10150,29-12-2026,CUS1004,Kiran Kumar,P010,1,0.05,Completed
ORD10592,29-12-2026,CUS1019,Vikram Singh,P007,3,0.0,Completed
ORD10901,29-12-2026,CUS1018,Anjali Mehta,P009,3,0.05,Completed
ORD12408,29-12-2026,CUS1019,Neha Joshi,P002,4,0.0,Cancelled
ORD12551,29-12-2026,CUS1020,Kiran Kumar,P010,5,0.0,Completed
ORD12925,29-12-2026,CUS1013,Anjali Mehta,P008,6,0.05,Completed
ORD12968,29-12-2026,CUS1005,Amit Sharma,P007,10,0.0,Completed
ORD13633,29-12-2026,CUS1011,Vikram Singh,P004,2,0.05,Completed
ORD13646,29-12-2026,CUS1005,Amit Sharma,P010,1,0.0,Completed
ORD14079,29-12-2026,CUS1002,Amit Sharma,P001,2,0.1,Completed
ORD14793,29-12-2026,CUS1002,Neha Joshi,P004,6,0.05,Completed
ORD10105,30-12-2026,CUS1005,Vikram Singh,P007,1,0.15,Cancelled
ORD10580,30-12-2026,CUS1001,Anjali Mehta,P008,1,0.1,Returned
ORD10731,30-12-2026,CUS1012,Anjali Mehta,P007,2,0.05,Completed
ORD11263,30-12-2026,CUS1017,Kiran Kumar,P003,1,0.0,Completed
ORD11300,30-12-2026,CUS1012,Neha Joshi,P010,3,0.1,Completed
ORD11432,30-12-2026,CUS1010,Anjali Mehta,P002,1,0.2,Returned
ORD11791,30-12-2026,CUS1012,Vikram Singh,P009,1,0.0,Cancelled
ORD11902,30-12-2026,CUS1007,Vikram Singh,P001,3,0.2,Completed
ORD11916,30-12-2026,CUS1012,Priya Nair,P008,1,0.0,Completed
ORD11972,30-12-2026,CUS1004,Anjali Mehta,P007,3,0.05,Completed
ORD12102,30-12-2026,CUS1001,Amit Sharma,P008,2,0.1,Completed
ORD12319,30-12-2026,CUS1010,Vikram Singh,P001,2,0.2,Cancelled
ORD12405,30-12-2026,CUS1007,Amit Sharma,P007,5,0.05,Completed
ORD12899,30-12-2026,CUS1016,Priya Nair,P002,6,0.0,Completed
ORD12957,30-12-2026,CUS1013,Anjali Mehta,P009,2,0.15,Completed
ORD13005,30-12-2026,CUS1001,Vikram Singh,P001,3,0.05,Completed
ORD13034,30-12-2026,CUS1010,Kiran Kumar,P007,2,0.05,Cancelled
ORD13344,30-12-2026,CUS1010,Sneha Rao,P007,6,0.0,Completed
ORD13793,30-12-2026,CUS1019,Vikram Singh,P001,1,0.0,Completed
ORD14566,30-12-2026,CUS1012,Priya Nair,P009,1,0.0,Completed
ORD14570,30-12-2026,CUS1014,Amit Sharma,P009,2,0.0,Completed
ORD14950,30-12-2026,CUS1018,Anjali Mehta,P010,2,0.1,Completed
ORD10273,31-12-2026,CUS1019,Vikram Singh,P004,10,0.0,Completed
ORD10781,31-12-2026,CUS1007,Vikram Singh,P004,4,0.15,Completed
ORD10789,31-12-2026,CUS1020,Sneha Rao,P009,2,0.2,Completed
ORD10846,31-12-2026,CUS1019,Priya Nair,P005,3,0.1,Completed
ORD10905,31-12-2026,CUS1020,Amit Sharma,P010,4,0.1,Completed
ORD11038,31-12-2026,CUS1010,Anjali Mehta,P007,4,0.15,Completed
ORD11325,31-12-2026,CUS1019,Sneha Rao,P004,2,0.0,Completed
ORD11734,31-12-2026,CUS1018,Priya Nair,P002,3,0.0,Completed
ORD11859,31-12-2026,CUS1018,Kiran Kumar,P004,6,0.05,Completed
ORD11936,31-12-2026,CUS1020,Vikram Singh,P002,2,0.05,Completed
ORD12615,31-12-2026,CUS1007,Sneha Rao,P002,3,0.05,Completed
ORD12787,31-12-2026,CUS1011,Priya Nair,P001,2,0.0,Completed
ORD13255,31-12-2026,CUS1013,Sneha Rao,P004,7,0.05,Completed
ORD13324,31-12-2026,CUS1020,Vikram Singh,P007,2,0.0,Completed
ORD13980,31-12-2026,CUS1008,Kiran Kumar,P007,10,0.0,Completed
ORD14588,31-12-2026,CUS1011,Sneha Rao,P007,10,0.1,Completed
